left_index,right_index,left_channel,right_channel,edge,raw_pearson,abs_raw_pearson,diff_pearson,abs_diff_pearson,spearman,abs_spearman,in_diff_top8_union,in_spearman_top8_union,left_update_fraction,right_update_fraction,min_update_fraction,raw_only_suspect
61,62,channel_62,channel_63,channel_62 ↔ channel_63,0.9999802112579346,0.9999802112579346,0.9999144077301025,0.9999144077301025,0.9999165534973145,0.9999165534973145,True,True,0.03327823539955677,0.03327823539955677,0.03327823539955677,False
63,64,channel_64,channel_65,channel_64 ↔ channel_65,0.9999028444290161,0.9999028444290161,0.9993064999580383,0.9993064999580383,0.0320972315967083,0.0320972315967083,True,True,0.20059229430104725,0.20059229430104725,0.20059229430104725,False
7,8,channel_8,channel_9,channel_8 ↔ channel_9,0.99966961145401,0.99966961145401,0.997955322265625,0.997955322265625,1.0,1.0,True,True,0.19985035632034068,0.19985035632034068,0.19985035632034068,False
63,67,channel_64,channel_68,channel_64 ↔ channel_68,0.9995550513267517,0.9995550513267517,0.9971503019332886,0.9971503019332886,0.0051878648810088634,0.0051878648810088634,True,True,0.20059229430104725,0.20059229430104725,0.20059229430104725,False
64,67,channel_65,channel_68,channel_65 ↔ channel_68,0.9995158910751343,0.9995158910751343,0.9968572854995728,0.9968572854995728,-0.0003924944903701544,0.0003924944903701544,True,False,0.20059229430104725,0.20059229430104725,0.20059229430104725,False
4,6,channel_5,channel_7,channel_5 ↔ channel_7,0.9991983771324158,0.9991983771324158,0.9981064796447754,0.9981064796447754,0.8660272359848022,0.8660272359848022,True,True,0.19985035632034068,0.19985035632034068,0.19985035632034068,False
63,68,channel_64,channel_69,channel_64 ↔ channel_69,0.998828649520874,0.998828649520874,0.9942843914031982,0.9942843914031982,-0.0038852388970553875,0.0038852388970553875,True,False,0.20059229430104725,0.20059229430104725,0.20059229430104725,False
64,68,channel_65,channel_69,channel_65 ↔ channel_69,0.998791515827179,0.998791515827179,0.9939890503883362,0.9939890503883362,-0.004540957044810057,0.004540957044810057,True,True,0.20059229430104725,0.20059229430104725,0.20059229430104725,False
63,66,channel_64,channel_67,channel_64 ↔ channel_67,0.9985811114311218,0.9985811114311218,0.9933604001998901,0.9933604001998901,0.0006357977399602532,0.0006357977399602532,True,False,0.20059229430104725,0.20059229430104725,0.20059229430104725,False
64,66,channel_65,channel_67,channel_65 ↔ channel_67,0.9985404014587402,0.9985404014587402,0.9930667877197266,0.9930667877197266,-0.000623555388301611,0.000623555388301611,True,False,0.20059229430104725,0.20059229430104725,0.20059229430104725,False
67,68,channel_68,channel_69,channel_68 ↔ channel_69,0.9984673857688904,0.9984673857688904,0.9918764233589172,0.9918764233589172,-0.023881513625383377,0.023881513625383377,True,False,0.20059229430104725,0.20059229430104725,0.20059229430104725,False
66,67,channel_67,channel_68,channel_67 ↔ channel_68,0.9984036087989807,0.9984036087989807,0.9913849830627441,0.9913849830627441,0.10948244482278824,0.10948244482278824,True,True,0.20059229430104725,0.20059229430104725,0.20059229430104725,False
32,39,channel_33,channel_40,channel_33 ↔ channel_40,0.9982696175575256,0.9982696175575256,0.0045669241808354855,0.0045669241808354855,0.9977162480354309,0.9977162480354309,True,True,0.3349949281384435,0.3349949281384435,0.3349949281384435,False
15,31,channel_16,channel_32,channel_16 ↔ channel_32,0.9981122612953186,0.9981122612953186,-0.0008321187342517078,0.0008321187342517078,0.9978384971618652,0.9978384971618652,False,True,0.3349949281384435,0.3349949281384435,0.3349949281384435,True
23,31,channel_24,channel_32,channel_24 ↔ channel_32,0.9980592727661133,0.9980592727661133,-0.000490018748678267,0.000490018748678267,0.9978441596031189,0.9978441596031189,False,True,0.3349949281384435,0.3349949281384435,0.3349949281384435,True
21,30,channel_22,channel_31,channel_22 ↔ channel_31,0.9980138540267944,0.9980138540267944,-0.003465072251856327,0.003465072251856327,0.9967911839485168,0.9967911839485168,False,True,0.3349949281384435,0.3349949281384435,0.3349949281384435,True
15,23,channel_16,channel_24,channel_16 ↔ channel_24,0.9979894161224365,0.9979894161224365,-0.0001216092350659892,0.0001216092350659892,0.9977730512619019,0.9977730512619019,False,True,0.3349949281384435,0.3349949281384435,0.3349949281384435,True
31,39,channel_32,channel_40,channel_32 ↔ channel_40,0.9979593753814697,0.9979593753814697,0.00033161084866151214,0.00033161084866151214,0.997511625289917,0.997511625289917,False,True,0.3349949281384435,0.3349949281384435,0.3349949281384435,True
15,39,channel_16,channel_40,channel_16 ↔ channel_40,0.9979410767555237,0.9979410767555237,-0.0013078214833512902,0.0013078214833512902,0.9974764585494995,0.9974764585494995,False,True,0.3349949281384435,0.3349949281384435,0.3349949281384435,True
15,32,channel_16,channel_33,channel_16 ↔ channel_33,0.9979392886161804,0.9979392886161804,0.002050691982731223,0.002050691982731223,0.9975574016571045,0.9975574016571045,False,True,0.3349949281384435,0.3349949281384435,0.3349949281384435,True
31,32,channel_32,channel_33,channel_32 ↔ channel_33,0.9978753924369812,0.9978753924369812,-0.045134253799915314,0.045134253799915314,0.997516930103302,0.997516930103302,True,True,0.3349949281384435,0.3349949281384435,0.3349949281384435,False
23,39,channel_24,channel_40,channel_24 ↔ channel_40,0.997861385345459,0.997861385345459,-0.0025754186790436506,0.0025754186790436506,0.9974526762962341,0.9974526762962341,False,True,0.3349949281384435,0.3349949281384435,0.3349949281384435,True
23,32,channel_24,channel_33,channel_24 ↔ channel_33,0.9978562593460083,0.9978562593460083,0.000894167460501194,0.000894167460501194,0.9975343346595764,0.9975343346595764,False,True,0.3349949281384435,0.3349949281384435,0.3349949281384435,True
14,22,channel_15,channel_23,channel_15 ↔ channel_23,0.9976768493652344,0.9976768493652344,0.0018098674481734633,0.0018098674481734633,0.9970179796218872,0.9970179796218872,False,True,0.3349949281384435,0.3349949281384435,0.3349949281384435,True
29,37,channel_30,channel_38,channel_30 ↔ channel_38,0.9976101517677307,0.9976101517677307,-0.003969394136220217,0.003969394136220217,0.9972109198570251,0.9972109198570251,True,True,0.3349949281384435,0.3349949281384435,0.3349949281384435,False
30,38,channel_31,channel_39,channel_31 ↔ channel_39,0.9975475668907166,0.9975475668907166,-0.004224933683872223,0.004224933683872223,0.9952703714370728,0.9952703714370728,True,True,0.3349949281384435,0.3349949281384435,0.3349949281384435,False
1,2,channel_2,channel_3,channel_2 ↔ channel_3,0.9975392818450928,0.9975392818450928,0.9946771860122681,0.9946771860122681,0.39219096302986145,0.39219096302986145,True,True,0.35056832686959544,0.35056832686959544,0.35056832686959544,False
21,38,channel_22,channel_39,channel_22 ↔ channel_39,0.9975332617759705,0.9975332617759705,-0.0015253049787133932,0.0015253049787133932,0.9952727556228638,0.9952727556228638,False,True,0.3349949281384435,0.3349949281384435,0.3349949281384435,True
66,68,channel_67,channel_69,channel_67 ↔ channel_69,0.997256875038147,0.997256875038147,0.9880161285400391,0.9880161285400391,-0.07720275968313217,0.07720275968313217,True,False,0.20059229430104725,0.20059229430104725,0.20059229430104725,False
13,20,channel_14,channel_21,channel_14 ↔ channel_21,0.997072160243988,0.997072160243988,-0.00299782189540565,0.00299782189540565,0.9966821074485779,0.9966821074485779,True,True,0.3349949281384435,0.3349949281384435,0.3349949281384435,False
5,6,channel_6,channel_7,channel_6 ↔ channel_7,0.9964533448219299,0.9964533448219299,0.9911620616912842,0.9911620616912842,0.8165016770362854,0.8165016770362854,True,True,0.19985035632034068,0.19985035632034068,0.19985035632034068,False
19,26,channel_20,channel_27,channel_20 ↔ channel_27,0.9959595203399658,0.9959595203399658,-0.0008495618822053075,0.0008495618822053075,0.9955982565879822,0.9955982565879822,False,True,0.3349949281384435,0.3349949281384435,0.3349949281384435,True
0,1,channel_1,channel_2,channel_1 ↔ channel_2,0.9959565997123718,0.9959565997123718,0.9914010167121887,0.9914010167121887,0.8545167446136475,0.8545167446136475,True,True,0.35056832686959544,0.35056832686959544,0.35056832686959544,False
4,5,channel_5,channel_6,channel_5 ↔ channel_6,0.9958080649375916,0.9958080649375916,0.9909106492996216,0.9909106492996216,0.9428119659423828,0.9428119659423828,True,True,0.19985035632034068,0.19985035632034068,0.19985035632034068,False
0,2,channel_1,channel_3,channel_1 ↔ channel_3,0.9950841069221497,0.9950841069221497,0.9926048517227173,0.9926048517227173,0.3705059289932251,0.3705059289932251,True,True,0.35056832686959544,0.35056832686959544,0.35056832686959544,False
48,51,channel_49,channel_52,channel_49 ↔ channel_52,0.9948444962501526,0.9948444962501526,0.0033055669628083706,0.0033055669628083706,0.9891325235366821,0.9891325235366821,True,True,0.9985112015491244,0.3339700318841524,0.3339700318841524,False
57,59,channel_58,channel_60,channel_58 ↔ channel_60,0.9946158528327942,0.9946158528327942,-0.0007185930735431612,0.0007185930735431612,0.9943552017211914,0.9943552017211914,False,True,0.9985181609307783,0.9985181609307783,0.9985181609307783,True
3,5,channel_4,channel_6,channel_4 ↔ channel_6,0.9934634566307068,0.9934634566307068,0.985619843006134,0.985619843006134,0.8165016770362854,0.8165016770362854,True,True,0.19985035632034068,0.19985035632034068,0.19985035632034068,False
47,50,channel_48,channel_51,channel_48 ↔ channel_51,0.9932097792625427,0.9932097792625427,0.0024655021261423826,0.0024655021261423826,0.9883096218109131,0.9883096218109131,True,True,0.9985112015491244,0.3339700318841524,0.3339700318841524,False
3,6,channel_4,channel_7,channel_4 ↔ channel_7,0.992946982383728,0.992946982383728,0.9874371886253357,0.9874371886253357,1.0,1.0,True,True,0.19985035632034068,0.19985035632034068,0.19985035632034068,False
12,19,channel_13,channel_20,channel_13 ↔ channel_20,0.9926196336746216,0.9926196336746216,-4.026290844194591e-05,4.026290844194591e-05,0.9904178977012634,0.9904178977012634,False,True,0.3349949281384435,0.3349949281384435,0.3349949281384435,True
16,19,channel_17,channel_20,channel_17 ↔ channel_20,0.9925275444984436,0.9925275444984436,0.01914903149008751,0.01914903149008751,0.9922008514404297,0.9922008514404297,True,True,0.3349949281384435,0.3349949281384435,0.3349949281384435,False
46,49,channel_47,channel_50,channel_47 ↔ channel_50,0.992423415184021,0.992423415184021,0.0029720189049839973,0.0029720189049839973,0.9866718053817749,0.9866718053817749,True,True,0.9985112015491244,0.3339700318841524,0.3339700318841524,False
11,33,channel_12,channel_34,channel_12 ↔ channel_34,0.9923186302185059,0.9923186302185059,-0.0011578276753425598,0.0011578276753425598,0.9887312054634094,0.9887312054634094,False,True,0.3349949281384435,0.3349949281384435,0.3349949281384435,True
3,4,channel_4,channel_5,channel_4 ↔ channel_5,0.9919518828392029,0.9919518828392029,0.9857268333435059,0.9857268333435059,0.8660272359848022,0.8660272359848022,True,True,0.19985035632034068,0.19985035632034068,0.19985035632034068,False
12,26,channel_13,channel_27,channel_13 ↔ channel_27,0.991489827632904,0.991489827632904,-0.0020858775824308395,0.0020858775824308395,0.9891899228096008,0.9891899228096008,False,True,0.3349949281384435,0.3349949281384435,0.3349949281384435,True
16,26,channel_17,channel_27,channel_17 ↔ channel_27,0.9911882877349854,0.9911882877349854,0.0022851149551570415,0.0022851149551570415,0.991072416305542,0.991072416305542,False,True,0.3349949281384435,0.3349949281384435,0.3349949281384435,True
17,24,channel_18,channel_25,channel_18 ↔ channel_25,0.9904912114143372,0.9904912114143372,5.997629705234431e-05,5.997629705234431e-05,0.9897076487541199,0.9897076487541199,False,True,0.3349949281384435,0.3349949281384435,0.3349949281384435,True
12,33,channel_13,channel_34,channel_13 ↔ channel_34,0.990390956401825,0.990390956401825,0.0022109036799520254,0.0022109036799520254,0.9850425720214844,0.9850425720214844,True,True,0.3349949281384435,0.3349949281384435,0.3349949281384435,False
25,33,channel_26,channel_34,channel_26 ↔ channel_34,0.9903783798217773,0.9903783798217773,0.0009719048975966871,0.0009719048975966871,0.9885695576667786,0.9885695576667786,False,True,0.3349949281384435,0.3349949281384435,0.3349949281384435,True
49,50,channel_50,channel_51,channel_50 ↔ channel_51,0.9896519780158997,0.9896519780158997,0.005191381089389324,0.005191381089389324,0.9850831031799316,0.9850831031799316,True,True,0.3339700318841524,0.3339700318841524,0.3339700318841524,False
46,47,channel_47,channel_48,channel_47 ↔ channel_48,0.9896360039710999,0.9896360039710999,0.003619961440563202,0.003619961440563202,0.9849388599395752,0.9849388599395752,True,True,0.9985112015491244,0.9985112015491244,0.9985112015491244,False
47,49,channel_48,channel_50,channel_48 ↔ channel_50,0.9896130561828613,0.9896130561828613,0.0004103515238966793,0.0004103515238966793,0.9851664304733276,0.9851664304733276,False,True,0.9985112015491244,0.3339700318841524,0.3339700318841524,True
46,50,channel_47,channel_51,channel_47 ↔ channel_51,0.9895888566970825,0.9895888566970825,-0.0002368171262787655,0.0002368171262787655,0.9848976731300354,0.9848976731300354,False,True,0.9985112015491244,0.3339700318841524,0.3339700318841524,True
24,26,channel_25,channel_27,channel_25 ↔ channel_27,0.9894753694534302,0.9894753694534302,-0.0006963865016587079,0.0006963865016587079,0.9897933602333069,0.9897933602333069,False,True,0.3349949281384435,0.3349949281384435,0.3349949281384435,True
11,36,channel_12,channel_37,channel_12 ↔ channel_37,0.9893166422843933,0.9893166422843933,0.00011348092812113464,0.00011348092812113464,0.9884134531021118,0.9884134531021118,False,True,0.3349949281384435,0.3349949281384435,0.3349949281384435,True
12,16,channel_13,channel_17,channel_13 ↔ channel_17,0.9890385866165161,0.9890385866165161,0.0022280202247202396,0.0022280202247202396,0.9868327975273132,0.9868327975273132,True,True,0.3349949281384435,0.3349949281384435,0.3349949281384435,False
11,12,channel_12,channel_13,channel_12 ↔ channel_13,0.9889730215072632,0.9889730215072632,-0.04949463531374931,0.04949463531374931,0.9826846122741699,0.9826846122741699,True,True,0.3349949281384435,0.3349949281384435,0.3349949281384435,False
16,24,channel_17,channel_25,channel_17 ↔ channel_25,0.9885135293006897,0.9885135293006897,0.0014303905190899968,0.0014303905190899968,0.9873178005218506,0.9873178005218506,False,True,0.3349949281384435,0.3349949281384435,0.3349949281384435,True
19,24,channel_20,channel_25,channel_20 ↔ channel_25,0.988311231136322,0.988311231136322,0.0006716485950164497,0.0006716485950164497,0.9880422949790955,0.9880422949790955,False,True,0.3349949281384435,0.3349949281384435,0.3349949281384435,True
56,58,channel_57,channel_59,channel_57 ↔ channel_59,0.9881057143211365,0.9881057143211365,0.0003007766208611429,0.0003007766208611429,0.9951567649841309,0.9951567649841309,False,True,0.9985181609307783,0.9985181609307783,0.9985181609307783,True
17,26,channel_18,channel_27,channel_18 ↔ channel_27,0.9877647161483765,0.9877647161483765,0.0011063632555305958,0.0011063632555305958,0.9880227446556091,0.9880227446556091,False,True,0.3349949281384435,0.3349949281384435,0.3349949281384435,True
56,57,channel_57,channel_58,channel_57 ↔ channel_58,0.9871652722358704,0.9871652722358704,0.00036784965777769685,0.00036784965777769685,0.9941519498825073,0.9941519498825073,False,True,0.9985181609307783,0.9985181609307783,0.9985181609307783,True
13,28,channel_14,channel_29,channel_14 ↔ channel_29,0.9867562055587769,0.9867562055587769,-0.0012373218778520823,0.0012373218778520823,0.9836439490318298,0.9836439490318298,False,True,0.3349949281384435,0.3349949281384435,0.3349949281384435,True
17,19,channel_18,channel_20,channel_18 ↔ channel_20,0.9864963889122009,0.9864963889122009,0.00228461273945868,0.00228461273945868,0.986261785030365,0.986261785030365,False,True,0.3349949281384435,0.3349949281384435,0.3349949281384435,True
34,36,channel_35,channel_37,channel_35 ↔ channel_37,0.9858750104904175,0.9858750104904175,-0.00605373689904809,0.00605373689904809,0.986426830291748,0.986426830291748,True,True,0.3349949281384435,0.3349949281384435,0.3349949281384435,False
56,59,channel_57,channel_60,channel_57 ↔ channel_60,0.9855546951293945,0.9855546951293945,0.005874547176063061,0.005874547176063061,0.9937692284584045,0.9937692284584045,True,True,0.9985181609307783,0.9985181609307783,0.9985181609307783,False
25,35,channel_26,channel_36,channel_26 ↔ channel_36,0.9854289889335632,0.9854289889335632,-0.001871229032985866,0.001871229032985866,0.9861506819725037,0.9861506819725037,False,True,0.3349949281384435,0.3349949281384435,0.3349949281384435,True
19,33,channel_20,channel_34,channel_20 ↔ channel_34,0.9850243926048279,0.9850243926048279,-5.061576666776091e-05,5.061576666776091e-05,0.9792562127113342,0.9792562127113342,False,True,0.3349949281384435,0.3349949281384435,0.3349949281384435,True
16,17,channel_17,channel_18,channel_17 ↔ channel_18,0.984341025352478,0.984341025352478,-0.0446649007499218,0.0446649007499218,0.9825640320777893,0.9825640320777893,True,True,0.3349949281384435,0.3349949281384435,0.3349949281384435,False
11,25,channel_12,channel_26,channel_12 ↔ channel_26,0.9839006066322327,0.9839006066322327,0.004794871434569359,0.004794871434569359,0.9794685244560242,0.9794685244560242,True,True,0.3349949281384435,0.3349949281384435,0.3349949281384435,False
16,33,channel_17,channel_34,channel_17 ↔ channel_34,0.98388671875,0.98388671875,0.002317926147952676,0.002317926147952676,0.9771267175674438,0.9771267175674438,False,True,0.3349949281384435,0.3349949281384435,0.3349949281384435,True
26,33,channel_27,channel_34,channel_27 ↔ channel_34,0.9828795194625854,0.9828795194625854,0.0002078211837215349,0.0002078211837215349,0.9772289991378784,0.9772289991378784,False,True,0.3349949281384435,0.3349949281384435,0.3349949281384435,True
20,28,channel_21,channel_29,channel_21 ↔ channel_29,0.982446551322937,0.982446551322937,-0.002967058913782239,0.002967058913782239,0.9793714880943298,0.9793714880943298,True,True,0.3349949281384435,0.3349949281384435,0.3349949281384435,False
11,34,channel_12,channel_35,channel_12 ↔ channel_35,0.9800300598144531,0.9800300598144531,0.0023400902282446623,0.0023400902282446623,0.9800008535385132,0.9800008535385132,False,True,0.3349949281384435,0.3349949281384435,0.3349949281384435,True
12,36,channel_13,channel_37,channel_13 ↔ channel_37,0.9784687757492065,0.9784687757492065,0.00035310821840539575,0.00035310821840539575,0.9744556546211243,0.9744556546211243,False,True,0.3349949281384435,0.3349949281384435,0.3349949281384435,True
12,17,channel_13,channel_18,channel_13 ↔ channel_18,0.9782727360725403,0.9782727360725403,0.0008691562106832862,0.0008691562106832862,0.9758569002151489,0.9758569002151489,False,True,0.3349949281384435,0.3349949281384435,0.3349949281384435,True
25,27,channel_26,channel_28,channel_26 ↔ channel_28,0.9776908159255981,0.9776908159255981,0.01319813821464777,0.01319813821464777,0.9772101044654846,0.9772101044654846,True,True,0.3349949281384435,0.3349949281384435,0.3349949281384435,False
11,19,channel_12,channel_20,channel_12 ↔ channel_20,0.9772976040840149,0.9772976040840149,-0.0004003872163593769,0.0004003872163593769,0.9671778082847595,0.9671778082847595,False,True,0.3349949281384435,0.3349949281384435,0.3349949281384435,True
12,25,channel_13,channel_26,channel_13 ↔ channel_26,0.9765331149101257,0.9765331149101257,-0.001773824100382626,0.001773824100382626,0.9688339233398438,0.9688339233398438,False,True,0.3349949281384435,0.3349949281384435,0.3349949281384435,True
12,24,channel_13,channel_25,channel_13 ↔ channel_25,0.97645103931427,0.97645103931427,0.00114127853885293,0.00114127853885293,0.9727963805198669,0.9727963805198669,False,True,0.3349949281384435,0.3349949281384435,0.3349949281384435,True
11,26,channel_12,channel_27,channel_12 ↔ channel_27,0.9750661253929138,0.9750661253929138,-0.001975870691239834,0.001975870691239834,0.9645925164222717,0.9645925164222717,False,True,0.3349949281384435,0.3349949281384435,0.3349949281384435,True
33,36,channel_34,channel_37,channel_34 ↔ channel_37,0.9747275710105896,0.9747275710105896,0.044769931584596634,0.044769931584596634,0.9699918031692505,0.9699918031692505,True,True,0.3349949281384435,0.3349949281384435,0.3349949281384435,False
11,35,channel_12,channel_36,channel_12 ↔ channel_36,0.9738527536392212,0.9738527536392212,1.1095165746155544e-06,1.1095165746155544e-06,0.9713107347488403,0.9713107347488403,False,True,0.3349949281384435,0.3349949281384435,0.3349949281384435,True
33,35,channel_34,channel_36,channel_34 ↔ channel_36,0.9734016060829163,0.9734016060829163,-0.0013248813338577747,0.0013248813338577747,0.9732069373130798,0.9732069373130798,False,True,0.3349949281384435,0.3349949281384435,0.3349949281384435,True
11,16,channel_12,channel_17,channel_12 ↔ channel_17,0.9732204675674438,0.9732204675674438,0.003071157494559884,0.003071157494559884,0.9639158248901367,0.9639158248901367,True,True,0.3349949281384435,0.3349949281384435,0.3349949281384435,False
19,25,channel_20,channel_26,channel_20 ↔ channel_26,0.9715685844421387,0.9715685844421387,-0.0006267168209888041,0.0006267168209888041,0.9645856618881226,0.9645856618881226,False,True,0.3349949281384435,0.3349949281384435,0.3349949281384435,True
27,33,channel_28,channel_34,channel_28 ↔ channel_34,0.9713910818099976,0.9713910818099976,-0.0001106205236283131,0.0001106205236283131,0.9697725176811218,0.9697725176811218,False,True,0.3349949281384435,0.3349949281384435,0.3349949281384435,True
24,33,channel_25,channel_34,channel_25 ↔ channel_34,0.9706745743751526,0.9706745743751526,0.0018621805356815457,0.0018621805356815457,0.9638419151306152,0.9638419151306152,False,True,0.3349949281384435,0.3349949281384435,0.3349949281384435,True
17,33,channel_18,channel_34,channel_18 ↔ channel_34,0.970504105091095,0.970504105091095,0.0026734834536910057,0.0026734834536910057,0.9645922780036926,0.9645922780036926,True,True,0.3349949281384435,0.3349949281384435,0.3349949281384435,False
65,68,channel_66,channel_69,channel_66 ↔ channel_69,0.9698942303657532,0.9698942303657532,0.989523708820343,0.989523708820343,0.111304372549057,0.111304372549057,True,True,0.20059229430104725,0.20059229430104725,0.20059229430104725,False
16,25,channel_17,channel_26,channel_17 ↔ channel_26,0.9698167443275452,0.9698167443275452,0.00047169323079288006,0.00047169323079288006,0.9624955654144287,0.9624955654144287,False,True,0.3349949281384435,0.3349949281384435,0.3349949281384435,True
24,27,channel_25,channel_28,channel_25 ↔ channel_28,0.969417154788971,0.969417154788971,0.04035608842968941,0.04035608842968941,0.9686200618743896,0.9686200618743896,True,True,0.3349949281384435,0.3349949281384435,0.3349949281384435,False
19,27,channel_20,channel_28,channel_20 ↔ channel_28,0.9690904021263123,0.9690904021263123,-0.0004903914523310959,0.0004903914523310959,0.9656093716621399,0.9656093716621399,False,True,0.3349949281384435,0.3349949281384435,0.3349949281384435,True
26,27,channel_27,channel_28,channel_27 ↔ channel_28,0.9681600332260132,0.9681600332260132,-0.04231175035238266,0.04231175035238266,0.9647192358970642,0.9647192358970642,True,True,0.3349949281384435,0.3349949281384435,0.3349949281384435,False
63,65,channel_64,channel_66,channel_64 ↔ channel_66,0.9677804708480835,0.9677804708480835,0.9946841597557068,0.9946841597557068,-0.0037439074367284775,0.0037439074367284775,True,False,0.20059229430104725,0.20059229430104725,0.20059229430104725,False
64,65,channel_65,channel_66,channel_65 ↔ channel_66,0.9677572250366211,0.9677572250366211,0.9943923950195312,0.9943923950195312,-0.0011124943848699331,0.0011124943848699331,True,False,0.20059229430104725,0.20059229430104725,0.20059229430104725,False
25,26,channel_26,channel_27,channel_26 ↔ channel_27,0.967663049697876,0.967663049697876,-0.04748884215950966,0.04748884215950966,0.9609645009040833,0.9609645009040833,True,True,0.3349949281384435,0.3349949281384435,0.3349949281384435,False
22,30,channel_23,channel_31,channel_23 ↔ channel_31,0.9672272205352783,0.9672272205352783,0.0012109874514862895,0.0012109874514862895,0.9700697660446167,0.9700697660446167,False,True,0.3349949281384435,0.3349949281384435,0.3349949281384435,True
21,22,channel_22,channel_23,channel_22 ↔ channel_23,0.9669860005378723,0.9669860005378723,-0.04743644967675209,0.04743644967675209,0.9702248573303223,0.9702248573303223,True,True,0.3349949281384435,0.3349949281384435,0.3349949281384435,False
65,67,channel_66,channel_68,channel_66 ↔ channel_68,0.9669604301452637,0.9669604301452637,0.9923570156097412,0.9923570156097412,-0.08131473511457443,0.08131473511457443,True,True,0.20059229430104725,0.20059229430104725,0.20059229430104725,False
22,38,channel_23,channel_39,channel_23 ↔ channel_39,0.9667739272117615,0.9667739272117615,0.0038265311159193516,0.0038265311159193516,0.9669914841651917,0.9669914841651917,True,True,0.3349949281384435,0.3349949281384435,0.3349949281384435,False
14,30,channel_15,channel_31,channel_15 ↔ channel_31,0.9665927886962891,0.9665927886962891,0.00017852176097221673,0.00017852176097221673,0.9700148701667786,0.9700148701667786,False,True,0.3349949281384435,0.3349949281384435,0.3349949281384435,True
14,21,channel_15,channel_22,channel_15 ↔ channel_22,0.9664297699928284,0.9664297699928284,-0.0007570539019070566,0.0007570539019070566,0.9703144431114197,0.9703144431114197,False,True,0.3349949281384435,0.3349949281384435,0.3349949281384435,True
14,38,channel_15,channel_39,channel_15 ↔ channel_39,0.9661567807197571,0.9661567807197571,-0.0012184132356196642,0.0012184132356196642,0.9668992161750793,0.9668992161750793,False,True,0.3349949281384435,0.3349949281384435,0.3349949281384435,True
18,36,channel_19,channel_37,channel_19 ↔ channel_37,0.9644790887832642,0.9644790887832642,-0.0018332001054659486,0.0018332001054659486,0.9629979133605957,0.9629979133605957,False,True,0.3349949281384435,0.3349949281384435,0.3349949281384435,True
49,51,channel_50,channel_52,channel_50 ↔ channel_52,0.9644246697425842,0.9644246697425842,0.00219786842353642,0.00219786842353642,0.9869363307952881,0.9869363307952881,True,True,0.3339700318841524,0.3339700318841524,0.3339700318841524,False
46,51,channel_47,channel_52,channel_47 ↔ channel_52,0.9643952250480652,0.9643952250480652,-4.0339484257856384e-05,4.0339484257856384e-05,0.9868453741073608,0.9868453741073608,False,True,0.9985112015491244,0.3339700318841524,0.3339700318841524,True
46,48,channel_47,channel_49,channel_47 ↔ channel_49,0.9643890261650085,0.9643890261650085,0.0013278729747980833,0.0013278729747980833,0.9868304133415222,0.9868304133415222,True,True,0.9985112015491244,0.9985112015491244,0.9985112015491244,False
48,49,channel_49,channel_50,channel_49 ↔ channel_50,0.9643735289573669,0.9643735289573669,6.873084930703044e-05,6.873084930703044e-05,0.9869548678398132,0.9869548678398132,False,True,0.9985112015491244,0.3339700318841524,0.3339700318841524,True
57,58,channel_58,channel_59,channel_58 ↔ channel_59,0.9640578627586365,0.9640578627586365,0.003783508436754346,0.003783508436754346,0.9943734407424927,0.9943734407424927,True,True,0.9985181609307783,0.9985181609307783,0.9985181609307783,False
27,35,channel_28,channel_36,channel_28 ↔ channel_36,0.9639735817909241,0.9639735817909241,0.0016805455088615417,0.0016805455088615417,0.9617249965667725,0.9617249965667725,False,True,0.3349949281384435,0.3349949281384435,0.3349949281384435,True
33,34,channel_34,channel_35,channel_34 ↔ channel_35,0.9638672471046448,0.9638672471046448,-0.04559554159641266,0.04559554159641266,0.9586921334266663,0.9586921334266663,True,True,0.3349949281384435,0.3349949281384435,0.3349949281384435,False
12,18,channel_13,channel_19,channel_13 ↔ channel_19,0.9629565477371216,0.9629565477371216,-0.0008983371080830693,0.0008983371080830693,0.9628491997718811,0.9628491997718811,False,True,0.3349949281384435,0.3349949281384435,0.3349949281384435,True
12,34,channel_13,channel_35,channel_13 ↔ channel_35,0.9628847241401672,0.9628847241401672,-0.0006453347741626203,0.0006453347741626203,0.9583332538604736,0.9583332538604736,False,True,0.3349949281384435,0.3349949281384435,0.3349949281384435,True
16,27,channel_17,channel_28,channel_17 ↔ channel_28,0.9626682996749878,0.9626682996749878,0.0008599046268500388,0.0008599046268500388,0.9600886702537537,0.9600886702537537,False,True,0.3349949281384435,0.3349949281384435,0.3349949281384435,True
41,44,channel_42,channel_45,channel_42 ↔ channel_45,0.9626482129096985,0.9626482129096985,0.3025616407394409,0.3025616407394409,0.899509072303772,0.899509072303772,True,True,0.9985784189914396,0.9985784189914396,0.9985784189914396,False
33,60,channel_34,channel_61,channel_34 ↔ channel_61,-0.9622109532356262,0.9622109532356262,6.936207164187635e-10,6.936207164187635e-10,-0.9585981369018555,0.9585981369018555,False,True,0.3349949281384435,0.03327823539955677,0.03327823539955677,True
58,59,channel_59,channel_60,channel_59 ↔ channel_60,0.9612065553665161,0.9612065553665161,-0.0030093626119196415,0.0030093626119196415,0.9938986897468567,0.9938986897468567,True,True,0.9985181609307783,0.9985181609307783,0.9985181609307783,False
25,36,channel_26,channel_37,channel_26 ↔ channel_37,0.9605014324188232,0.9605014324188232,0.00218971143476665,0.00218971143476665,0.9551975131034851,0.9551975131034851,False,True,0.3349949281384435,0.3349949281384435,0.3349949281384435,True
19,36,channel_20,channel_37,channel_20 ↔ channel_37,0.959682822227478,0.959682822227478,0.0022169991862028837,0.0022169991862028837,0.951398491859436,0.951398491859436,False,True,0.3349949281384435,0.3349949281384435,0.3349949281384435,True
11,60,channel_12,channel_61,channel_12 ↔ channel_61,-0.9595675468444824,0.9595675468444824,6.891815701237647e-06,6.891815701237647e-06,-0.9557316303253174,0.9557316303253174,False,True,0.3349949281384435,0.03327823539955677,0.03327823539955677,True
17,27,channel_18,channel_28,channel_18 ↔ channel_28,0.959486722946167,0.959486722946167,0.0011051155161112547,0.0011051155161112547,0.9585095643997192,0.9585095643997192,False,True,0.3349949281384435,0.3349949281384435,0.3349949281384435,True
65,66,channel_66,channel_67,channel_66 ↔ channel_67,0.9594405293464661,0.9594405293464661,0.9885756373405457,0.9885756373405457,-0.5556566119194031,0.5556566119194031,True,False,0.20059229430104725,0.20059229430104725,0.20059229430104725,False
28,29,channel_29,channel_30,channel_29 ↔ channel_30,0.958794355392456,0.958794355392456,-0.001995009370148182,0.001995009370148182,0.9555742740631104,0.9555742740631104,False,True,0.3349949281384435,0.3349949281384435,0.3349949281384435,True
28,37,channel_29,channel_38,channel_29 ↔ channel_38,0.9584566354751587,0.9584566354751587,-0.002927717287093401,0.002927717287093401,0.9551575779914856,0.9551575779914856,True,True,0.3349949281384435,0.3349949281384435,0.3349949281384435,False
50,51,channel_51,channel_52,channel_51 ↔ channel_52,0.9574050307273865,0.9574050307273865,0.007615648675709963,0.007615648675709963,0.986588180065155,0.986588180065155,True,True,0.3339700318841524,0.3339700318841524,0.3339700318841524,False
47,48,channel_48,channel_49,channel_48 ↔ channel_49,0.9573585987091064,0.9573585987091064,0.004131841007620096,0.004131841007620096,0.9865871667861938,0.9865871667861938,True,True,0.9985112015491244,0.9985112015491244,0.9985112015491244,False
47,51,channel_48,channel_52,channel_48 ↔ channel_52,0.9573484063148499,0.9573484063148499,9.512997348792851e-05,9.512997348792851e-05,0.9866355657577515,0.9866355657577515,False,True,0.9985112015491244,0.3339700318841524,0.3339700318841524,True
48,50,channel_49,channel_51,channel_49 ↔ channel_51,0.9573261737823486,0.9573261737823486,-0.00032795892911963165,0.00032795892911963165,0.9865065217018127,0.9865065217018127,False,True,0.9985112015491244,0.3339700318841524,0.3339700318841524,True
16,36,channel_17,channel_37,channel_17 ↔ channel_37,0.9568101763725281,0.9568101763725281,0.0024769885931164026,0.0024769885931164026,0.9500890374183655,0.9500890374183655,False,True,0.3349949281384435,0.3349949281384435,0.3349949281384435,True
24,25,channel_25,channel_26,channel_25 ↔ channel_26,0.9561014175415039,0.9561014175415039,-0.047727297991514206,0.047727297991514206,0.9499051570892334,0.9499051570892334,True,True,0.3349949281384435,0.3349949281384435,0.3349949281384435,False
11,17,channel_12,channel_18,channel_12 ↔ channel_18,0.9560721516609192,0.9560721516609192,-0.0025044716894626617,0.0025044716894626617,0.9474290609359741,0.9474290609359741,True,False,0.3349949281384435,0.3349949281384435,0.3349949281384435,False
12,60,channel_13,channel_61,channel_13 ↔ channel_61,-0.9558789730072021,0.9558789730072021,1.1536904821696226e-05,1.1536904821696226e-05,-0.952103316783905,0.952103316783905,False,True,0.3349949281384435,0.03327823539955677,0.03327823539955677,True
12,35,channel_13,channel_36,channel_13 ↔ channel_36,0.954257607460022,0.954257607460022,0.0005153040983714163,0.0005153040983714163,0.9465934038162231,0.9465934038162231,False,True,0.3349949281384435,0.3349949281384435,0.3349949281384435,True
16,18,channel_17,channel_19,channel_17 ↔ channel_19,0.9539511799812317,0.9539511799812317,-0.005629585590213537,0.005629585590213537,0.9530672430992126,0.9530672430992126,True,True,0.3349949281384435,0.3349949281384435,0.3349949281384435,False
18,26,channel_19,channel_27,channel_19 ↔ channel_27,0.9533738493919373,0.9533738493919373,-7.687413017265499e-05,7.687413017265499e-05,0.9504772424697876,0.9504772424697876,False,True,0.3349949281384435,0.3349949281384435,0.3349949281384435,True
18,19,channel_19,channel_20,channel_19 ↔ channel_20,0.9529376029968262,0.9529376029968262,-0.04588855057954788,0.04588855057954788,0.9505755305290222,0.9505755305290222,True,True,0.3349949281384435,0.3349949281384435,0.3349949281384435,False
19,60,channel_20,channel_61,channel_20 ↔ channel_61,-0.9514236450195312,0.9514236450195312,4.813208165366234e-10,4.813208165366234e-10,-0.9479795098304749,0.9479795098304749,False,True,0.3349949281384435,0.03327823539955677,0.03327823539955677,True
26,60,channel_27,channel_61,channel_27 ↔ channel_61,-0.9509518146514893,0.9509518146514893,1.736442936817184e-05,1.736442936817184e-05,-0.9480562806129456,0.9480562806129456,False,True,0.3349949281384435,0.03327823539955677,0.03327823539955677,True
35,36,channel_36,channel_37,channel_36 ↔ channel_37,0.9508578181266785,0.9508578181266785,-0.043059296905994415,0.043059296905994415,0.9468017220497131,0.9468017220497131,True,True,0.3349949281384435,0.3349949281384435,0.3349949281384435,False
25,60,channel_26,channel_61,channel_26 ↔ channel_61,-0.9506268501281738,0.9506268501281738,6.280154174476138e-10,6.280154174476138e-10,-0.9468690752983093,0.9468690752983093,False,True,0.3349949281384435,0.03327823539955677,0.03327823539955677,True
11,18,channel_12,channel_19,channel_12 ↔ channel_19,0.949373185634613,0.949373185634613,-0.0008721992489881814,0.0008721992489881814,0.945561408996582,0.945561408996582,False,True,0.3349949281384435,0.3349949281384435,0.3349949281384435,True
16,60,channel_17,channel_61,channel_17 ↔ channel_61,-0.9492897987365723,0.9492897987365723,9.280673451961263e-10,9.280673451961263e-10,-0.9460189342498779,0.9460189342498779,False,True,0.3349949281384435,0.03327823539955677,0.03327823539955677,True
25,34,channel_26,channel_35,channel_26 ↔ channel_35,0.9489187598228455,0.9489187598228455,0.00343702407553792,0.00343702407553792,0.94437575340271,0.94437575340271,False,True,0.3349949281384435,0.3349949281384435,0.3349949281384435,True
34,35,channel_35,channel_36,channel_35 ↔ channel_36,0.9466637372970581,0.9466637372970581,-0.048334792256355286,0.048334792256355286,0.9462453722953796,0.9462453722953796,True,True,0.3349949281384435,0.3349949281384435,0.3349949281384435,False
19,35,channel_20,channel_36,channel_20 ↔ channel_36,0.9440834522247314,0.9440834522247314,-0.0007997278007678688,0.0007997278007678688,0.9359895586967468,0.9359895586967468,False,True,0.3349949281384435,0.3349949281384435,0.3349949281384435,True
18,34,channel_19,channel_35,channel_19 ↔ channel_35,0.9438350796699524,0.9438350796699524,-0.0006507014040835202,0.0006507014040835202,0.9432966709136963,0.9432966709136963,False,True,0.3349949281384435,0.3349949281384435,0.3349949281384435,True
24,60,channel_25,channel_61,channel_25 ↔ channel_61,-0.9424490928649902,0.9424490928649902,1.7337577446596697e-05,1.7337577446596697e-05,-0.9391306042671204,0.9391306042671204,False,True,0.3349949281384435,0.03327823539955677,0.03327823539955677,True
19,34,channel_20,channel_35,channel_20 ↔ channel_35,0.9388459920883179,0.9388459920883179,-0.0009082921897061169,0.0009082921897061169,0.9312334656715393,0.9312334656715393,False,False,0.3349949281384435,0.3349949281384435,0.3349949281384435,True
18,33,channel_19,channel_34,channel_19 ↔ channel_34,0.9370471239089966,0.9370471239089966,0.0007484586676582694,0.0007484586676582694,0.9305826425552368,0.9305826425552368,False,False,0.3349949281384435,0.3349949281384435,0.3349949281384435,True
12,22,channel_13,channel_23,channel_13 ↔ channel_23,0.931463360786438,0.931463360786438,-0.00046503139310516417,0.00046503139310516417,0.9317213892936707,0.9317213892936707,False,True,0.3349949281384435,0.3349949281384435,0.3349949281384435,True
22,33,channel_23,channel_34,channel_23 ↔ channel_34,0.931169331073761,0.931169331073761,-0.0014758604811504483,0.0014758604811504483,0.9318337440490723,0.9318337440490723,False,True,0.3349949281384435,0.3349949281384435,0.3349949281384435,True
12,14,channel_13,channel_15,channel_13 ↔ channel_15,0.9308686256408691,0.9308686256408691,0.012410448864102364,0.012410448864102364,0.9313470125198364,0.9313470125198364,True,True,0.3349949281384435,0.3349949281384435,0.3349949281384435,False
14,33,channel_15,channel_34,channel_15 ↔ channel_34,0.9302337169647217,0.9302337169647217,0.0038558782543987036,0.0038558782543987036,0.9309065937995911,0.9309065937995911,True,True,0.3349949281384435,0.3349949281384435,0.3349949281384435,False
11,22,channel_12,channel_23,channel_12 ↔ channel_23,0.9286820888519287,0.9286820888519287,-0.0013144486583769321,0.0013144486583769321,0.9294081330299377,0.9294081330299377,False,True,0.3349949281384435,0.3349949281384435,0.3349949281384435,True
19,22,channel_20,channel_23,channel_20 ↔ channel_23,0.9285930395126343,0.9285930395126343,0.003544964361935854,0.003544964361935854,0.9300994277000427,0.9300994277000427,True,True,0.3349949281384435,0.3349949281384435,0.3349949281384435,False
14,19,channel_15,channel_20,channel_15 ↔ channel_20,0.9282910227775574,0.9282910227775574,0.004264210816472769,0.004264210816472769,0.9301502108573914,0.9301502108573914,True,True,0.3349949281384435,0.3349949281384435,0.3349949281384435,False
11,14,channel_12,channel_15,channel_12 ↔ channel_15,0.927443265914917,0.927443265914917,-0.0053902240470051765,0.0053902240470051765,0.928034782409668,0.928034782409668,True,False,0.3349949281384435,0.3349949281384435,0.3349949281384435,False
12,30,channel_13,channel_31,channel_13 ↔ channel_31,0.9252109527587891,0.9252109527587891,-0.0003200174542143941,0.0003200174542143941,0.927534282207489,0.927534282207489,False,True,0.3349949281384435,0.3349949281384435,0.3349949281384435,True
30,33,channel_31,channel_34,channel_31 ↔ channel_34,0.9251397848129272,0.9251397848129272,0.0012896208791062236,0.0012896208791062236,0.9285699725151062,0.9285699725151062,False,True,0.3349949281384435,0.3349949281384435,0.3349949281384435,True
12,21,channel_13,channel_22,channel_13 ↔ channel_22,0.9246927499771118,0.9246927499771118,-0.0026355700101703405,0.0026355700101703405,0.9270513653755188,0.9270513653755188,True,True,0.3349949281384435,0.3349949281384435,0.3349949281384435,False
21,33,channel_22,channel_34,channel_22 ↔ channel_34,0.9246768951416016,0.9246768951416016,-0.001286707236431539,0.001286707236431539,0.9281416535377502,0.9281416535377502,False,True,0.3349949281384435,0.3349949281384435,0.3349949281384435,True
11,30,channel_12,channel_31,channel_12 ↔ channel_31,0.9228345155715942,0.9228345155715942,0.000568874878808856,0.000568874878808856,0.9261583089828491,0.9261583089828491,False,True,0.3349949281384435,0.3349949281384435,0.3349949281384435,True
39,59,channel_40,channel_60,channel_40 ↔ channel_60,0.9228198528289795,0.9228198528289795,7.636025839019567e-05,7.636025839019567e-05,0.9747658967971802,0.9747658967971802,False,True,0.3349949281384435,0.9985181609307783,0.3349949281384435,True
15,59,channel_16,channel_60,channel_16 ↔ channel_60,0.9227378368377686,0.9227378368377686,0.00029335831641219556,0.00029335831641219556,0.975225031375885,0.975225031375885,False,True,0.3349949281384435,0.9985181609307783,0.3349949281384435,True
32,59,channel_33,channel_60,channel_33 ↔ channel_60,0.9227357506752014,0.9227357506752014,0.0009361965348944068,0.0009361965348944068,0.9748225212097168,0.9748225212097168,True,True,0.3349949281384435,0.9985181609307783,0.3349949281384435,False
31,59,channel_32,channel_60,channel_32 ↔ channel_60,0.9227092266082764,0.9227092266082764,-0.0004092713352292776,0.0004092713352292776,0.9751805663108826,0.9751805663108826,False,True,0.3349949281384435,0.9985181609307783,0.3349949281384435,True
23,59,channel_24,channel_60,channel_24 ↔ channel_60,0.922697901725769,0.922697901725769,0.0007480417843908072,0.0007480417843908072,0.9752010703086853,0.9752010703086853,False,True,0.3349949281384435,0.9985181609307783,0.3349949281384435,True
12,38,channel_13,channel_39,channel_13 ↔ channel_39,0.9225733280181885,0.9225733280181885,-3.1852181564318016e-05,3.1852181564318016e-05,0.9270365238189697,0.9270365238189697,False,True,0.3349949281384435,0.3349949281384435,0.3349949281384435,True
13,29,channel_14,channel_30,channel_14 ↔ channel_30,0.9224370121955872,0.9224370121955872,-0.002343579428270459,0.002343579428270459,0.916229248046875,0.916229248046875,False,True,0.3349949281384435,0.3349949281384435,0.3349949281384435,True
11,21,channel_12,channel_22,channel_12 ↔ channel_22,0.9223695397377014,0.9223695397377014,-0.002798025729134679,0.002798025729134679,0.9257391095161438,0.9257391095161438,True,True,0.3349949281384435,0.3349949281384435,0.3349949281384435,False
13,37,channel_14,channel_38,channel_14 ↔ channel_38,0.922081708908081,0.922081708908081,-0.0001968166179722175,0.0001968166179722175,0.9157542586326599,0.9157542586326599,False,True,0.3349949281384435,0.3349949281384435,0.3349949281384435,True
33,38,channel_34,channel_39,channel_34 ↔ channel_39,0.9218433499336243,0.9218433499336243,0.00795063003897667,0.00795063003897667,0.9268989562988281,0.9268989562988281,True,True,0.3349949281384435,0.3349949281384435,0.3349949281384435,False
19,30,channel_20,channel_31,channel_20 ↔ channel_31,0.9214988350868225,0.9214988350868225,-0.0016877856105566025,0.0016877856105566025,0.9248659610748291,0.9248659610748291,False,True,0.3349949281384435,0.3349949281384435,0.3349949281384435,True
19,21,channel_20,channel_22,channel_20 ↔ channel_22,0.921006441116333,0.921006441116333,0.0011588492197915912,0.0011588492197915912,0.9244483113288879,0.9244483113288879,False,True,0.3349949281384435,0.3349949281384435,0.3349949281384435,True
39,57,channel_40,channel_58,channel_40 ↔ channel_58,0.9205343723297119,0.9205343723297119,0.0006880614091642201,0.0006880614091642201,0.9752526879310608,0.9752526879310608,False,True,0.3349949281384435,0.9985181609307783,0.3349949281384435,True
29,39,channel_30,channel_40,channel_30 ↔ channel_40,0.9205061793327332,0.9205061793327332,-0.0019184851553291082,0.0019184851553291082,0.9190150499343872,0.9190150499343872,False,True,0.3349949281384435,0.3349949281384435,0.3349949281384435,True
29,32,channel_30,channel_33,channel_30 ↔ channel_33,0.9204830527305603,0.9204830527305603,0.04523973539471626,0.04523973539471626,0.918942928314209,0.918942928314209,True,True,0.3349949281384435,0.3349949281384435,0.3349949281384435,False
32,57,channel_33,channel_58,channel_33 ↔ channel_58,0.9204466938972473,0.9204466938972473,-0.0003826919128187001,0.0003826919128187001,0.9753149151802063,0.9753149151802063,False,True,0.3349949281384435,0.9985181609307783,0.3349949281384435,True
15,57,channel_16,channel_58,channel_16 ↔ channel_58,0.9204229116439819,0.9204229116439819,-2.7950376534136012e-05,2.7950376534136012e-05,0.9756893515586853,0.9756893515586853,False,True,0.3349949281384435,0.9985181609307783,0.3349949281384435,True
31,57,channel_32,channel_58,channel_32 ↔ channel_58,0.9203914403915405,0.9203914403915405,-1.0462158570589963e-05,1.0462158570589963e-05,0.975641131401062,0.975641131401062,False,True,0.3349949281384435,0.9985181609307783,0.3349949281384435,True
23,57,channel_24,channel_58,channel_24 ↔ channel_58,0.9203786849975586,0.9203786849975586,0.00028138465131632984,0.00028138465131632984,0.9756639003753662,0.9756639003753662,False,True,0.3349949281384435,0.9985181609307783,0.3349949281384435,True
37,39,channel_38,channel_40,channel_38 ↔ channel_40,0.9200741052627563,0.9200741052627563,-0.01127452403306961,0.01127452403306961,0.9186153411865234,0.9186153411865234,True,True,0.3349949281384435,0.3349949281384435,0.3349949281384435,False
32,37,channel_33,channel_38,channel_33 ↔ channel_38,0.91997230052948,0.91997230052948,-0.002643484389409423,0.002643484389409423,0.9184427857398987,0.9184427857398987,False,True,0.3349949281384435,0.3349949281384435,0.3349949281384435,True
29,31,channel_30,channel_32,channel_30 ↔ channel_32,0.9196274280548096,0.9196274280548096,-0.012204071506857872,0.012204071506857872,0.9183387756347656,0.9183387756347656,True,True,0.3349949281384435,0.3349949281384435,0.3349949281384435,False
23,29,channel_24,channel_30,channel_24 ↔ channel_30,0.9195290803909302,0.9195290803909302,-0.0038046634290367365,0.0038046634290367365,0.9184104800224304,0.9184104800224304,True,True,0.3349949281384435,0.3349949281384435,0.3349949281384435,False
15,29,channel_16,channel_30,channel_16 ↔ channel_30,0.9194849729537964,0.9194849729537964,0.0017558818217366934,0.0017558818217366934,0.9182838797569275,0.9182838797569275,False,True,0.3349949281384435,0.3349949281384435,0.3349949281384435,True
11,38,channel_12,channel_39,channel_12 ↔ channel_39,0.9194713830947876,0.9194713830947876,-0.0006157677853479981,0.0006157677853479981,0.9239910840988159,0.9239910840988159,False,True,0.3349949281384435,0.3349949281384435,0.3349949281384435,True
31,37,channel_32,channel_38,channel_32 ↔ channel_38,0.9192261695861816,0.9192261695861816,-0.0021909698843955994,0.0021909698843955994,0.9179748296737671,0.9179748296737671,False,True,0.3349949281384435,0.3349949281384435,0.3349949281384435,True
23,37,channel_24,channel_38,channel_24 ↔ channel_38,0.9191177487373352,0.9191177487373352,-0.0016613934421911836,0.0016613934421911836,0.9180429577827454,0.9180429577827454,False,True,0.3349949281384435,0.3349949281384435,0.3349949281384435,True
15,37,channel_16,channel_38,channel_16 ↔ channel_38,0.9190616607666016,0.9190616607666016,0.002553810365498066,0.002553810365498066,0.9179058074951172,0.9179058074951172,False,True,0.3349949281384435,0.3349949281384435,0.3349949281384435,True
19,38,channel_20,channel_39,channel_20 ↔ channel_39,0.9188293218612671,0.9188293218612671,0.000569403578992933,0.000569403578992933,0.9239183664321899,0.9239183664321899,False,True,0.3349949281384435,0.3349949281384435,0.3349949281384435,True
20,29,channel_21,channel_30,channel_21 ↔ channel_30,0.906968355178833,0.906968355178833,0.0025287456810474396,0.0025287456810474396,0.9014027118682861,0.9014027118682861,False,True,0.3349949281384435,0.3349949281384435,0.3349949281384435,True
20,37,channel_21,channel_38,channel_21 ↔ channel_38,0.9065268635749817,0.9065268635749817,-0.0018180261831730604,0.0018180261831730604,0.9008520841598511,0.9008520841598511,False,True,0.3349949281384435,0.3349949281384435,0.3349949281384435,True
39,56,channel_40,channel_57,channel_40 ↔ channel_57,0.8724855184555054,0.8724855184555054,0.00012851280916947871,0.00012851280916947871,0.9721093773841858,0.9721093773841858,False,True,0.3349949281384435,0.9985181609307783,0.3349949281384435,True
15,56,channel_16,channel_57,channel_16 ↔ channel_57,0.8724116683006287,0.8724116683006287,-0.00013856252189725637,0.00013856252189725637,0.9725598096847534,0.9725598096847534,False,True,0.3349949281384435,0.9985181609307783,0.3349949281384435,True
32,56,channel_33,channel_57,channel_33 ↔ channel_57,0.8723897337913513,0.8723897337913513,-0.00010049140109913424,0.00010049140109913424,0.9721619486808777,0.9721619486808777,False,True,0.3349949281384435,0.9985181609307783,0.3349949281384435,True
23,56,channel_24,channel_57,channel_24 ↔ channel_57,0.8723716139793396,0.8723716139793396,-0.0005909610772505403,0.0005909610772505403,0.972527265548706,0.972527265548706,False,True,0.3349949281384435,0.9985181609307783,0.3349949281384435,True
31,56,channel_32,channel_57,channel_32 ↔ channel_57,0.8723683953285217,0.8723683953285217,0.0006167971296235919,0.0006167971296235919,0.9724832773208618,0.9724832773208618,False,True,0.3349949281384435,0.9985181609307783,0.3349949281384435,True
28,33,channel_29,channel_34,channel_29 ↔ channel_34,0.8389867544174194,0.8389867544174194,0.004231953527778387,0.004231953527778387,0.8330892324447632,0.8330892324447632,True,True,0.3349949281384435,0.3349949281384435,0.3349949281384435,False
11,28,channel_12,channel_29,channel_12 ↔ channel_29,0.8370090126991272,0.8370090126991272,0.00013194519851822406,0.00013194519851822406,0.8352153897285461,0.8352153897285461,False,True,0.3349949281384435,0.3349949281384435,0.3349949281384435,True
12,28,channel_13,channel_29,channel_13 ↔ channel_29,0.8321800231933594,0.8321800231933594,-0.0012038578279316425,0.0012038578279316425,0.82831871509552,0.82831871509552,False,False,0.3349949281384435,0.3349949281384435,0.3349949281384435,True
28,60,channel_29,channel_61,channel_29 ↔ channel_61,-0.8319282531738281,0.8319282531738281,1.140563836088404e-05,1.140563836088404e-05,-0.8305643796920776,0.8305643796920776,False,False,0.3349949281384435,0.03327823539955677,0.03327823539955677,True
15,58,channel_16,channel_59,channel_16 ↔ channel_59,0.8138604760169983,0.8138604760169983,0.0005536206299439073,0.0005536206299439073,0.9725918173789978,0.9725918173789978,False,True,0.3349949281384435,0.9985181609307783,0.3349949281384435,True
39,58,channel_40,channel_59,channel_40 ↔ channel_59,0.8138542771339417,0.8138542771339417,-6.760959513485432e-05,6.760959513485432e-05,0.9720752239227295,0.9720752239227295,False,True,0.3349949281384435,0.9985181609307783,0.3349949281384435,True
23,58,channel_24,channel_59,channel_24 ↔ channel_59,0.8138196468353271,0.8138196468353271,6.901404412928969e-05,6.901404412928969e-05,0.9725655913352966,0.9725655913352966,False,True,0.3349949281384435,0.9985181609307783,0.3349949281384435,True
31,58,channel_32,channel_59,channel_32 ↔ channel_59,0.8137897253036499,0.8137897253036499,0.0004137579526286572,0.0004137579526286572,0.9725158214569092,0.9725158214569092,False,True,0.3349949281384435,0.9985181609307783,0.3349949281384435,True
32,58,channel_33,channel_59,channel_33 ↔ channel_59,0.8137452006340027,0.8137452006340027,-0.00019100435019936413,0.00019100435019936413,0.9721320271492004,0.9721320271492004,False,True,0.3349949281384435,0.9985181609307783,0.3349949281384435,True
13,33,channel_14,channel_34,channel_14 ↔ channel_34,0.7880348563194275,0.7880348563194275,5.202191459829919e-05,5.202191459829919e-05,0.7812339067459106,0.7812339067459106,False,False,0.3349949281384435,0.3349949281384435,0.3349949281384435,False
13,60,channel_14,channel_61,channel_14 ↔ channel_61,-0.7871123552322388,0.7871123552322388,-1.1869249647133984e-05,1.1869249647133984e-05,-0.781754732131958,0.781754732131958,False,True,0.3349949281384435,0.03327823539955677,0.03327823539955677,False
11,13,channel_12,channel_14,channel_12 ↔ channel_14,0.7858049869537354,0.7858049869537354,-0.0011533272918313742,0.0011533272918313742,0.7828933596611023,0.7828933596611023,False,True,0.3349949281384435,0.3349949281384435,0.3349949281384435,False
12,13,channel_13,channel_14,channel_13 ↔ channel_14,0.7815084457397461,0.7815084457397461,-0.0036126133054494858,0.0036126133054494858,0.7773457765579224,0.7773457765579224,True,False,0.3349949281384435,0.3349949281384435,0.3349949281384435,False
20,60,channel_21,channel_61,channel_21 ↔ channel_61,-0.7719593644142151,0.7719593644142151,-5.832398983329767e-06,5.832398983329767e-06,-0.7685725092887878,0.7685725092887878,False,True,0.3349949281384435,0.03327823539955677,0.03327823539955677,False
20,33,channel_21,channel_34,channel_21 ↔ channel_34,0.7708795070648193,0.7708795070648193,-0.00257574999704957,0.00257574999704957,0.7681089639663696,0.7681089639663696,False,False,0.3349949281384435,0.3349949281384435,0.3349949281384435,False
11,20,channel_12,channel_21,channel_12 ↔ channel_21,0.7686501145362854,0.7686501145362854,0.0027774537447839975,0.0027774537447839975,0.7695770263671875,0.7695770263671875,True,True,0.3349949281384435,0.3349949281384435,0.3349949281384435,False
12,20,channel_13,channel_21,channel_13 ↔ channel_21,0.7647066116333008,0.7647066116333008,0.0003141595225315541,0.0003141595225315541,0.7647352814674377,0.7647352814674377,False,False,0.3349949281384435,0.3349949281384435,0.3349949281384435,False
40,44,channel_41,channel_45,channel_41 ↔ channel_45,0.6978159546852112,0.6978159546852112,-0.04033784195780754,0.04033784195780754,-0.33519095182418823,0.33519095182418823,True,True,0.9985784189914396,0.9985784189914396,0.9985784189914396,False
40,45,channel_41,channel_46,channel_41 ↔ channel_46,0.6812823414802551,0.6812823414802551,-0.2068125605583191,0.2068125605583191,-0.17615313827991486,0.17615313827991486,True,True,0.9985784189914396,0.9985784189914396,0.9985784189914396,False
39,49,channel_40,channel_50,channel_40 ↔ channel_50,0.6780726313591003,0.6780726313591003,6.955313438083977e-05,6.955313438083977e-05,0.819389283657074,0.819389283657074,False,True,0.3349949281384435,0.3339700318841524,0.3339700318841524,False
39,46,channel_40,channel_47,channel_40 ↔ channel_47,0.6780598163604736,0.6780598163604736,0.000626423629000783,0.000626423629000783,0.8193455338478088,0.8193455338478088,False,True,0.3349949281384435,0.9985112015491244,0.3349949281384435,False
23,49,channel_24,channel_50,channel_24 ↔ channel_50,0.6778593063354492,0.6778593063354492,3.4345230233157054e-05,3.4345230233157054e-05,0.8194176554679871,0.8194176554679871,False,True,0.3349949281384435,0.3339700318841524,0.3339700318841524,False
23,46,channel_24,channel_47,channel_24 ↔ channel_47,0.6778417229652405,0.6778417229652405,0.0007702993461862206,0.0007702993461862206,0.8193556070327759,0.8193556070327759,False,True,0.3349949281384435,0.9985112015491244,0.3349949281384435,False
15,49,channel_16,channel_50,channel_16 ↔ channel_50,0.6776987910270691,0.6776987910270691,-1.5197509128483944e-05,1.5197509128483944e-05,0.819342315196991,0.819342315196991,False,True,0.3349949281384435,0.3339700318841524,0.3339700318841524,False
15,46,channel_16,channel_47,channel_16 ↔ channel_47,0.6776917576789856,0.6776917576789856,-0.0002191182429669425,0.0002191182429669425,0.8192982077598572,0.8192982077598572,False,True,0.3349949281384435,0.9985112015491244,0.3349949281384435,False
39,50,channel_40,channel_51,channel_40 ↔ channel_51,0.653359591960907,0.653359591960907,-4.028392504551448e-05,4.028392504551448e-05,0.8402184844017029,0.8402184844017029,False,True,0.3349949281384435,0.3339700318841524,0.3339700318841524,False
39,47,channel_40,channel_48,channel_40 ↔ channel_48,0.6533357501029968,0.6533357501029968,-0.00012375970254652202,0.00012375970254652202,0.8404170870780945,0.8404170870780945,False,True,0.3349949281384435,0.9985112015491244,0.3349949281384435,False
23,50,channel_24,channel_51,channel_24 ↔ channel_51,0.6529445052146912,0.6529445052146912,6.88530781189911e-05,6.88530781189911e-05,0.8401959538459778,0.8401959538459778,False,True,0.3349949281384435,0.3339700318841524,0.3339700318841524,False
23,47,channel_24,channel_48,channel_24 ↔ channel_48,0.6529273986816406,0.6529273986816406,-0.00017456909699831158,0.00017456909699831158,0.8404114842414856,0.8404114842414856,False,True,0.3349949281384435,0.9985112015491244,0.3349949281384435,False
32,50,channel_33,channel_51,channel_33 ↔ channel_51,0.6529229879379272,0.6529229879379272,5.993696686346084e-05,5.993696686346084e-05,0.8399704098701477,0.8399704098701477,False,False,0.3349949281384435,0.3339700318841524,0.3339700318841524,False
32,47,channel_33,channel_48,channel_33 ↔ channel_48,0.65290367603302,0.65290367603302,7.92793944128789e-05,7.92793944128789e-05,0.84015953540802,0.84015953540802,False,False,0.3349949281384435,0.9985112015491244,0.3349949281384435,False
39,51,channel_40,channel_52,channel_40 ↔ channel_52,0.6448040008544922,0.6448040008544922,-2.2708802134729922e-05,2.2708802134729922e-05,0.8319951295852661,0.8319951295852661,False,True,0.3349949281384435,0.3339700318841524,0.3339700318841524,False
39,48,channel_40,channel_49,channel_40 ↔ channel_49,0.6447649002075195,0.6447649002075195,0.00024155346909537911,0.00024155346909537911,0.8316875100135803,0.8316875100135803,False,True,0.3349949281384435,0.9985112015491244,0.3349949281384435,False
23,51,channel_24,channel_52,channel_24 ↔ channel_52,0.6445088982582092,0.6445088982582092,-1.866105230874382e-05,1.866105230874382e-05,0.8319471478462219,0.8319471478462219,False,True,0.3349949281384435,0.3339700318841524,0.3339700318841524,False
23,48,channel_24,channel_49,channel_24 ↔ channel_49,0.6444698572158813,0.6444698572158813,-0.0001572149049025029,0.0001572149049025029,0.8316794037818909,0.8316794037818909,False,True,0.3349949281384435,0.9985112015491244,0.3349949281384435,False
32,51,channel_33,channel_52,channel_33 ↔ channel_52,0.6444394588470459,0.6444394588470459,-2.060946644633077e-05,2.060946644633077e-05,0.8317339420318604,0.8317339420318604,False,False,0.3349949281384435,0.3339700318841524,0.3339700318841524,False
32,48,channel_33,channel_49,channel_33 ↔ channel_49,0.6444000601768494,0.6444000601768494,-0.0005753930890932679,0.0005753930890932679,0.8314406871795654,0.8314406871795654,False,False,0.3349949281384435,0.9985112015491244,0.3349949281384435,False
44,45,channel_45,channel_46,channel_45 ↔ channel_46,0.5914279818534851,0.5914279818534851,-0.18631842732429504,0.18631842732429504,-0.4711397886276245,0.4711397886276245,True,True,0.9985784189914396,0.9985784189914396,0.9985784189914396,False
40,41,channel_41,channel_42,channel_41 ↔ channel_42,0.5835721492767334,0.5835721492767334,-0.17754393815994263,0.17754393815994263,-0.49054190516471863,0.49054190516471863,True,True,0.9985784189914396,0.9985784189914396,0.9985784189914396,False
41,45,channel_42,channel_46,channel_42 ↔ channel_46,0.5625426173210144,0.5625426173210144,-0.015020548366010189,0.015020548366010189,-0.3170405626296997,0.3170405626296997,False,True,0.9985784189914396,0.9985784189914396,0.9985784189914396,False
14,62,channel_15,channel_63,channel_15 ↔ channel_63,-0.4872460663318634,0.4872460663318634,1.6979904149394542e-09,1.6979904149394542e-09,-0.4705358147621155,0.4705358147621155,False,True,0.3349949281384435,0.03327823539955677,0.03327823539955677,False
14,61,channel_15,channel_62,channel_15 ↔ channel_62,-0.48705124855041504,0.48705124855041504,1.7172293587108811e-09,1.7172293587108811e-09,-0.47076722979545593,0.47076722979545593,False,True,0.3349949281384435,0.03327823539955677,0.03327823539955677,False
38,62,channel_39,channel_63,channel_39 ↔ channel_63,-0.48656442761421204,0.48656442761421204,-3.800721242441796e-05,3.800721242441796e-05,-0.47145044803619385,0.47145044803619385,False,True,0.3349949281384435,0.03327823539955677,0.03327823539955677,False
22,62,channel_23,channel_63,channel_23 ↔ channel_63,-0.4864005446434021,0.4864005446434021,1.550658906834812e-10,1.550658906834812e-10,-0.4700743854045868,0.4700743854045868,False,True,0.3349949281384435,0.03327823539955677,0.03327823539955677,False
38,61,channel_39,channel_62,channel_39 ↔ channel_62,-0.48636603355407715,0.48636603355407715,-3.767017551581375e-05,3.767017551581375e-05,-0.4717923700809479,0.4717923700809479,False,True,0.3349949281384435,0.03327823539955677,0.03327823539955677,False
22,61,channel_23,channel_62,channel_23 ↔ channel_62,-0.48620402812957764,0.48620402812957764,1.5682284637552613e-10,1.5682284637552613e-10,-0.4703097343444824,0.4703097343444824,False,True,0.3349949281384435,0.03327823539955677,0.03327823539955677,False
21,62,channel_22,channel_63,channel_22 ↔ channel_63,-0.4779723584651947,0.4779723584651947,1.6847305495115705e-10,1.6847305495115705e-10,-0.4635871648788452,0.4635871648788452,False,True,0.3349949281384435,0.03327823539955677,0.03327823539955677,False
30,62,channel_31,channel_63,channel_31 ↔ channel_63,-0.47784221172332764,0.47784221172332764,-3.855083559756167e-05,3.855083559756167e-05,-0.46337491273880005,0.46337491273880005,False,True,0.3349949281384435,0.03327823539955677,0.03327823539955677,False
21,61,channel_22,channel_62,channel_22 ↔ channel_62,-0.4777956008911133,0.4777956008911133,1.7038191690854632e-10,1.7038191690854632e-10,-0.4639330208301544,0.4639330208301544,False,True,0.3349949281384435,0.03327823539955677,0.03327823539955677,False
30,61,channel_31,channel_62,channel_31 ↔ channel_62,-0.47766628861427307,0.47766628861427307,-3.8208974729059264e-05,3.8208974729059264e-05,-0.46372756361961365,0.46372756361961365,False,True,0.3349949281384435,0.03327823539955677,0.03327823539955677,False
42,48,channel_43,channel_49,channel_43 ↔ channel_49,0.4566382169723511,0.4566382169723511,0.001067374018020928,0.001067374018020928,-0.05355093255639076,0.05355093255639076,True,False,0.9985784189914396,0.9985112015491244,0.9985112015491244,False
42,51,channel_43,channel_52,channel_43 ↔ channel_52,0.45648008584976196,0.45648008584976196,0.0001355474814772606,0.0001355474814772606,-0.05360071361064911,0.05360071361064911,False,False,0.9985784189914396,0.3339700318841524,0.3339700318841524,False
40,47,channel_41,channel_48,channel_41 ↔ channel_48,0.45183324813842773,0.45183324813842773,0.00037771076313219965,0.00037771076313219965,-0.08373623341321945,0.08373623341321945,False,False,0.9985784189914396,0.9985112015491244,0.9985112015491244,False
40,50,channel_41,channel_51,channel_41 ↔ channel_51,0.45171216130256653,0.45171216130256653,0.000264130940195173,0.000264130940195173,-0.08381592482328415,0.08381592482328415,False,False,0.9985784189914396,0.3339700318841524,0.3339700318841524,False
44,50,channel_45,channel_51,channel_45 ↔ channel_51,0.4467358887195587,0.4467358887195587,0.00020455355115700513,0.00020455355115700513,-0.07837390899658203,0.07837390899658203,False,False,0.9985784189914396,0.3339700318841524,0.3339700318841524,False
44,47,channel_45,channel_48,channel_45 ↔ channel_48,0.4467099905014038,0.4467099905014038,-0.000553233316168189,0.000553233316168189,-0.07840989530086517,0.07840989530086517,False,False,0.9985784189914396,0.9985112015491244,0.9985112015491244,False
71,74,channel_72,channel_75,channel_72 ↔ channel_75,0.4419732093811035,0.4419732093811035,0.7542374134063721,0.7542374134063721,0.7403437495231628,0.7403437495231628,True,True,0.9982795050623561,0.9982842578108025,0.9982795050623561,False
45,47,channel_46,channel_48,channel_46 ↔ channel_48,0.4260217249393463,0.4260217249393463,0.0008559855632483959,0.0008559855632483959,-0.04174987971782684,0.04174987971782684,False,False,0.9985784189914396,0.9985112015491244,0.9985112015491244,False
45,50,channel_46,channel_51,channel_46 ↔ channel_51,0.4258299767971039,0.4258299767971039,-0.00015214890299830586,0.00015214890299830586,-0.04195670783519745,0.04195670783519745,False,False,0.9985784189914396,0.3339700318841524,0.3339700318841524,False
41,50,channel_42,channel_51,channel_42 ↔ channel_51,0.4175620675086975,0.4175620675086975,8.54103418532759e-05,8.54103418532759e-05,-0.04305516555905342,0.04305516555905342,False,False,0.9985784189914396,0.3339700318841524,0.3339700318841524,False
41,47,channel_42,channel_48,channel_42 ↔ channel_48,0.41751816868782043,0.41751816868782043,-0.00040667838766239583,0.00040667838766239583,-0.043226830661296844,0.043226830661296844,False,False,0.9985784189914396,0.9985112015491244,0.9985112015491244,False
40,49,channel_41,channel_50,channel_41 ↔ channel_50,0.396180659532547,0.396180659532547,0.0004406354564707726,0.0004406354564707726,-0.08828532695770264,0.08828532695770264,False,False,0.9985784189914396,0.3339700318841524,0.3339700318841524,False
40,46,channel_41,channel_47,channel_41 ↔ channel_47,0.3961746394634247,0.3961746394634247,-0.0006309749442152679,0.0006309749442152679,-0.08890117704868317,0.08890117704868317,False,True,0.9985784189914396,0.9985112015491244,0.9985112015491244,False
44,46,channel_45,channel_47,channel_45 ↔ channel_47,0.38997364044189453,0.38997364044189453,-0.0007974207401275635,0.0007974207401275635,-0.08760537207126617,0.08760537207126617,False,False,0.9985784189914396,0.9985112015491244,0.9985112015491244,False
44,49,channel_45,channel_50,channel_45 ↔ channel_50,0.3899173438549042,0.3899173438549042,-0.0008019224042072892,0.0008019224042072892,-0.08791396766901016,0.08791396766901016,True,True,0.9985784189914396,0.3339700318841524,0.3339700318841524,False
45,46,channel_46,channel_47,channel_46 ↔ channel_47,0.37221279740333557,0.37221279740333557,0.000952182337641716,0.000952182337641716,-0.051192957907915115,0.051192957907915115,True,False,0.9985784189914396,0.9985112015491244,0.9985112015491244,False
45,49,channel_46,channel_50,channel_46 ↔ channel_50,0.3722011148929596,0.3722011148929596,-0.0002425084967399016,0.0002425084967399016,-0.05181937292218208,0.05181937292218208,False,False,0.9985784189914396,0.3339700318841524,0.3339700318841524,False
41,46,channel_42,channel_47,channel_42 ↔ channel_47,0.36477142572402954,0.36477142572402954,0.0007009456166997552,0.0007009456166997552,-0.05161670222878456,0.05161670222878456,False,False,0.9985784189914396,0.9985112015491244,0.9985112015491244,False
41,49,channel_42,channel_50,channel_42 ↔ channel_50,0.36469316482543945,0.36469316482543945,-0.00020092124759685248,0.00020092124759685248,-0.052151329815387726,0.052151329815387726,False,True,0.9985784189914396,0.3339700318841524,0.3339700318841524,False
42,45,channel_43,channel_46,channel_43 ↔ channel_46,0.3483877182006836,0.3483877182006836,0.33502665162086487,0.33502665162086487,0.8945427536964417,0.8945427536964417,True,True,0.9985784189914396,0.9985784189914396,0.9985784189914396,False
70,71,channel_71,channel_72,channel_71 ↔ channel_72,-0.34252825379371643,0.34252825379371643,-0.3947738707065582,0.3947738707065582,-0.32884636521339417,0.32884636521339417,True,True,0.9982835788467388,0.9982795050623561,0.9982795050623561,False
71,75,channel_72,channel_76,channel_72 ↔ channel_76,-0.3402606248855591,0.3402606248855591,-0.6992040276527405,0.6992040276527405,-0.4999751150608063,0.4999751150608063,True,True,0.9982795050623561,0.9982834091057229,0.9982795050623561,False
40,48,channel_41,channel_49,channel_41 ↔ channel_49,0.338781476020813,0.338781476020813,0.0006364082219079137,0.0006364082219079137,-0.08589653670787811,0.08589653670787811,False,False,0.9985784189914396,0.9985112015491244,0.9985112015491244,False
44,51,channel_45,channel_52,channel_45 ↔ channel_52,0.3323144018650055,0.3323144018650055,-0.00017731280240695924,0.00017731280240695924,-0.08442232757806778,0.08442232757806778,False,False,0.9985784189914396,0.3339700318841524,0.3339700318841524,False
41,51,channel_42,channel_52,channel_42 ↔ channel_52,0.31219062209129333,0.31219062209129333,-0.00023333610442932695,0.00023333610442932695,-0.04918177053332329,0.04918177053332329,False,False,0.9985784189914396,0.3339700318841524,0.3339700318841524,False
12,61,channel_13,channel_62,channel_13 ↔ channel_62,-0.2858242690563202,0.2858242690563202,1.4300921975518577e-05,1.4300921975518577e-05,-0.27034512162208557,0.27034512162208557,False,True,0.3349949281384435,0.03327823539955677,0.03327823539955677,False
12,62,channel_13,channel_63,channel_13 ↔ channel_63,-0.28532394766807556,0.28532394766807556,1.4325067240861244e-05,1.4325067240861244e-05,-0.269622802734375,0.269622802734375,False,True,0.3349949281384435,0.03327823539955677,0.03327823539955677,False
19,61,channel_20,channel_62,channel_20 ↔ channel_62,-0.2831490635871887,0.2831490635871887,1.9853647614809233e-09,1.9853647614809233e-09,-0.2684284448623657,0.2684284448623657,False,True,0.3349949281384435,0.03327823539955677,0.03327823539955677,False
19,62,channel_20,channel_63,channel_20 ↔ channel_63,-0.28266510367393494,0.28266510367393494,1.9631216652271632e-09,1.9631216652271632e-09,-0.26770684123039246,0.26770684123039246,False,True,0.3349949281384435,0.03327823539955677,0.03327823539955677,False
42,47,channel_43,channel_48,channel_43 ↔ channel_48,0.27237212657928467,0.27237212657928467,0.001084706513211131,0.001084706513211131,-0.050597526133060455,0.050597526133060455,True,False,0.9985784189914396,0.9985112015491244,0.9985112015491244,False
42,50,channel_43,channel_51,channel_43 ↔ channel_51,0.2723580002784729,0.2723580002784729,0.00010787198698380962,0.00010787198698380962,-0.050877586007118225,0.050877586007118225,False,False,0.9985784189914396,0.3339700318841524,0.3339700318841524,False
69,73,channel_70,channel_74,channel_70 ↔ channel_74,-0.26822975277900696,0.26822975277900696,-0.5648982524871826,0.5648982524871826,-0.3350847065448761,0.3350847065448761,True,True,0.9982812024725155,0.9982805235084518,0.9982805235084518,False
42,46,channel_43,channel_47,channel_43 ↔ channel_47,0.2632370889186859,0.2632370889186859,0.0016261428827419877,0.0016261428827419877,-0.060968466103076935,0.060968466103076935,True,False,0.9985784189914396,0.9985112015491244,0.9985112015491244,False
42,49,channel_43,channel_50,channel_43 ↔ channel_50,0.26320168375968933,0.26320168375968933,-6.04586566623766e-05,6.04586566623766e-05,-0.061537642031908035,0.061537642031908035,False,False,0.9985784189914396,0.3339700318841524,0.3339700318841524,False
42,43,channel_43,channel_44,channel_43 ↔ channel_44,-0.24527612328529358,0.24527612328529358,-0.18894454836845398,0.18894454836845398,-0.45671260356903076,0.45671260356903076,True,True,0.9985784189914396,0.9985784189914396,0.9985784189914396,False
32,65,channel_33,channel_66,channel_33 ↔ channel_66,0.2250305414199829,0.2250305414199829,-9.240218901140906e-07,9.240218901140906e-07,0.9711518883705139,0.9711518883705139,False,True,0.3349949281384435,0.20059229430104725,0.20059229430104725,False
39,65,channel_40,channel_66,channel_40 ↔ channel_66,0.22499194741249084,0.22499194741249084,-2.202737596235238e-05,2.202737596235238e-05,0.9710630774497986,0.9710630774497986,False,True,0.3349949281384435,0.20059229430104725,0.20059229430104725,False
15,65,channel_16,channel_66,channel_16 ↔ channel_66,0.22474008798599243,0.22474008798599243,-1.18966518130037e-05,1.18966518130037e-05,0.9700741767883301,0.9700741767883301,False,True,0.3349949281384435,0.20059229430104725,0.20059229430104725,False
70,75,channel_71,channel_76,channel_71 ↔ channel_76,0.22062797844409943,0.22062797844409943,0.33004581928253174,0.33004581928253174,0.3681049942970276,0.3681049942970276,True,True,0.9982835788467388,0.9982834091057229,0.9982834091057229,False
41,43,channel_42,channel_44,channel_42 ↔ channel_44,-0.2173672318458557,0.2173672318458557,-0.16428495943546295,0.16428495943546295,-0.3892645239830017,0.3892645239830017,True,True,0.9985784189914396,0.9985784189914396,0.9985784189914396,False
43,45,channel_44,channel_46,channel_44 ↔ channel_46,-0.21582858264446259,0.21582858264446259,-0.13139736652374268,0.13139736652374268,-0.29847270250320435,0.29847270250320435,True,True,0.9985784189914396,0.9985784189914396,0.9985784189914396,False
70,74,channel_71,channel_75,channel_71 ↔ channel_75,-0.21459758281707764,0.21459758281707764,-0.43684232234954834,0.43684232234954834,-0.34943607449531555,0.34943607449531555,True,True,0.9982835788467388,0.9982842578108025,0.9982835788467388,False
43,44,channel_44,channel_45,channel_44 ↔ channel_45,-0.19532981514930725,0.19532981514930725,-0.0875982791185379,0.0875982791185379,-0.22340354323387146,0.22340354323387146,True,True,0.9985784189914396,0.9985784189914396,0.9985784189914396,False
71,72,channel_72,channel_73,channel_72 ↔ channel_73,0.168182834982872,0.168182834982872,0.14551615715026855,0.14551615715026855,0.1808423399925232,0.1808423399925232,True,True,0.9982795050623561,0.9982834091057229,0.9982795050623561,False
74,75,channel_75,channel_76,channel_75 ↔ channel_76,-0.14898158609867096,0.14898158609867096,-0.5631076693534851,0.5631076693534851,-0.3359071910381317,0.3359071910381317,True,True,0.9982842578108025,0.9982834091057229,0.9982834091057229,False
72,74,channel_73,channel_75,channel_73 ↔ channel_75,0.13922609388828278,0.13922609388828278,0.20484034717082977,0.20484034717082977,0.27378126978874207,0.27378126978874207,True,True,0.9982834091057229,0.9982842578108025,0.9982834091057229,False
69,70,channel_70,channel_71,channel_70 ↔ channel_71,0.1349724680185318,0.1349724680185318,0.08036933094263077,0.08036933094263077,0.13214105367660522,0.13214105367660522,True,True,0.9982812024725155,0.9982835788467388,0.9982812024725155,False
69,71,channel_70,channel_72,channel_70 ↔ channel_72,-0.12958388030529022,0.12958388030529022,-0.0953817069530487,0.0953817069530487,-0.08793287724256516,0.08793287724256516,True,True,0.9982812024725155,0.9982795050623561,0.9982795050623561,False
69,75,channel_70,channel_76,channel_70 ↔ channel_76,0.1245046928524971,0.1245046928524971,0.09295765310525894,0.09295765310525894,0.11533048748970032,0.11533048748970032,True,True,0.9982812024725155,0.9982834091057229,0.9982812024725155,False
69,72,channel_70,channel_73,channel_70 ↔ channel_73,-0.1150418370962143,0.1150418370962143,0.049430347979068756,0.049430347979068756,-0.07559503614902496,0.07559503614902496,True,True,0.9982812024725155,0.9982834091057229,0.9982812024725155,False
18,43,channel_19,channel_44,channel_19 ↔ channel_44,-0.10736720263957977,0.10736720263957977,0.0007200026302598417,0.0007200026302598417,-0.026524363085627556,0.026524363085627556,False,False,0.3349949281384435,0.9985784189914396,0.3349949281384435,False
36,43,channel_37,channel_44,channel_37 ↔ channel_44,-0.10171734541654587,0.10171734541654587,-0.00016326109471265227,0.00016326109471265227,-0.012879788875579834,0.012879788875579834,False,False,0.3349949281384435,0.9985784189914396,0.3349949281384435,False
7,10,channel_8,channel_11,channel_8 ↔ channel_11,0.10114581882953644,0.10114581882953644,0.16956643760204315,0.16956643760204315,0.7071001529693604,0.7071001529693604,True,True,0.19985035632034068,0.19985035632034068,0.19985035632034068,False
35,43,channel_36,channel_44,channel_36 ↔ channel_44,-0.10101806372404099,0.10101806372404099,0.00022117931803222746,0.00022117931803222746,0.014836009591817856,0.014836009591817856,False,False,0.3349949281384435,0.9985784189914396,0.3349949281384435,False
8,10,channel_9,channel_11,channel_9 ↔ channel_11,0.0988541916012764,0.0988541916012764,0.1561097353696823,0.1561097353696823,0.7071001529693604,0.7071001529693604,True,True,0.19985035632034068,0.19985035632034068,0.19985035632034068,False
27,43,channel_28,channel_44,channel_28 ↔ channel_44,-0.09831786155700684,0.09831786155700684,7.532438030466437e-05,7.532438030466437e-05,0.02097129635512829,0.02097129635512829,False,False,0.3349949281384435,0.9985784189914396,0.3349949281384435,False
70,72,channel_71,channel_73,channel_71 ↔ channel_73,-0.0890021026134491,0.0890021026134491,-0.0969301164150238,0.0969301164150238,-0.14069074392318726,0.14069074392318726,True,True,0.9982835788467388,0.9982834091057229,0.9982834091057229,False
72,75,channel_73,channel_76,channel_73 ↔ channel_76,-0.08058270066976547,0.08058270066976547,-0.1739812046289444,0.1739812046289444,-0.13199810683727264,0.13199810683727264,True,True,0.9982834091057229,0.9982834091057229,0.9982834091057229,False
72,73,channel_73,channel_74,channel_73 ↔ channel_74,-0.07497422397136688,0.07497422397136688,-0.29744404554367065,0.29744404554367065,-0.15212874114513397,0.15212874114513397,True,True,0.9982834091057229,0.9982805235084518,0.9982805235084518,False
55,59,channel_56,channel_60,channel_56 ↔ channel_60,-0.07374946027994156,0.07374946027994156,-0.0020885118283331394,0.0020885118283331394,-0.11789394915103912,0.11789394915103912,True,True,0.9985181609307783,0.9985181609307783,0.9985181609307783,False
55,57,channel_56,channel_58,channel_56 ↔ channel_58,-0.07355989515781403,0.07355989515781403,0.0009692289168015122,0.0009692289168015122,-0.11772533506155014,0.11772533506155014,True,True,0.9985181609307783,0.9985181609307783,0.9985181609307783,False
55,56,channel_56,channel_57,channel_56 ↔ channel_57,-0.07351768761873245,0.07351768761873245,-0.0005073389620520175,0.0005073389620520175,-0.12087546288967133,0.12087546288967133,False,True,0.9985181609307783,0.9985181609307783,0.9985181609307783,False
55,58,channel_56,channel_59,channel_56 ↔ channel_59,-0.07043071836233139,0.07043071836233139,-0.0014816396869719028,0.0014816396869719028,-0.12030661851167679,0.12030661851167679,True,True,0.9985181609307783,0.9985181609307783,0.9985181609307783,False
15,55,channel_16,channel_56,channel_16 ↔ channel_56,-0.06763231009244919,0.06763231009244919,-0.000780220259912312,0.000780220259912312,-0.10787461698055267,0.10787461698055267,False,True,0.3349949281384435,0.9985181609307783,0.3349949281384435,False
31,55,channel_32,channel_56,channel_32 ↔ channel_56,-0.06762359291315079,0.06762359291315079,8.378343409276567e-06,8.378343409276567e-06,-0.1078794077038765,0.1078794077038765,False,True,0.3349949281384435,0.9985181609307783,0.3349949281384435,False
23,55,channel_24,channel_56,channel_24 ↔ channel_56,-0.06762228906154633,0.06762228906154633,0.0008599904831498861,0.0008599904831498861,-0.10793530195951462,0.10793530195951462,False,True,0.3349949281384435,0.9985181609307783,0.3349949281384435,False
39,55,channel_40,channel_56,channel_40 ↔ channel_56,-0.06759297847747803,0.06759297847747803,-2.754301021923311e-05,2.754301021923311e-05,-0.10773993283510208,0.10773993283510208,False,True,0.3349949281384435,0.9985181609307783,0.3349949281384435,False
7,9,channel_8,channel_10,channel_8 ↔ channel_10,0.06749454140663147,0.06749454140663147,0.07923123985528946,0.07923123985528946,0.7071001529693604,0.7071001529693604,True,True,0.19985035632034068,0.19985035632034068,0.19985035632034068,False
8,9,channel_9,channel_10,channel_9 ↔ channel_10,0.06633604317903519,0.06633604317903519,0.07299385964870453,0.07299385964870453,0.7071001529693604,0.7071001529693604,True,True,0.19985035632034068,0.19985035632034068,0.19985035632034068,False
3,9,channel_4,channel_10,channel_4 ↔ channel_10,0.06443848460912704,0.06443848460912704,0.08869881182909012,0.08869881182909012,0.40823426842689514,0.40823426842689514,True,True,0.19985035632034068,0.19985035632034068,0.19985035632034068,False
69,74,channel_70,channel_75,channel_70 ↔ channel_75,-0.05963509902358055,0.05963509902358055,-0.0718260407447815,0.0718260407447815,-0.05788271129131317,0.05788271129131317,True,True,0.9982812024725155,0.9982842578108025,0.9982812024725155,False
52,53,channel_53,channel_54,channel_53 ↔ channel_54,-0.05864264443516731,0.05864264443516731,-0.059021610766649246,0.059021610766649246,-0.047192931175231934,0.047192931175231934,True,True,0.9985181609307783,0.9985181609307783,0.9985181609307783,False
0,44,channel_1,channel_45,channel_1 ↔ channel_45,0.058382797986269,0.058382797986269,0.0004088183050043881,0.0004088183050043881,0.0337052121758461,0.0337052121758461,False,True,0.35056832686959544,0.9985784189914396,0.35056832686959544,False
2,44,channel_3,channel_45,channel_3 ↔ channel_45,0.05819071829319,0.05819071829319,0.00041101634269580245,0.00041101634269580245,0.01803145557641983,0.01803145557641983,False,False,0.35056832686959544,0.9985784189914396,0.35056832686959544,False
1,44,channel_2,channel_45,channel_2 ↔ channel_45,0.05786530673503876,0.05786530673503876,0.000419189571402967,0.000419189571402967,0.0339018777012825,0.0339018777012825,False,True,0.35056832686959544,0.9985784189914396,0.35056832686959544,False
2,40,channel_3,channel_41,channel_3 ↔ channel_41,0.05725805088877678,0.05725805088877678,6.120291072875261e-05,6.120291072875261e-05,0.01966593973338604,0.01966593973338604,False,False,0.35056832686959544,0.9985784189914396,0.35056832686959544,False
0,40,channel_1,channel_41,channel_1 ↔ channel_41,0.0571732334792614,0.0571732334792614,2.0872498680546414e-06,2.0872498680546414e-06,0.03601326048374176,0.03601326048374176,False,True,0.35056832686959544,0.9985784189914396,0.35056832686959544,False
9,10,channel_10,channel_11,channel_10 ↔ channel_11,0.05692361667752266,0.05692361667752266,0.07944891601800919,0.07944891601800919,1.0,1.0,True,True,0.19985035632034068,0.19985035632034068,0.19985035632034068,False
1,40,channel_2,channel_41,channel_2 ↔ channel_41,0.05687078833580017,0.05687078833580017,1.0507071237952914e-05,1.0507071237952914e-05,0.03491121530532837,0.03491121530532837,False,True,0.35056832686959544,0.9985784189914396,0.35056832686959544,False
53,55,channel_54,channel_56,channel_54 ↔ channel_56,0.053580544888973236,0.053580544888973236,0.05289819836616516,0.05289819836616516,0.008285539224743843,0.008285539224743843,True,True,0.9985181609307783,0.9985181609307783,0.9985181609307783,False
0,41,channel_1,channel_42,channel_1 ↔ channel_42,0.05288749933242798,0.05288749933242798,0.0005686673684976995,0.0005686673684976995,0.03145015612244606,0.03145015612244606,False,True,0.35056832686959544,0.9985784189914396,0.35056832686959544,False
0,45,channel_1,channel_46,channel_1 ↔ channel_46,0.052747972309589386,0.052747972309589386,-0.0006946751964278519,0.0006946751964278519,0.03253987431526184,0.03253987431526184,False,True,0.35056832686959544,0.9985784189914396,0.35056832686959544,False
2,41,channel_3,channel_42,channel_3 ↔ channel_42,0.05267541483044624,0.05267541483044624,0.0006103992345742881,0.0006103992345742881,0.016051651909947395,0.016051651909947395,False,False,0.35056832686959544,0.9985784189914396,0.35056832686959544,False
2,45,channel_3,channel_46,channel_3 ↔ channel_46,0.05252455919981003,0.05252455919981003,-0.0007017363677732646,0.0007017363677732646,0.00768913934007287,0.00768913934007287,False,False,0.35056832686959544,0.9985784189914396,0.35056832686959544,False
1,41,channel_2,channel_42,channel_2 ↔ channel_42,0.05239085853099823,0.05239085853099823,0.0006143318023532629,0.0006143318023532629,0.03229915350675583,0.03229915350675583,False,True,0.35056832686959544,0.9985784189914396,0.35056832686959544,False
1,45,channel_2,channel_46,channel_2 ↔ channel_46,0.05235661193728447,0.05235661193728447,-0.0006470351363532245,0.0006470351363532245,0.033148087561130524,0.033148087561130524,False,True,0.35056832686959544,0.9985784189914396,0.35056832686959544,False
2,47,channel_3,channel_48,channel_3 ↔ channel_48,0.04858072102069855,0.04858072102069855,0.00016724244051147252,0.00016724244051147252,0.022754764184355736,0.022754764184355736,False,True,0.35056832686959544,0.9985112015491244,0.35056832686959544,False
2,50,channel_3,channel_51,channel_3 ↔ channel_51,0.048474472016096115,0.048474472016096115,3.046276106033474e-06,3.046276106033474e-06,0.022587427869439125,0.022587427869439125,False,True,0.35056832686959544,0.3339700318841524,0.3339700318841524,False
0,47,channel_1,channel_48,channel_1 ↔ channel_48,0.04846157133579254,0.04846157133579254,0.0001496068580308929,0.0001496068580308929,0.028050610795617104,0.028050610795617104,False,False,0.35056832686959544,0.9985112015491244,0.35056832686959544,False
0,50,channel_1,channel_51,channel_1 ↔ channel_51,0.048351965844631195,0.048351965844631195,-1.0877047316171229e-06,1.0877047316171229e-06,0.028235718607902527,0.028235718607902527,False,False,0.35056832686959544,0.3339700318841524,0.3339700318841524,False
1,47,channel_2,channel_48,channel_2 ↔ channel_48,0.04789777472615242,0.04789777472615242,0.00024249139823950827,0.00024249139823950827,0.02811296656727791,0.02811296656727791,False,False,0.35056832686959544,0.9985112015491244,0.35056832686959544,False
1,50,channel_2,channel_51,channel_2 ↔ channel_51,0.04779086261987686,0.04779086261987686,1.376607542624697e-06,1.376607542624697e-06,0.02817615121603012,0.02817615121603012,False,False,0.35056832686959544,0.3339700318841524,0.3339700318841524,False
70,73,channel_71,channel_74,channel_71 ↔ channel_74,-0.04673939198255539,0.04673939198255539,-0.08165287226438522,0.08165287226438522,-0.08743368089199066,0.08743368089199066,True,True,0.9982835788467388,0.9982805235084518,0.9982805235084518,False
54,55,channel_55,channel_56,channel_55 ↔ channel_56,-0.04606589674949646,0.04606589674949646,-0.04593279957771301,0.04593279957771301,-0.03510487824678421,0.03510487824678421,True,True,0.9985181609307783,0.9985181609307783,0.9985181609307783,False
47,69,channel_48,channel_70,channel_48 ↔ channel_70,-0.043701134622097015,0.043701134622097015,-0.00013720801507588476,0.00013720801507588476,-0.032017942517995834,0.032017942517995834,False,False,0.9985112015491244,0.9982812024725155,0.9982812024725155,False
50,69,channel_51,channel_70,channel_51 ↔ channel_70,-0.043646011501550674,0.043646011501550674,0.0017539076507091522,0.0017539076507091522,-0.03213754668831825,0.03213754668831825,True,False,0.3339700318841524,0.9982812024725155,0.3339700318841524,False
5,9,channel_6,channel_10,channel_6 ↔ channel_10,0.04082337021827698,0.04082337021827698,0.05459107086062431,0.05459107086062431,0.33332499861717224,0.33332499861717224,True,True,0.19985035632034068,0.19985035632034068,0.19985035632034068,False
52,54,channel_53,channel_55,channel_53 ↔ channel_55,0.03843993693590164,0.03843993693590164,0.037692081183195114,0.037692081183195114,0.047610312700271606,0.047610312700271606,True,True,0.9985181609307783,0.9985181609307783,0.9985181609307783,False
5,10,channel_6,channel_11,channel_6 ↔ channel_11,0.03749207407236099,0.03749207407236099,0.0441671758890152,0.0441671758890152,0.33332499861717224,0.33332499861717224,True,True,0.19985035632034068,0.19985035632034068,0.19985035632034068,False
53,54,channel_54,channel_55,channel_54 ↔ channel_55,-0.036308664828538895,0.036308664828538895,-0.03649742156267166,0.03649742156267166,-0.05059545114636421,0.05059545114636421,True,True,0.9985181609307783,0.9985181609307783,0.9985181609307783,False
5,7,channel_6,channel_8,channel_6 ↔ channel_8,0.0362221896648407,0.0362221896648407,0.039356350898742676,0.039356350898742676,0.47138240933418274,0.47138240933418274,True,True,0.19985035632034068,0.19985035632034068,0.19985035632034068,False
5,8,channel_6,channel_9,channel_6 ↔ channel_9,0.036207690834999084,0.036207690834999084,0.039092615246772766,0.039092615246772766,0.47138240933418274,0.47138240933418274,True,True,0.19985035632034068,0.19985035632034068,0.19985035632034068,False
39,66,channel_40,channel_67,channel_40 ↔ channel_67,-0.030629420652985573,0.030629420652985573,-3.1294570362661034e-05,3.1294570362661034e-05,-0.5609728097915649,0.5609728097915649,False,True,0.3349949281384435,0.20059229430104725,0.20059229430104725,False
31,66,channel_32,channel_67,channel_32 ↔ channel_67,-0.030626490712165833,0.030626490712165833,-6.421230409614509e-06,6.421230409614509e-06,-0.5603923201560974,0.5603923201560974,False,True,0.3349949281384435,0.20059229430104725,0.20059229430104725,False
32,66,channel_33,channel_67,channel_33 ↔ channel_67,-0.030580630525946617,0.030580630525946617,-3.300926255178638e-05,3.300926255178638e-05,-0.5608723759651184,0.5608723759651184,False,True,0.3349949281384435,0.20059229430104725,0.20059229430104725,False
3,10,channel_4,channel_11,channel_4 ↔ channel_11,0.026148349046707153,0.026148349046707153,0.03804902732372284,0.03804902732372284,0.40823426842689514,0.40823426842689514,True,True,0.19985035632034068,0.19985035632034068,0.19985035632034068,False
6,9,channel_7,channel_10,channel_7 ↔ channel_10,0.023209618404507637,0.023209618404507637,0.029940595850348473,0.029940595850348473,0.40823426842689514,0.40823426842689514,True,True,0.19985035632034068,0.19985035632034068,0.19985035632034068,False
40,73,channel_41,channel_74,channel_41 ↔ channel_74,0.022208085283637047,0.022208085283637047,0.05029144883155823,0.05029144883155823,0.030915671959519386,0.030915671959519386,True,True,0.9985784189914396,0.9982805235084518,0.9982805235084518,False
52,55,channel_53,channel_56,channel_53 ↔ channel_56,-0.0216843169182539,0.0216843169182539,-0.021592160686850548,0.021592160686850548,-0.012193169444799423,0.012193169444799423,True,False,0.9985181609307783,0.9985181609307783,0.9985181609307783,False
45,73,channel_46,channel_74,channel_46 ↔ channel_74,0.02116529643535614,0.02116529643535614,0.016526270657777786,0.016526270657777786,0.030006004497408867,0.030006004497408867,False,True,0.9985784189914396,0.9982805235084518,0.9982805235084518,False
58,75,channel_59,channel_76,channel_59 ↔ channel_76,0.01938859187066555,0.01938859187066555,-0.0010747977066785097,0.0010747977066785097,0.024929117411375046,0.024929117411375046,False,False,0.9985181609307783,0.9982834091057229,0.9982834091057229,False
56,75,channel_57,channel_76,channel_57 ↔ channel_76,0.019174842163920403,0.019174842163920403,0.0009115537977777421,0.0009115537977777421,0.02533188834786415,0.02533188834786415,True,False,0.9985181609307783,0.9982834091057229,0.9982834091057229,False
62,70,channel_63,channel_71,channel_63 ↔ channel_71,-0.018786506727337837,0.018786506727337837,0.0001064282187144272,0.0001064282187144272,-0.020430788397789,0.020430788397789,False,False,0.03327823539955677,0.9982835788467388,0.03327823539955677,False
61,70,channel_62,channel_71,channel_62 ↔ channel_71,-0.018765246495604515,0.018765246495604515,0.0001042574513121508,0.0001042574513121508,-0.020302975550293922,0.020302975550293922,False,False,0.03327823539955677,0.9982835788467388,0.03327823539955677,False
41,73,channel_42,channel_74,channel_42 ↔ channel_74,0.01835416443645954,0.01835416443645954,0.012142248451709747,0.012142248451709747,0.013898237608373165,0.013898237608373165,False,False,0.9985784189914396,0.9982805235084518,0.9982805235084518,False
44,71,channel_45,channel_72,channel_45 ↔ channel_72,0.01802091673016548,0.01802091673016548,0.057610657066106796,0.057610657066106796,0.0287493746727705,0.0287493746727705,True,True,0.9985784189914396,0.9982795050623561,0.9982795050623561,False
44,73,channel_45,channel_74,channel_45 ↔ channel_74,0.017983272671699524,0.017983272671699524,-0.028489919379353523,0.028489919379353523,0.013413945212960243,0.013413945212960243,True,False,0.9985784189914396,0.9982805235084518,0.9982805235084518,False
57,75,channel_58,channel_76,channel_58 ↔ channel_76,0.016936227679252625,0.016936227679252625,0.00021818384993821383,0.00021818384993821383,0.02252439223229885,0.02252439223229885,False,False,0.9985181609307783,0.9982834091057229,0.9982834091057229,False
12,52,channel_13,channel_53,channel_13 ↔ channel_53,0.016873935237526894,0.016873935237526894,-8.50442229420878e-05,8.50442229420878e-05,0.032901834696531296,0.032901834696531296,False,True,0.3349949281384435,0.9985181609307783,0.3349949281384435,False
62,74,channel_63,channel_75,channel_63 ↔ channel_75,-0.016798483207821846,0.016798483207821846,-0.00025944813387468457,0.00025944813387468457,-0.032162994146347046,0.032162994146347046,False,False,0.03327823539955677,0.9982842578108025,0.03327823539955677,False
61,74,channel_62,channel_75,channel_62 ↔ channel_75,-0.016787411645054817,0.016787411645054817,-0.0002608074573799968,0.0002608074573799968,-0.031888894736766815,0.031888894736766815,False,False,0.03327823539955677,0.9982842578108025,0.03327823539955677,False
16,52,channel_17,channel_53,channel_17 ↔ channel_53,0.016734741628170013,0.016734741628170013,-0.00022949381673242897,0.00022949381673242897,0.03212077543139458,0.03212077543139458,False,True,0.3349949281384435,0.9985181609307783,0.3349949281384435,False
19,52,channel_20,channel_53,channel_20 ↔ channel_53,0.0167082529515028,0.0167082529515028,-0.00010567240678938106,0.00010567240678938106,0.03177331015467644,0.03177331015467644,False,True,0.3349949281384435,0.9985181609307783,0.3349949281384435,False
25,52,channel_26,channel_53,channel_26 ↔ channel_53,0.01650959998369217,0.01650959998369217,0.00023861405497882515,0.00023861405497882515,0.03202912211418152,0.03202912211418152,False,True,0.3349949281384435,0.9985181609307783,0.3349949281384435,False
26,52,channel_27,channel_53,channel_27 ↔ channel_53,0.016374310478568077,0.016374310478568077,6.6575821620062925e-06,6.6575821620062925e-06,0.03124266490340233,0.03124266490340233,False,False,0.3349949281384435,0.9985181609307783,0.3349949281384435,False
58,72,channel_59,channel_73,channel_59 ↔ channel_73,0.01581600122153759,0.01581600122153759,3.2204086892306805e-05,3.2204086892306805e-05,0.016687190160155296,0.016687190160155296,False,False,0.9985181609307783,0.9982834091057229,0.9982834091057229,False
56,72,channel_57,channel_73,channel_57 ↔ channel_73,0.015417851507663727,0.015417851507663727,-0.00011218256986467168,0.00011218256986467168,0.0168682262301445,0.0168682262301445,False,False,0.9985181609307783,0.9982834091057229,0.9982834091057229,False
45,71,channel_46,channel_72,channel_46 ↔ channel_72,0.0150874312967062,0.0150874312967062,0.03776850178837776,0.03776850178837776,0.017883937805891037,0.017883937805891037,True,False,0.9985784189914396,0.9982795050623561,0.9982795050623561,False
59,71,channel_60,channel_72,channel_60 ↔ channel_72,0.014374670572578907,0.014374670572578907,-0.0004590707249008119,0.0004590707249008119,0.021517394110560417,0.021517394110560417,False,False,0.9985181609307783,0.9982795050623561,0.9982795050623561,False
44,74,channel_45,channel_75,channel_45 ↔ channel_75,0.013962939381599426,0.013962939381599426,0.061467789113521576,0.061467789113521576,0.04873911663889885,0.04873911663889885,True,True,0.9985784189914396,0.9982842578108025,0.9982842578108025,False
58,73,channel_59,channel_74,channel_59 ↔ channel_74,0.01369453314691782,0.01369453314691782,-0.0006560768815688789,0.0006560768815688789,0.01843717321753502,0.01843717321753502,False,False,0.9985181609307783,0.9982805235084518,0.9982805235084518,False
4,10,channel_5,channel_11,channel_5 ↔ channel_11,0.013383591547608376,0.013383591547608376,0.022960565984249115,0.022960565984249115,0.3535301983356476,0.3535301983356476,True,True,0.19985035632034068,0.19985035632034068,0.19985035632034068,False
6,10,channel_7,channel_11,channel_7 ↔ channel_11,0.010660827159881592,0.010660827159881592,0.02208634652197361,0.02208634652197361,0.40823426842689514,0.40823426842689514,True,True,0.19985035632034068,0.19985035632034068,0.19985035632034068,False
3,7,channel_4,channel_8,channel_4 ↔ channel_8,0.010637295432388783,0.010637295432388783,0.020097453147172928,0.020097453147172928,0.28865349292755127,0.28865349292755127,True,True,0.19985035632034068,0.19985035632034068,0.19985035632034068,False
6,7,channel_7,channel_8,channel_7 ↔ channel_8,0.010581549257040024,0.010581549257040024,0.0190067607909441,0.0190067607909441,0.28865349292755127,0.28865349292755127,True,True,0.19985035632034068,0.19985035632034068,0.19985035632034068,False
6,8,channel_7,channel_9,channel_7 ↔ channel_9,0.010372217744588852,0.010372217744588852,0.017547322437167168,0.017547322437167168,0.28865349292755127,0.28865349292755127,True,True,0.19985035632034068,0.19985035632034068,0.19985035632034068,False
3,8,channel_4,channel_9,channel_4 ↔ channel_9,0.010357875376939774,0.010357875376939774,0.018044160678982735,0.018044160678982735,0.28865349292755127,0.28865349292755127,True,True,0.19985035632034068,0.19985035632034068,0.19985035632034068,False
54,59,channel_55,channel_60,channel_55 ↔ channel_60,0.010182377882301807,0.010182377882301807,0.005333430599421263,0.005333430599421263,0.016190331429243088,0.016190331429243088,True,True,0.9985181609307783,0.9985181609307783,0.9985181609307783,False
54,56,channel_55,channel_57,channel_55 ↔ channel_57,0.009690074250102043,0.009690074250102043,0.002997748553752899,0.002997748553752899,0.015606716275215149,0.015606716275215149,True,True,0.9985181609307783,0.9985181609307783,0.9985181609307783,False
54,57,channel_55,channel_58,channel_55 ↔ channel_58,0.009566254913806915,0.009566254913806915,-0.00299014407210052,0.00299014407210052,0.015600493177771568,0.015600493177771568,True,True,0.9985181609307783,0.9985181609307783,0.9985181609307783,False
23,54,channel_24,channel_55,channel_24 ↔ channel_55,0.009532082825899124,0.009532082825899124,0.0010072767036035657,0.0010072767036035657,0.015068690292537212,0.015068690292537212,False,False,0.3349949281384435,0.9985181609307783,0.3349949281384435,False
31,54,channel_32,channel_55,channel_32 ↔ channel_55,0.009489159099757671,0.009489159099757671,-0.0004317388229537755,0.0004317388229537755,0.014962561428546906,0.014962561428546906,False,False,0.3349949281384435,0.9985181609307783,0.3349949281384435,False
53,56,channel_54,channel_57,channel_54 ↔ channel_57,-0.008123294450342655,0.008123294450342655,-0.005353942979127169,0.005353942979127169,-0.007117349188774824,0.007117349188774824,True,True,0.9985181609307783,0.9985181609307783,0.9985181609307783,False
53,58,channel_54,channel_59,channel_54 ↔ channel_59,-0.00794263742864132,0.00794263742864132,-0.0016842108452692628,0.0016842108452692628,-0.006970062851905823,0.006970062851905823,True,True,0.9985181609307783,0.9985181609307783,0.9985181609307783,False
53,57,channel_54,channel_58,channel_54 ↔ channel_58,-0.007543585263192654,0.007543585263192654,-0.0013608720619231462,0.0013608720619231462,-0.006963234394788742,0.006963234394788742,True,True,0.9985181609307783,0.9985181609307783,0.9985181609307783,False
53,59,channel_54,channel_60,channel_54 ↔ channel_60,-0.007325064856559038,0.007325064856559038,0.00035809515975415707,0.00035809515975415707,-0.007036206312477589,0.007036206312477589,False,True,0.9985181609307783,0.9985181609307783,0.9985181609307783,False
15,53,channel_16,channel_54,channel_16 ↔ channel_54,-0.005901450756937265,0.005901450756937265,0.0001310183433815837,0.0001310183433815837,-0.005672175902873278,0.005672175902873278,False,False,0.3349949281384435,0.9985181609307783,0.3349949281384435,False
4,8,channel_5,channel_9,channel_5 ↔ channel_9,0.005107321310788393,0.005107321310788393,0.006877031642943621,0.006877031642943621,0.24997031688690186,0.24997031688690186,True,True,0.19985035632034068,0.19985035632034068,0.19985035632034068,False
4,7,channel_5,channel_8,channel_5 ↔ channel_8,0.005091673694550991,0.005091673694550991,0.00674628047272563,0.00674628047272563,0.24997031688690186,0.24997031688690186,True,True,0.19985035632034068,0.19985035632034068,0.19985035632034068,False
49,67,channel_50,channel_68,channel_50 ↔ channel_68,-0.004306675400584936,0.004306675400584936,-0.0004673560324590653,0.0004673560324590653,-0.09578128904104233,0.09578128904104233,False,True,0.3339700318841524,0.20059229430104725,0.20059229430104725,False
46,67,channel_47,channel_68,channel_47 ↔ channel_68,-0.004278118722140789,0.004278118722140789,-1.055440770869609e-05,1.055440770869609e-05,-0.09629093110561371,0.09629093110561371,False,True,0.9985112015491244,0.20059229430104725,0.20059229430104725,False
47,67,channel_48,channel_68,channel_48 ↔ channel_68,-0.00422381516546011,0.00422381516546011,0.00010169245797442272,0.00010169245797442272,-0.09539136290550232,0.09539136290550232,False,True,0.9985112015491244,0.20059229430104725,0.20059229430104725,False
61,68,channel_62,channel_69,channel_62 ↔ channel_69,-0.004115868825465441,0.004115868825465441,-3.7960692922389683e-10,3.7960692922389683e-10,-0.02290530316531658,0.02290530316531658,False,False,0.03327823539955677,0.20059229430104725,0.03327823539955677,False
62,68,channel_63,channel_69,channel_63 ↔ channel_69,-0.0040856641717255116,0.0040856641717255116,-3.7535399788346524e-10,3.7535399788346524e-10,-0.022615937516093254,0.022615937516093254,False,False,0.03327823539955677,0.20059229430104725,0.03327823539955677,False
22,68,channel_23,channel_69,channel_23 ↔ channel_69,0.002975865500047803,0.002975865500047803,1.2129300557717215e-05,1.2129300557717215e-05,0.09376389533281326,0.09376389533281326,False,False,0.3349949281384435,0.20059229430104725,0.20059229430104725,False
61,64,channel_62,channel_65,channel_62 ↔ channel_65,-0.0027940943837165833,0.0027940943837165833,-1.660272772596727e-07,1.660272772596727e-07,-0.0019191084429621696,0.0019191084429621696,False,False,0.03327823539955677,0.20059229430104725,0.03327823539955677,False
62,64,channel_63,channel_65,channel_63 ↔ channel_65,-0.002771425759419799,0.002771425759419799,-3.455826345089008e-07,3.455826345089008e-07,-0.0019208315061405301,0.0019208315061405301,False,False,0.03327823539955677,0.20059229430104725,0.03327823539955677,False
61,63,channel_62,channel_64,channel_62 ↔ channel_64,-0.002768401289358735,0.002768401289358735,-2.117956950847986e-23,2.117956950847986e-23,0.0012775813229382038,0.0012775813229382038,False,False,0.03327823539955677,0.20059229430104725,0.03327823539955677,False
62,63,channel_63,channel_64,channel_63 ↔ channel_64,-0.0027458611875772476,0.0027458611875772476,-2.094228488135481e-23,2.094228488135481e-23,0.0012774132192134857,0.0012774132192134857,False,False,0.03327823539955677,0.20059229430104725,0.03327823539955677,False
60,63,channel_61,channel_64,channel_61 ↔ channel_64,0.0024212622083723545,0.0024212622083723545,-5.134657766760115e-24,5.134657766760115e-24,0.002743655117228627,0.002743655117228627,False,False,0.03327823539955677,0.20059229430104725,0.03327823539955677,False
60,64,channel_61,channel_65,channel_61 ↔ channel_65,0.0024063645396381617,0.0024063645396381617,-1.2028011042275466e-05,1.2028011042275466e-05,0.0006635255413129926,0.0006635255413129926,False,False,0.03327823539955677,0.20059229430104725,0.03327823539955677,False
5,18,channel_6,channel_19,channel_6 ↔ channel_19,-0.002098629716783762,0.002098629716783762,2.130331040461897e-06,2.130331040461897e-06,-0.00011933323548873886,0.00011933323548873886,False,False,0.19985035632034068,0.3349949281384435,0.19985035632034068,False
3,18,channel_4,channel_19,channel_4 ↔ channel_19,-0.0020828836131840944,0.0020828836131840944,-5.427936685009627e-06,5.427936685009627e-06,0.0005049550090916455,0.0005049550090916455,False,False,0.19985035632034068,0.3349949281384435,0.19985035632034068,False
6,18,channel_7,channel_19,channel_7 ↔ channel_19,-0.0020554345101118088,0.0020554345101118088,-7.761360052427335e-07,7.761360052427335e-07,0.0005049567553214729,0.0005049567553214729,False,False,0.19985035632034068,0.3349949281384435,0.19985035632034068,False
4,18,channel_5,channel_19,channel_5 ↔ channel_19,-0.002050822600722313,0.002050822600722313,1.0755307755516696e-07,1.0755307755516696e-07,5.205934576224536e-05,5.205934576224536e-05,False,False,0.19985035632034068,0.3349949281384435,0.19985035632034068,False
9,40,channel_10,channel_41,channel_10 ↔ channel_41,0.0017480358947068453,0.0017480358947068453,-0.0003531945403665304,0.0003531945403665304,0.004246584139764309,0.004246584139764309,False,True,0.19985035632034068,0.9985784189914396,0.19985035632034068,False
10,45,channel_11,channel_46,channel_11 ↔ channel_46,0.0017479180824011564,0.0017479180824011564,0.0011138498084619641,0.0011138498084619641,0.0038259541615843773,0.0038259541615843773,False,False,0.19985035632034068,0.9985784189914396,0.19985035632034068,False
4,36,channel_5,channel_37,channel_5 ↔ channel_37,-0.0017229727236554027,0.0017229727236554027,-0.0001361343020107597,0.0001361343020107597,0.0006556172156706452,0.0006556172156706452,False,False,0.19985035632034068,0.3349949281384435,0.19985035632034068,False
9,31,channel_10,channel_32,channel_10 ↔ channel_32,0.0016943016089498997,0.0016943016089498997,-0.0003142401110380888,0.0003142401110380888,0.002730785869061947,0.002730785869061947,False,False,0.19985035632034068,0.3349949281384435,0.19985035632034068,False
7,40,channel_8,channel_41,channel_8 ↔ channel_41,0.0015618848847225308,0.0015618848847225308,0.002627474954351783,0.002627474954351783,0.004518095403909683,0.004518095403909683,True,False,0.19985035632034068,0.9985784189914396,0.19985035632034068,False
8,40,channel_9,channel_41,channel_9 ↔ channel_41,0.0015566160436719656,0.0015566160436719656,0.002679509110748768,0.002679509110748768,0.004518095403909683,0.004518095403909683,True,False,0.19985035632034068,0.9985784189914396,0.19985035632034068,False
