window_index,window_start,method,method_label,mask_family,mask_label,normalized_rmse,normalized_mae,evaluation_points
0,5891328,raw_pearson,原值 Pearson Top-8,channel_dropout_50,通道丢失 50%,0.6801042879374868,0.46043416587184,3648
0,5891328,diff_pearson,一阶差分 Pearson Top-8,channel_dropout_50,通道丢失 50%,0.7859498952436028,0.5344925645880434,3648
0,5891328,spearman,Spearman Top-8,channel_dropout_50,通道丢失 50%,0.6755693747639544,0.4565502972394492,3648
0,5891328,random,随机 Top-8,channel_dropout_50,通道丢失 50%,0.7757258686060964,0.5310492679809643,3648
0,5891328,shuffled,打乱原值图,channel_dropout_50,通道丢失 50%,0.8522217707887254,0.6208437848305589,3648
0,5891328,global_mean,零值基线,channel_dropout_50,通道丢失 50%,0.8637770720670039,0.6886791065291554,3648
0,5891328,raw_pearson,原值 Pearson Top-8,rectangle_50,矩形缺失 50%,0.7518596311857484,0.5388677584412586,3672
0,5891328,diff_pearson,一阶差分 Pearson Top-8,rectangle_50,矩形缺失 50%,0.8746489443054926,0.5846014949883885,3672
0,5891328,spearman,Spearman Top-8,rectangle_50,矩形缺失 50%,0.7061932696360975,0.5179948043996581,3672
0,5891328,random,随机 Top-8,rectangle_50,矩形缺失 50%,0.8989965950209027,0.6661047368545518,3672
0,5891328,shuffled,打乱原值图,rectangle_50,矩形缺失 50%,0.8244283187310917,0.60130998685624,3672
0,5891328,global_mean,零值基线,rectangle_50,矩形缺失 50%,0.8515578135815672,0.6800101873361917,3672
0,5891328,raw_pearson,原值 Pearson Top-8,time_block_50,时间块缺失 50%,0.8628608468000586,0.6919802016982497,3648
0,5891328,diff_pearson,一阶差分 Pearson Top-8,time_block_50,时间块缺失 50%,0.8700199047115715,0.6973991280281328,3648
0,5891328,spearman,Spearman Top-8,time_block_50,时间块缺失 50%,0.8655460973305169,0.6930409820065059,3648
0,5891328,random,随机 Top-8,time_block_50,时间块缺失 50%,0.8787545340575355,0.706282641193992,3648
0,5891328,shuffled,打乱原值图,time_block_50,时间块缺失 50%,0.8805328900461544,0.7054508210389272,3648
0,5891328,global_mean,零值基线,time_block_50,时间块缺失 50%,0.8627204992593069,0.6908318704242143,3648
1,5902924,raw_pearson,原值 Pearson Top-8,channel_dropout_50,通道丢失 50%,0.7544030331048944,0.5300125149969577,3648
1,5902924,diff_pearson,一阶差分 Pearson Top-8,channel_dropout_50,通道丢失 50%,0.7513290696453804,0.5461303353807877,3648
1,5902924,spearman,Spearman Top-8,channel_dropout_50,通道丢失 50%,0.6724915109156995,0.487523066783572,3648
1,5902924,random,随机 Top-8,channel_dropout_50,通道丢失 50%,0.7605808161000533,0.5692971508500125,3648
1,5902924,shuffled,打乱原值图,channel_dropout_50,通道丢失 50%,0.9084912339443876,0.6303686373301707,3648
1,5902924,global_mean,零值基线,channel_dropout_50,通道丢失 50%,0.8531637282561985,0.6960342297273504,3648
1,5902924,raw_pearson,原值 Pearson Top-8,rectangle_50,矩形缺失 50%,0.9317905902525969,0.6380651303634947,3672
1,5902924,diff_pearson,一阶差分 Pearson Top-8,rectangle_50,矩形缺失 50%,0.7694701860490235,0.5705652081295992,3672
1,5902924,spearman,Spearman Top-8,rectangle_50,矩形缺失 50%,0.7714211885053813,0.577097578136407,3672
1,5902924,random,随机 Top-8,rectangle_50,矩形缺失 50%,0.8186009353832355,0.6483427189164982,3672
1,5902924,shuffled,打乱原值图,rectangle_50,矩形缺失 50%,0.7808573957160468,0.5926077923752118,3672
1,5902924,global_mean,零值基线,rectangle_50,矩形缺失 50%,0.8568143110667065,0.6936731467678114,3672
1,5902924,raw_pearson,原值 Pearson Top-8,time_block_50,时间块缺失 50%,0.8569651563942413,0.6866943769363204,3648
1,5902924,diff_pearson,一阶差分 Pearson Top-8,time_block_50,时间块缺失 50%,0.8636309867217811,0.6917458165559023,3648
1,5902924,spearman,Spearman Top-8,time_block_50,时间块缺失 50%,0.8571029328770214,0.6872639698612613,3648
1,5902924,random,随机 Top-8,time_block_50,时间块缺失 50%,0.8736815925036663,0.7011691723399098,3648
1,5902924,shuffled,打乱原值图,time_block_50,时间块缺失 50%,0.8757065336615912,0.7003620962185952,3648
1,5902924,global_mean,零值基线,time_block_50,时间块缺失 50%,0.8556245607435654,0.6855980967783533,3648
2,5914521,raw_pearson,原值 Pearson Top-8,channel_dropout_50,通道丢失 50%,0.9055840489184083,0.5516377380613711,3648
2,5914521,diff_pearson,一阶差分 Pearson Top-8,channel_dropout_50,通道丢失 50%,0.6857932285193534,0.44959379929310883,3648
2,5914521,spearman,Spearman Top-8,channel_dropout_50,通道丢失 50%,0.6759931938965774,0.4760030858544615,3648
2,5914521,random,随机 Top-8,channel_dropout_50,通道丢失 50%,0.8543519957680157,0.6748125278255647,3648
2,5914521,shuffled,打乱原值图,channel_dropout_50,通道丢失 50%,0.7097441500591165,0.4892590796788439,3648
2,5914521,global_mean,零值基线,channel_dropout_50,通道丢失 50%,0.8880949283361156,0.747778372777822,3648
2,5914521,raw_pearson,原值 Pearson Top-8,rectangle_50,矩形缺失 50%,0.9400471695269733,0.6715979553803711,3672
2,5914521,diff_pearson,一阶差分 Pearson Top-8,rectangle_50,矩形缺失 50%,0.8657133775953388,0.6386841406374812,3672
2,5914521,spearman,Spearman Top-8,rectangle_50,矩形缺失 50%,0.8508999910544609,0.6220964338242917,3672
2,5914521,random,随机 Top-8,rectangle_50,矩形缺失 50%,0.8759155102051579,0.6947709188101618,3672
2,5914521,shuffled,打乱原值图,rectangle_50,矩形缺失 50%,0.8728115649274388,0.6749009686894737,3672
2,5914521,global_mean,零值基线,rectangle_50,矩形缺失 50%,0.927842774520445,0.7564761310897987,3672
2,5914521,raw_pearson,原值 Pearson Top-8,time_block_50,时间块缺失 50%,0.9002377958051205,0.7212619309531525,3648
2,5914521,diff_pearson,一阶差分 Pearson Top-8,time_block_50,时间块缺失 50%,0.9056804082340709,0.7249164801850857,3648
2,5914521,spearman,Spearman Top-8,time_block_50,时间块缺失 50%,0.8977061599942215,0.7184136153831918,3648
2,5914521,random,随机 Top-8,time_block_50,时间块缺失 50%,0.9189281542460964,0.7380034520356223,3648
2,5914521,shuffled,打乱原值图,time_block_50,时间块缺失 50%,0.9190217658869736,0.7355846964428603,3648
2,5914521,global_mean,零值基线,time_block_50,时间块缺失 50%,0.8968770286440304,0.7183181445052629,3648
3,5926117,raw_pearson,原值 Pearson Top-8,channel_dropout_50,通道丢失 50%,0.8152108970735676,0.5773996285645514,3648
3,5926117,diff_pearson,一阶差分 Pearson Top-8,channel_dropout_50,通道丢失 50%,0.8336250416130421,0.6124630010739102,3648
3,5926117,spearman,Spearman Top-8,channel_dropout_50,通道丢失 50%,0.7698404124099542,0.5730166627565026,3648
3,5926117,random,随机 Top-8,channel_dropout_50,通道丢失 50%,0.939402993667413,0.7406264205159834,3648
3,5926117,shuffled,打乱原值图,channel_dropout_50,通道丢失 50%,0.9122352815783971,0.6889173038206259,3648
3,5926117,global_mean,零值基线,channel_dropout_50,通道丢失 50%,0.9594353692913796,0.8059471142551047,3648
3,5926117,raw_pearson,原值 Pearson Top-8,rectangle_50,矩形缺失 50%,1.2572325610459365,0.6499995235898642,3672
3,5926117,diff_pearson,一阶差分 Pearson Top-8,rectangle_50,矩形缺失 50%,0.8696363430568992,0.554540901953481,3672
3,5926117,spearman,Spearman Top-8,rectangle_50,矩形缺失 50%,0.824949240873451,0.5300246385454532,3672
3,5926117,random,随机 Top-8,rectangle_50,矩形缺失 50%,0.9004426354398419,0.6042924813236338,3672
3,5926117,shuffled,打乱原值图,rectangle_50,矩形缺失 50%,0.9140252473473253,0.6278658950292779,3672
3,5926117,global_mean,零值基线,rectangle_50,矩形缺失 50%,0.956440938848047,0.715822421245923,3672
3,5926117,raw_pearson,原值 Pearson Top-8,time_block_50,时间块缺失 50%,1.010567747107406,0.7543523421289746,3648
3,5926117,diff_pearson,一阶差分 Pearson Top-8,time_block_50,时间块缺失 50%,1.015225168624623,0.7576782949827272,3648
3,5926117,spearman,Spearman Top-8,time_block_50,时间块缺失 50%,1.0067633647419219,0.7496717491083151,3648
3,5926117,random,随机 Top-8,time_block_50,时间块缺失 50%,1.0317067088672984,0.7721400797316712,3648
3,5926117,shuffled,打乱原值图,time_block_50,时间块缺失 50%,1.0293926268391864,0.7689251158987459,3648
3,5926117,global_mean,零值基线,time_block_50,时间块缺失 50%,1.0079436020265289,0.7509585277765948,3648
4,5937713,raw_pearson,原值 Pearson Top-8,channel_dropout_50,通道丢失 50%,0.7436903653431218,0.5300688096888281,3648
4,5937713,diff_pearson,一阶差分 Pearson Top-8,channel_dropout_50,通道丢失 50%,0.7212919978929433,0.536820773092898,3648
4,5937713,spearman,Spearman Top-8,channel_dropout_50,通道丢失 50%,0.7294233867503591,0.5278929808248491,3648
4,5937713,random,随机 Top-8,channel_dropout_50,通道丢失 50%,1.0047455256438633,0.6422988374423313,3648
4,5937713,shuffled,打乱原值图,channel_dropout_50,通道丢失 50%,0.7967904974181232,0.5776253872576089,3648
4,5937713,global_mean,零值基线,channel_dropout_50,通道丢失 50%,0.9041091391714257,0.7716335032511555,3648
4,5937713,raw_pearson,原值 Pearson Top-8,rectangle_50,矩形缺失 50%,0.8494813244127358,0.6615189647362201,3672
4,5937713,diff_pearson,一阶差分 Pearson Top-8,rectangle_50,矩形缺失 50%,0.898164219775201,0.7135752171668652,3672
4,5937713,spearman,Spearman Top-8,rectangle_50,矩形缺失 50%,0.8317247428246571,0.6557098340922659,3672
4,5937713,random,随机 Top-8,rectangle_50,矩形缺失 50%,0.9158144019403913,0.7516270077438953,3672
4,5937713,shuffled,打乱原值图,rectangle_50,矩形缺失 50%,0.8867595128070012,0.6860325969794009,3672
4,5937713,global_mean,零值基线,rectangle_50,矩形缺失 50%,0.9670294022592334,0.809265017886023,3672
4,5937713,raw_pearson,原值 Pearson Top-8,time_block_50,时间块缺失 50%,0.9335114735120813,0.7645389040791427,3648
4,5937713,diff_pearson,一阶差分 Pearson Top-8,time_block_50,时间块缺失 50%,0.9400705749711051,0.768912289422872,3648
4,5937713,spearman,Spearman Top-8,time_block_50,时间块缺失 50%,0.933266458899134,0.7638098364237194,3648
4,5937713,random,随机 Top-8,time_block_50,时间块缺失 50%,0.9503835228380382,0.7793471185737271,3648
4,5937713,shuffled,打乱原值图,time_block_50,时间块缺失 50%,0.9537930492368707,0.778470514093111,3648
4,5937713,global_mean,零值基线,time_block_50,时间块缺失 50%,0.9309685798485369,0.7623974075967086,3648
5,5949310,raw_pearson,原值 Pearson Top-8,channel_dropout_50,通道丢失 50%,0.7261907644831591,0.4738072711441257,3648
5,5949310,diff_pearson,一阶差分 Pearson Top-8,channel_dropout_50,通道丢失 50%,0.6335341715001127,0.4018148134533226,3648
5,5949310,spearman,Spearman Top-8,channel_dropout_50,通道丢失 50%,0.6609148165891561,0.4401651980801484,3648
5,5949310,random,随机 Top-8,channel_dropout_50,通道丢失 50%,0.841357228426164,0.6291594397960606,3648
5,5949310,shuffled,打乱原值图,channel_dropout_50,通道丢失 50%,0.7256036156573968,0.4525909595903436,3648
5,5949310,global_mean,零值基线,channel_dropout_50,通道丢失 50%,0.8831740945956461,0.7121425563540182,3648
5,5949310,raw_pearson,原值 Pearson Top-8,rectangle_50,矩形缺失 50%,0.9670259820225966,0.6842821583706871,3672
5,5949310,diff_pearson,一阶差分 Pearson Top-8,rectangle_50,矩形缺失 50%,0.9201696972042985,0.6769978873676343,3672
5,5949310,spearman,Spearman Top-8,rectangle_50,矩形缺失 50%,0.8992581151344646,0.6589345776250117,3672
5,5949310,random,随机 Top-8,rectangle_50,矩形缺失 50%,0.9962954153051773,0.7871520155962355,3672
5,5949310,shuffled,打乱原值图,rectangle_50,矩形缺失 50%,0.9434244048788927,0.7351922695556011,3672
5,5949310,global_mean,零值基线,rectangle_50,矩形缺失 50%,0.9920006617115728,0.8210090438935768,3672
5,5949310,raw_pearson,原值 Pearson Top-8,time_block_50,时间块缺失 50%,0.9242618301378265,0.7516961022437638,3648
5,5949310,diff_pearson,一阶差分 Pearson Top-8,time_block_50,时间块缺失 50%,0.9309656542751527,0.7556702565441622,3648
5,5949310,spearman,Spearman Top-8,time_block_50,时间块缺失 50%,0.9226855349962171,0.7497452018210131,3648
5,5949310,random,随机 Top-8,time_block_50,时间块缺失 50%,0.9425663853112345,0.7676458708045092,3648
5,5949310,shuffled,打乱原值图,time_block_50,时间块缺失 50%,0.9447881758374969,0.7657081762941162,3648
5,5949310,global_mean,零值基线,time_block_50,时间块缺失 50%,0.9216055602780261,0.749279910092315,3648
6,5960906,raw_pearson,原值 Pearson Top-8,channel_dropout_50,通道丢失 50%,0.6458593480903927,0.39789220612791043,3648
6,5960906,diff_pearson,一阶差分 Pearson Top-8,channel_dropout_50,通道丢失 50%,0.6651787636167963,0.41739459418910285,3648
6,5960906,spearman,Spearman Top-8,channel_dropout_50,通道丢失 50%,0.647322263561936,0.406080410548563,3648
6,5960906,random,随机 Top-8,channel_dropout_50,通道丢失 50%,0.7579132597996817,0.5280397215328022,3648
6,5960906,shuffled,打乱原值图,channel_dropout_50,通道丢失 50%,0.8167686911861337,0.5750709574873121,3648
6,5960906,global_mean,零值基线,channel_dropout_50,通道丢失 50%,0.8999272622190488,0.712841656681153,3648
6,5960906,raw_pearson,原值 Pearson Top-8,rectangle_50,矩形缺失 50%,0.9974810439556673,0.6149152643571496,3672
6,5960906,diff_pearson,一阶差分 Pearson Top-8,rectangle_50,矩形缺失 50%,0.9780270200603989,0.679318306146313,3672
6,5960906,spearman,Spearman Top-8,rectangle_50,矩形缺失 50%,0.7929285809834481,0.5633490587757535,3672
6,5960906,random,随机 Top-8,rectangle_50,矩形缺失 50%,0.9438637871214315,0.7190285047863295,3672
6,5960906,shuffled,打乱原值图,rectangle_50,矩形缺失 50%,0.9499114498024147,0.710872295735616,3672
6,5960906,global_mean,零值基线,rectangle_50,矩形缺失 50%,0.9504662129573083,0.7742330849399212,3672
6,5960906,raw_pearson,原值 Pearson Top-8,time_block_50,时间块缺失 50%,0.9650744215435583,0.7831204929715898,3648
6,5960906,diff_pearson,一阶差分 Pearson Top-8,time_block_50,时间块缺失 50%,0.9711870565318825,0.7872171624813367,3648
6,5960906,spearman,Spearman Top-8,time_block_50,时间块缺失 50%,0.9637072346649963,0.7811824712873771,3648
6,5960906,random,随机 Top-8,time_block_50,时间块缺失 50%,0.9827082423116524,0.7987991970014665,3648
6,5960906,shuffled,打乱原值图,time_block_50,时间块缺失 50%,0.9862244398688886,0.7967435408803649,3648
6,5960906,global_mean,零值基线,time_block_50,时间块缺失 50%,0.9627684424739277,0.7806234060899602,3648
7,5972502,raw_pearson,原值 Pearson Top-8,channel_dropout_50,通道丢失 50%,0.6441629047262847,0.3844532045029982,3648
7,5972502,diff_pearson,一阶差分 Pearson Top-8,channel_dropout_50,通道丢失 50%,0.7568346478201458,0.5002873511687321,3648
7,5972502,spearman,Spearman Top-8,channel_dropout_50,通道丢失 50%,0.6921153637243329,0.42019565979355084,3648
7,5972502,random,随机 Top-8,channel_dropout_50,通道丢失 50%,0.844984840791678,0.5814290401029724,3648
7,5972502,shuffled,打乱原值图,channel_dropout_50,通道丢失 50%,0.7289160678483906,0.5108107495519572,3648
7,5972502,global_mean,零值基线,channel_dropout_50,通道丢失 50%,0.8241055570739916,0.6395331255665504,3648
7,5972502,raw_pearson,原值 Pearson Top-8,rectangle_50,矩形缺失 50%,0.8184181093990683,0.5737241331975911,3672
7,5972502,diff_pearson,一阶差分 Pearson Top-8,rectangle_50,矩形缺失 50%,0.8068225670797545,0.5752128115987593,3672
7,5972502,spearman,Spearman Top-8,rectangle_50,矩形缺失 50%,0.7948919415741201,0.5615933055980973,3672
7,5972502,random,随机 Top-8,rectangle_50,矩形缺失 50%,0.8420876972473115,0.6219443811358213,3672
7,5972502,shuffled,打乱原值图,rectangle_50,矩形缺失 50%,0.7745525486608503,0.5671792274069313,3672
7,5972502,global_mean,零值基线,rectangle_50,矩形缺失 50%,0.8766637789532423,0.675464753541449,3672
7,5972502,raw_pearson,原值 Pearson Top-8,time_block_50,时间块缺失 50%,0.8531270969070733,0.6363377923622467,3648
7,5972502,diff_pearson,一阶差分 Pearson Top-8,time_block_50,时间块缺失 50%,0.8594327534896979,0.6419501869181425,3648
7,5972502,spearman,Spearman Top-8,time_block_50,时间块缺失 50%,0.8546873701533277,0.6357973490952584,3648
7,5972502,random,随机 Top-8,time_block_50,时间块缺失 50%,0.8658263941607932,0.6522968158691075,3648
7,5972502,shuffled,打乱原值图,time_block_50,时间块缺失 50%,0.8643847538973666,0.6498129337632484,3648
7,5972502,global_mean,零值基线,time_block_50,时间块缺失 50%,0.853287222475416,0.6353126139702318,3648
8,5984099,raw_pearson,原值 Pearson Top-8,channel_dropout_50,通道丢失 50%,0.7127003896335213,0.5179643347160876,3648
8,5984099,diff_pearson,一阶差分 Pearson Top-8,channel_dropout_50,通道丢失 50%,0.703327407828662,0.4939055890763283,3648
8,5984099,spearman,Spearman Top-8,channel_dropout_50,通道丢失 50%,0.7179480581524215,0.5234537211558249,3648
8,5984099,random,随机 Top-8,channel_dropout_50,通道丢失 50%,0.8503981314583933,0.5621172913962851,3648
8,5984099,shuffled,打乱原值图,channel_dropout_50,通道丢失 50%,0.8440586676724467,0.5982305548612903,3648
8,5984099,global_mean,零值基线,channel_dropout_50,通道丢失 50%,0.918038951143018,0.741808632311739,3648
8,5984099,raw_pearson,原值 Pearson Top-8,rectangle_50,矩形缺失 50%,0.8376345855007867,0.6963639705967848,3672
8,5984099,diff_pearson,一阶差分 Pearson Top-8,rectangle_50,矩形缺失 50%,0.9705701685846052,0.7483594928763658,3672
8,5984099,spearman,Spearman Top-8,rectangle_50,矩形缺失 50%,0.8384783628012283,0.6975245379282331,3672
8,5984099,random,随机 Top-8,rectangle_50,矩形缺失 50%,0.9954983687189799,0.8317991190135454,3672
8,5984099,shuffled,打乱原值图,rectangle_50,矩形缺失 50%,0.9330674155596937,0.7488751216464767,3672
8,5984099,global_mean,零值基线,rectangle_50,矩形缺失 50%,0.9572802544756531,0.826627579643894,3672
8,5984099,raw_pearson,原值 Pearson Top-8,time_block_50,时间块缺失 50%,0.9313045070208721,0.7556770801718236,3648
8,5984099,diff_pearson,一阶差分 Pearson Top-8,time_block_50,时间块缺失 50%,0.9369538114218262,0.759200021066891,3648
8,5984099,spearman,Spearman Top-8,time_block_50,时间块缺失 50%,0.9264156368178612,0.7510350636123442,3648
8,5984099,random,随机 Top-8,time_block_50,时间块缺失 50%,0.9515169697844134,0.7739199808633039,3648
8,5984099,shuffled,打乱原值图,time_block_50,时间块缺失 50%,0.9518829421318309,0.7704365547716684,3648
8,5984099,global_mean,零值基线,time_block_50,时间块缺失 50%,0.9278555384586183,0.7524984098964093,3648
9,5995695,raw_pearson,原值 Pearson Top-8,channel_dropout_50,通道丢失 50%,1.10245845434842,0.559103106957086,3648
9,5995695,diff_pearson,一阶差分 Pearson Top-8,channel_dropout_50,通道丢失 50%,0.7491395518324501,0.5264151155650305,3648
9,5995695,spearman,Spearman Top-8,channel_dropout_50,通道丢失 50%,0.6528967846121757,0.44054215508061545,3648
9,5995695,random,随机 Top-8,channel_dropout_50,通道丢失 50%,0.9104339192232266,0.6447585299265574,3648
9,5995695,shuffled,打乱原值图,channel_dropout_50,通道丢失 50%,0.9401540471198558,0.5924352822421424,3648
9,5995695,global_mean,零值基线,channel_dropout_50,通道丢失 50%,0.937461441597169,0.7730654223769147,3648
9,5995695,raw_pearson,原值 Pearson Top-8,rectangle_50,矩形缺失 50%,0.9825967163840247,0.7057991092620608,3672
9,5995695,diff_pearson,一阶差分 Pearson Top-8,rectangle_50,矩形缺失 50%,0.875160227543895,0.6544025988964487,3672
9,5995695,spearman,Spearman Top-8,rectangle_50,矩形缺失 50%,0.916025299650213,0.672803419068686,3672
9,5995695,random,随机 Top-8,rectangle_50,矩形缺失 50%,0.8899709250975028,0.6636802259069781,3672
9,5995695,shuffled,打乱原值图,rectangle_50,矩形缺失 50%,1.0608982045537891,0.7410338954615351,3672
9,5995695,global_mean,零值基线,rectangle_50,矩形缺失 50%,0.993466730472175,0.8084409425468324,3672
9,5995695,raw_pearson,原值 Pearson Top-8,time_block_50,时间块缺失 50%,0.9981119066860292,0.8125668388349406,3648
9,5995695,diff_pearson,一阶差分 Pearson Top-8,time_block_50,时间块缺失 50%,1.0032121516761114,0.8159599390681554,3648
9,5995695,spearman,Spearman Top-8,time_block_50,时间块缺失 50%,0.9928944811740699,0.807562908209555,3648
9,5995695,random,随机 Top-8,time_block_50,时间块缺失 50%,1.0173206436864264,0.8306467987395725,3648
9,5995695,shuffled,打乱原值图,time_block_50,时间块缺失 50%,1.0193987890007632,0.826931575858463,3648
9,5995695,global_mean,零值基线,time_block_50,时间块缺失 50%,0.9947114405165319,0.8092917368787726,3648
10,6007292,raw_pearson,原值 Pearson Top-8,channel_dropout_50,通道丢失 50%,0.7920561473678095,0.6227516228284977,3648
10,6007292,diff_pearson,一阶差分 Pearson Top-8,channel_dropout_50,通道丢失 50%,0.9141501645916028,0.6947905551736231,3648
10,6007292,spearman,Spearman Top-8,channel_dropout_50,通道丢失 50%,0.8166585093844507,0.6421298183754042,3648
10,6007292,random,随机 Top-8,channel_dropout_50,通道丢失 50%,0.9401400273087491,0.79049451951899,3648
10,6007292,shuffled,打乱原值图,channel_dropout_50,通道丢失 50%,0.8877445992162973,0.7103059814816002,3648
10,6007292,global_mean,零值基线,channel_dropout_50,通道丢失 50%,1.0374808673861082,0.9106944724284276,3648
10,6007292,raw_pearson,原值 Pearson Top-8,rectangle_50,矩形缺失 50%,1.0770639636898889,0.6744298002654768,3672
10,6007292,diff_pearson,一阶差分 Pearson Top-8,rectangle_50,矩形缺失 50%,0.8109523472781617,0.565161784593893,3672
10,6007292,spearman,Spearman Top-8,rectangle_50,矩形缺失 50%,0.8617788605836555,0.6001018087183244,3672
10,6007292,random,随机 Top-8,rectangle_50,矩形缺失 50%,0.879490791485976,0.6628080062327922,3672
10,6007292,shuffled,打乱原值图,rectangle_50,矩形缺失 50%,0.8960520882941314,0.6592600491902769,3672
10,6007292,global_mean,零值基线,rectangle_50,矩形缺失 50%,0.980219869227835,0.7829053702493093,3672
10,6007292,raw_pearson,原值 Pearson Top-8,time_block_50,时间块缺失 50%,0.9896954067445289,0.8166039894125652,3648
10,6007292,diff_pearson,一阶差分 Pearson Top-8,time_block_50,时间块缺失 50%,0.9952105275556785,0.8199820780511675,3648
10,6007292,spearman,Spearman Top-8,time_block_50,时间块缺失 50%,0.9850578297874842,0.8120948002678828,3648
10,6007292,random,随机 Top-8,time_block_50,时间块缺失 50%,1.0099232542150838,0.8346743173806193,3648
10,6007292,shuffled,打乱原值图,time_block_50,时间块缺失 50%,1.0119881091905765,0.8315826614979663,3648
10,6007292,global_mean,零值基线,time_block_50,时间块缺失 50%,0.9859612552544059,0.8133267760468107,3648
11,6018888,raw_pearson,原值 Pearson Top-8,channel_dropout_50,通道丢失 50%,0.5626267961763423,0.366903944918441,3648
11,6018888,diff_pearson,一阶差分 Pearson Top-8,channel_dropout_50,通道丢失 50%,0.7599918554434817,0.5455841896654372,3648
11,6018888,spearman,Spearman Top-8,channel_dropout_50,通道丢失 50%,0.5920770170552705,0.39722434292997166,3648
11,6018888,random,随机 Top-8,channel_dropout_50,通道丢失 50%,1.0867587933098315,0.7345949216155178,3648
11,6018888,shuffled,打乱原值图,channel_dropout_50,通道丢失 50%,0.7351749528486001,0.5279369294444343,3648
11,6018888,global_mean,零值基线,channel_dropout_50,通道丢失 50%,0.988677584114156,0.8005359586974615,3648
11,6018888,raw_pearson,原值 Pearson Top-8,rectangle_50,矩形缺失 50%,0.7769908595902557,0.5836506772321368,3672
11,6018888,diff_pearson,一阶差分 Pearson Top-8,rectangle_50,矩形缺失 50%,0.9468749862170459,0.6652341372237264,3672
11,6018888,spearman,Spearman Top-8,rectangle_50,矩形缺失 50%,0.7762359380018539,0.5852264635528299,3672
11,6018888,random,随机 Top-8,rectangle_50,矩形缺失 50%,1.0497265825390447,0.763183646356537,3672
11,6018888,shuffled,打乱原值图,rectangle_50,矩形缺失 50%,0.8522384149413013,0.6336807334704502,3672
11,6018888,global_mean,零值基线,rectangle_50,矩形缺失 50%,0.9531869544195827,0.7803293927079876,3672
11,6018888,raw_pearson,原值 Pearson Top-8,time_block_50,时间块缺失 50%,0.9974588197110119,0.8128117744671597,3648
11,6018888,diff_pearson,一阶差分 Pearson Top-8,time_block_50,时间块缺失 50%,1.0044620180433363,0.8171178841115685,3648
11,6018888,spearman,Spearman Top-8,time_block_50,时间块缺失 50%,0.9933784119589844,0.8088227995967356,3648
11,6018888,random,随机 Top-8,time_block_50,时间块缺失 50%,1.0182090129289305,0.8311548605840815,3648
11,6018888,shuffled,打乱原值图,time_block_50,时间块缺失 50%,1.020429985349075,0.8272595943745809,3648
11,6018888,global_mean,零值基线,time_block_50,时间块缺失 50%,0.9948403495053151,0.8102945176465175,3648
12,6030484,raw_pearson,原值 Pearson Top-8,channel_dropout_50,通道丢失 50%,0.8323923978465528,0.5627785597316985,3648
12,6030484,diff_pearson,一阶差分 Pearson Top-8,channel_dropout_50,通道丢失 50%,0.7356358183180948,0.48702447296184953,3648
12,6030484,spearman,Spearman Top-8,channel_dropout_50,通道丢失 50%,1.0320117352623244,0.597687731828001,3648
12,6030484,random,随机 Top-8,channel_dropout_50,通道丢失 50%,0.9076357105090311,0.6074234310087422,3648
12,6030484,shuffled,打乱原值图,channel_dropout_50,通道丢失 50%,0.8907788746394405,0.5603663128945349,3648
12,6030484,global_mean,零值基线,channel_dropout_50,通道丢失 50%,0.9727824517087019,0.79772164711364,3648
12,6030484,raw_pearson,原值 Pearson Top-8,rectangle_50,矩形缺失 50%,0.8859263602602913,0.6448544891154464,3672
12,6030484,diff_pearson,一阶差分 Pearson Top-8,rectangle_50,矩形缺失 50%,0.8935890127528717,0.6652976377266203,3672
12,6030484,spearman,Spearman Top-8,rectangle_50,矩形缺失 50%,0.867070044119725,0.6456591891852806,3672
12,6030484,random,随机 Top-8,rectangle_50,矩形缺失 50%,0.9317552380451022,0.718672853268087,3672
12,6030484,shuffled,打乱原值图,rectangle_50,矩形缺失 50%,0.8498440365307419,0.6224480319967931,3672
12,6030484,global_mean,零值基线,rectangle_50,矩形缺失 50%,1.0102191483603031,0.8187908733584713,3672
12,6030484,raw_pearson,原值 Pearson Top-8,time_block_50,时间块缺失 50%,1.042277195772402,0.8572743637897203,3648
12,6030484,diff_pearson,一阶差分 Pearson Top-8,time_block_50,时间块缺失 50%,1.0476320736466467,0.8607187179790511,3648
12,6030484,spearman,Spearman Top-8,time_block_50,时间块缺失 50%,1.0367864778281666,0.852046998344036,3648
12,6030484,random,随机 Top-8,time_block_50,时间块缺失 50%,1.0622191842232387,0.8755761132649912,3648
12,6030484,shuffled,打乱原值图,time_block_50,时间块缺失 50%,1.0651527416082962,0.8718820339801547,3648
12,6030484,global_mean,零值基线,time_block_50,时间块缺失 50%,1.0385548976812864,0.8539303093655753,3648
13,6042081,raw_pearson,原值 Pearson Top-8,channel_dropout_50,通道丢失 50%,0.7323124590525723,0.517312754797942,3648
13,6042081,diff_pearson,一阶差分 Pearson Top-8,channel_dropout_50,通道丢失 50%,0.8671751528829279,0.576470018342281,3648
13,6042081,spearman,Spearman Top-8,channel_dropout_50,通道丢失 50%,0.7888512477094229,0.5479142000582217,3648
13,6042081,random,随机 Top-8,channel_dropout_50,通道丢失 50%,0.8204353002544841,0.6048201490635612,3648
13,6042081,shuffled,打乱原值图,channel_dropout_50,通道丢失 50%,1.0152997438955778,0.7784669281844576,3648
13,6042081,global_mean,零值基线,channel_dropout_50,通道丢失 50%,1.006289971553922,0.832701500095713,3648
13,6042081,raw_pearson,原值 Pearson Top-8,rectangle_50,矩形缺失 50%,0.8685901194841449,0.6574040346003358,3672
13,6042081,diff_pearson,一阶差分 Pearson Top-8,rectangle_50,矩形缺失 50%,0.8175874590370079,0.6122174736698881,3672
13,6042081,spearman,Spearman Top-8,rectangle_50,矩形缺失 50%,0.8480906209382958,0.6519368709499849,3672
13,6042081,random,随机 Top-8,rectangle_50,矩形缺失 50%,0.9434098428232578,0.7305162847278519,3672
13,6042081,shuffled,打乱原值图,rectangle_50,矩形缺失 50%,0.9267832688370167,0.719580529294921,3672
13,6042081,global_mean,零值基线,rectangle_50,矩形缺失 50%,0.9708862566305968,0.7855644248127702,3672
13,6042081,raw_pearson,原值 Pearson Top-8,time_block_50,时间块缺失 50%,0.9510122727073743,0.7631767242535606,3648
13,6042081,diff_pearson,一阶差分 Pearson Top-8,time_block_50,时间块缺失 50%,0.95778674668126,0.7684382324683564,3648
13,6042081,spearman,Spearman Top-8,time_block_50,时间块缺失 50%,0.9544431160782719,0.7641394079302604,3648
13,6042081,random,随机 Top-8,time_block_50,时间块缺失 50%,0.959990371403888,0.7713518449757205,3648
13,6042081,shuffled,打乱原值图,time_block_50,时间块缺失 50%,0.9612260960229095,0.7658229446716899,3648
13,6042081,global_mean,零值基线,time_block_50,时间块缺失 50%,0.9511373072317256,0.7620815109570398,3648
14,6053677,raw_pearson,原值 Pearson Top-8,channel_dropout_50,通道丢失 50%,0.7700273040073509,0.5612642420659758,3648
14,6053677,diff_pearson,一阶差分 Pearson Top-8,channel_dropout_50,通道丢失 50%,0.7216700756717811,0.5147741934025196,3648
14,6053677,spearman,Spearman Top-8,channel_dropout_50,通道丢失 50%,0.7944290363412317,0.5804227271294186,3648
14,6053677,random,随机 Top-8,channel_dropout_50,通道丢失 50%,0.8903502428304055,0.7046383367189647,3648
14,6053677,shuffled,打乱原值图,channel_dropout_50,通道丢失 50%,0.970736047453945,0.7902116898510393,3648
14,6053677,global_mean,零值基线,channel_dropout_50,通道丢失 50%,1.0724187187387582,0.9343884478489359,3648
14,6053677,raw_pearson,原值 Pearson Top-8,rectangle_50,矩形缺失 50%,0.9210545761677394,0.7265971449557956,3672
14,6053677,diff_pearson,一阶差分 Pearson Top-8,rectangle_50,矩形缺失 50%,0.9271758390832089,0.666182034237777,3672
14,6053677,spearman,Spearman Top-8,rectangle_50,矩形缺失 50%,0.90243117135355,0.7140662573473459,3672
14,6053677,random,随机 Top-8,rectangle_50,矩形缺失 50%,0.9834506808797949,0.7627931509505349,3672
14,6053677,shuffled,打乱原值图,rectangle_50,矩形缺失 50%,0.8543494761412855,0.6414297560672866,3672
14,6053677,global_mean,零值基线,rectangle_50,矩形缺失 50%,0.9984227374291309,0.8176757071084302,3672
14,6053677,raw_pearson,原值 Pearson Top-8,time_block_50,时间块缺失 50%,1.0008248473641435,0.8260370274019089,3648
14,6053677,diff_pearson,一阶差分 Pearson Top-8,time_block_50,时间块缺失 50%,1.0076974969238561,0.8303241824385933,3648
14,6053677,spearman,Spearman Top-8,time_block_50,时间块缺失 50%,0.9994400474445106,0.8244446809347508,3648
14,6053677,random,随机 Top-8,time_block_50,时间块缺失 50%,1.018375129263143,0.841403912002512,3648
14,6053677,shuffled,打乱原值图,time_block_50,时间块缺失 50%,1.02300895704087,0.8395539996408153,3648
14,6053677,global_mean,零值基线,time_block_50,时间块缺失 50%,0.9986241801890737,0.8238753367186131,3648
15,6065273,raw_pearson,原值 Pearson Top-8,channel_dropout_50,通道丢失 50%,0.8274311483899078,0.6597839856599444,3648
15,6065273,diff_pearson,一阶差分 Pearson Top-8,channel_dropout_50,通道丢失 50%,0.8480056607262856,0.6057754396865715,3648
15,6065273,spearman,Spearman Top-8,channel_dropout_50,通道丢失 50%,0.8140498885633249,0.650486823642748,3648
15,6065273,random,随机 Top-8,channel_dropout_50,通道丢失 50%,1.0620627078581844,0.8202656781636568,3648
15,6065273,shuffled,打乱原值图,channel_dropout_50,通道丢失 50%,0.9161595615450978,0.6984429544842282,3648
15,6065273,global_mean,零值基线,channel_dropout_50,通道丢失 50%,1.1087098613935726,0.9586936769720252,3648
15,6065273,raw_pearson,原值 Pearson Top-8,rectangle_50,矩形缺失 50%,0.9937738731131796,0.6927093262612622,3672
15,6065273,diff_pearson,一阶差分 Pearson Top-8,rectangle_50,矩形缺失 50%,0.87171609103094,0.6429490719061471,3672
15,6065273,spearman,Spearman Top-8,rectangle_50,矩形缺失 50%,0.863461060422983,0.6354298032896649,3672
15,6065273,random,随机 Top-8,rectangle_50,矩形缺失 50%,0.9683628776787999,0.7034088983478922,3672
15,6065273,shuffled,打乱原值图,rectangle_50,矩形缺失 50%,0.9309453936054626,0.6980641935565572,3672
15,6065273,global_mean,零值基线,rectangle_50,矩形缺失 50%,1.0214091319361323,0.8271523610143834,3672
15,6065273,raw_pearson,原值 Pearson Top-8,time_block_50,时间块缺失 50%,1.0530601423314185,0.8719917320230726,3648
15,6065273,diff_pearson,一阶差分 Pearson Top-8,time_block_50,时间块缺失 50%,1.0609977248472913,0.8777398524936071,3648
15,6065273,spearman,Spearman Top-8,time_block_50,时间块缺失 50%,1.0539969310097859,0.8726699846422307,3648
15,6065273,random,随机 Top-8,time_block_50,时间块缺失 50%,1.0688550785836572,0.8874621487669812,3648
15,6065273,shuffled,打乱原值图,time_block_50,时间块缺失 50%,1.074755325798154,0.8855649371342483,3648
15,6065273,global_mean,零值基线,time_block_50,时间块缺失 50%,1.0520099182085036,0.8710433216158395,3648
16,6076870,raw_pearson,原值 Pearson Top-8,channel_dropout_50,通道丢失 50%,0.984603014253984,0.639030162686397,3648
16,6076870,diff_pearson,一阶差分 Pearson Top-8,channel_dropout_50,通道丢失 50%,0.7962033318250468,0.5179780532124777,3648
16,6076870,spearman,Spearman Top-8,channel_dropout_50,通道丢失 50%,1.0688449911178923,0.6637998463481726,3648
16,6076870,random,随机 Top-8,channel_dropout_50,通道丢失 50%,0.8929662395460272,0.6841168933759746,3648
16,6076870,shuffled,打乱原值图,channel_dropout_50,通道丢失 50%,0.9810380007588883,0.7490774411815027,3648
16,6076870,global_mean,零值基线,channel_dropout_50,通道丢失 50%,1.0917067726690062,0.8788010306115323,3648
16,6076870,raw_pearson,原值 Pearson Top-8,rectangle_50,矩形缺失 50%,0.8389828848819513,0.5989412630953261,3672
16,6076870,diff_pearson,一阶差分 Pearson Top-8,rectangle_50,矩形缺失 50%,0.8657450199568139,0.5983818788124263,3672
16,6076870,spearman,Spearman Top-8,rectangle_50,矩形缺失 50%,1.0094910294508366,0.6619905589573915,3672
16,6076870,random,随机 Top-8,rectangle_50,矩形缺失 50%,1.009711137900739,0.766082350882551,3672
16,6076870,shuffled,打乱原值图,rectangle_50,矩形缺失 50%,1.0251495495974843,0.7240961903500043,3672
16,6076870,global_mean,零值基线,rectangle_50,矩形缺失 50%,1.0544316476921007,0.854923465375207,3672
16,6076870,raw_pearson,原值 Pearson Top-8,time_block_50,时间块缺失 50%,1.0811898999983676,0.8884773696917917,3648
16,6076870,diff_pearson,一阶差分 Pearson Top-8,time_block_50,时间块缺失 50%,1.0870832416223164,0.8920831618255654,3648
16,6076870,spearman,Spearman Top-8,time_block_50,时间块缺失 50%,1.0783430707515533,0.885673669455865,3648
16,6076870,random,随机 Top-8,time_block_50,时间块缺失 50%,1.0998320244971225,0.905268269664923,3648
16,6076870,shuffled,打乱原值图,time_block_50,时间块缺失 50%,1.1037887434565585,0.9030484269036501,3648
16,6076870,global_mean,零值基线,time_block_50,时间块缺失 50%,1.0778435165306808,0.8855328574448944,3648
17,6088466,raw_pearson,原值 Pearson Top-8,channel_dropout_50,通道丢失 50%,0.7635369902641359,0.5261453621428052,3648
17,6088466,diff_pearson,一阶差分 Pearson Top-8,channel_dropout_50,通道丢失 50%,0.8399298941380688,0.5815284833382984,3648
17,6088466,spearman,Spearman Top-8,channel_dropout_50,通道丢失 50%,0.7357934122918302,0.5167631764365541,3648
17,6088466,random,随机 Top-8,channel_dropout_50,通道丢失 50%,0.8158809143099344,0.5627285726565092,3648
17,6088466,shuffled,打乱原值图,channel_dropout_50,通道丢失 50%,0.8296020464489386,0.6246160080159452,3648
17,6088466,global_mean,零值基线,channel_dropout_50,通道丢失 50%,1.0501745305757504,0.834460753829677,3648
17,6088466,raw_pearson,原值 Pearson Top-8,rectangle_50,矩形缺失 50%,1.3968250163517215,0.9648106270235837,3672
17,6088466,diff_pearson,一阶差分 Pearson Top-8,rectangle_50,矩形缺失 50%,1.039604846889568,0.814088783823142,3672
17,6088466,spearman,Spearman Top-8,rectangle_50,矩形缺失 50%,1.0719601547805464,0.8508244160725905,3672
17,6088466,random,随机 Top-8,rectangle_50,矩形缺失 50%,1.0449880928116702,0.8311340215125914,3672
17,6088466,shuffled,打乱原值图,rectangle_50,矩形缺失 50%,1.1464876376874127,0.8717657910962204,3672
17,6088466,global_mean,零值基线,rectangle_50,矩形缺失 50%,1.131679025648668,0.943467400382067,3672
17,6088466,raw_pearson,原值 Pearson Top-8,time_block_50,时间块缺失 50%,1.0763182324923528,0.885824223740532,3648
17,6088466,diff_pearson,一阶差分 Pearson Top-8,time_block_50,时间块缺失 50%,1.0831684567915885,0.8901688583954998,3648
17,6088466,spearman,Spearman Top-8,time_block_50,时间块缺失 50%,1.0756149680457938,0.8845785186603493,3648
17,6088466,random,随机 Top-8,time_block_50,时间块缺失 50%,1.0930227441017226,0.9005964696407208,3648
17,6088466,shuffled,打乱原值图,time_block_50,时间块缺失 50%,1.098981195572165,0.8990422539589737,3648
17,6088466,global_mean,零值基线,time_block_50,时间块缺失 50%,1.0743224864307508,0.8836843758996716,3648
18,6100062,raw_pearson,原值 Pearson Top-8,channel_dropout_50,通道丢失 50%,0.8031426478886204,0.5414200424029159,3648
18,6100062,diff_pearson,一阶差分 Pearson Top-8,channel_dropout_50,通道丢失 50%,0.7899277469710895,0.5611290216927015,3648
18,6100062,spearman,Spearman Top-8,channel_dropout_50,通道丢失 50%,0.8298026039912942,0.5616651106607933,3648
18,6100062,random,随机 Top-8,channel_dropout_50,通道丢失 50%,1.0680354961067002,0.8637664856706583,3648
18,6100062,shuffled,打乱原值图,channel_dropout_50,通道丢失 50%,0.9636525452822918,0.7563756931166251,3648
18,6100062,global_mean,零值基线,channel_dropout_50,通道丢失 50%,1.0984462944304263,0.9395109843053912,3648
18,6100062,raw_pearson,原值 Pearson Top-8,rectangle_50,矩形缺失 50%,1.0238908684751213,0.7302855196571606,3672
18,6100062,diff_pearson,一阶差分 Pearson Top-8,rectangle_50,矩形缺失 50%,0.9181396499617027,0.6790302342138484,3672
18,6100062,spearman,Spearman Top-8,rectangle_50,矩形缺失 50%,1.0301809519718756,0.7441190870753958,3672
18,6100062,random,随机 Top-8,rectangle_50,矩形缺失 50%,1.0274435366672037,0.8077770059458529,3672
18,6100062,shuffled,打乱原值图,rectangle_50,矩形缺失 50%,0.9704832952614365,0.7628536495069612,3672
18,6100062,global_mean,零值基线,rectangle_50,矩形缺失 50%,1.0850089899837472,0.8872326335464186,3672
18,6100062,raw_pearson,原值 Pearson Top-8,time_block_50,时间块缺失 50%,1.0875966928351872,0.8950548731034543,3648
18,6100062,diff_pearson,一阶差分 Pearson Top-8,time_block_50,时间块缺失 50%,1.095924541487555,0.9011544756348857,3648
18,6100062,spearman,Spearman Top-8,time_block_50,时间块缺失 50%,1.0878748534181826,0.8960167614388949,3648
18,6100062,random,随机 Top-8,time_block_50,时间块缺失 50%,1.1041422255179338,0.9099315873427901,3648
18,6100062,shuffled,打乱原值图,time_block_50,时间块缺失 50%,1.1105423595093102,0.9081686209664285,3648
18,6100062,global_mean,零值基线,time_block_50,时间块缺失 50%,1.0865427089263242,0.8946782514020557,3648
19,6111659,raw_pearson,原值 Pearson Top-8,channel_dropout_50,通道丢失 50%,0.8795947114756777,0.5472944735861562,3648
19,6111659,diff_pearson,一阶差分 Pearson Top-8,channel_dropout_50,通道丢失 50%,0.951605862023333,0.5720565682665008,3648
19,6111659,spearman,Spearman Top-8,channel_dropout_50,通道丢失 50%,0.7506797370993045,0.5146564605596132,3648
19,6111659,random,随机 Top-8,channel_dropout_50,通道丢失 50%,0.9512601319087527,0.6837852641132717,3648
19,6111659,shuffled,打乱原值图,channel_dropout_50,通道丢失 50%,0.8712624328130337,0.630666339983572,3648
19,6111659,global_mean,零值基线,channel_dropout_50,通道丢失 50%,1.0589829933081079,0.8464235818853986,3648
19,6111659,raw_pearson,原值 Pearson Top-8,rectangle_50,矩形缺失 50%,0.9413606611232257,0.7432028091947299,3672
19,6111659,diff_pearson,一阶差分 Pearson Top-8,rectangle_50,矩形缺失 50%,1.137006124570624,0.8677718560707313,3672
19,6111659,spearman,Spearman Top-8,rectangle_50,矩形缺失 50%,1.0702480122805522,0.8054721424749594,3672
19,6111659,random,随机 Top-8,rectangle_50,矩形缺失 50%,1.439313119752487,0.9188669005442579,3672
19,6111659,shuffled,打乱原值图,rectangle_50,矩形缺失 50%,1.1015114798613572,0.8862488822326627,3672
19,6111659,global_mean,零值基线,rectangle_50,矩形缺失 50%,1.1068967305683843,0.9170345726220317,3672
19,6111659,raw_pearson,原值 Pearson Top-8,time_block_50,时间块缺失 50%,1.117715846703454,0.9092879479494341,3648
19,6111659,diff_pearson,一阶差分 Pearson Top-8,time_block_50,时间块缺失 50%,1.1218773562141164,0.9125691120697984,3648
19,6111659,spearman,Spearman Top-8,time_block_50,时间块缺失 50%,1.1150535664297774,0.9053112783865332,3648
19,6111659,random,随机 Top-8,time_block_50,时间块缺失 50%,1.127070074871857,0.9208438412856109,3648
19,6111659,shuffled,打乱原值图,time_block_50,时间块缺失 50%,1.125351611906217,0.9134528242479405,3648
19,6111659,global_mean,零值基线,time_block_50,时间块缺失 50%,1.1154209178139727,0.9058860534894593,3648
20,6123255,raw_pearson,原值 Pearson Top-8,channel_dropout_50,通道丢失 50%,0.7727625573419059,0.5064090058000683,3648
20,6123255,diff_pearson,一阶差分 Pearson Top-8,channel_dropout_50,通道丢失 50%,0.7549530789947575,0.5529388881429651,3648
20,6123255,spearman,Spearman Top-8,channel_dropout_50,通道丢失 50%,0.744571271734626,0.4924733552075992,3648
20,6123255,random,随机 Top-8,channel_dropout_50,通道丢失 50%,0.9676069620383727,0.7159259048680582,3648
20,6123255,shuffled,打乱原值图,channel_dropout_50,通道丢失 50%,0.960062588443849,0.6927502273448992,3648
20,6123255,global_mean,零值基线,channel_dropout_50,通道丢失 50%,1.038772972781987,0.8688624365807444,3648
20,6123255,raw_pearson,原值 Pearson Top-8,rectangle_50,矩形缺失 50%,0.9278073596912249,0.6653416938473974,3672
20,6123255,diff_pearson,一阶差分 Pearson Top-8,rectangle_50,矩形缺失 50%,1.0086876458889102,0.7668503827481274,3672
20,6123255,spearman,Spearman Top-8,rectangle_50,矩形缺失 50%,0.8975086672781581,0.6620710672314228,3672
20,6123255,random,随机 Top-8,rectangle_50,矩形缺失 50%,1.0605873073451912,0.7797657319440127,3672
20,6123255,shuffled,打乱原值图,rectangle_50,矩形缺失 50%,0.9470232149130491,0.7247407179483172,3672
20,6123255,global_mean,零值基线,rectangle_50,矩形缺失 50%,1.0179719846171806,0.8294657621857077,3672
20,6123255,raw_pearson,原值 Pearson Top-8,time_block_50,时间块缺失 50%,1.0507299769497407,0.8700707448988599,3648
20,6123255,diff_pearson,一阶差分 Pearson Top-8,time_block_50,时间块缺失 50%,1.0562015661008213,0.8734845001081291,3648
20,6123255,spearman,Spearman Top-8,time_block_50,时间块缺失 50%,1.0453685482743762,0.865094608549446,3648
20,6123255,random,随机 Top-8,time_block_50,时间块缺失 50%,1.0700537250669286,0.8883996346938069,3648
20,6123255,shuffled,打乱原值图,time_block_50,时间块缺失 50%,1.073851088118033,0.8847822874501653,3648
20,6123255,global_mean,零值基线,time_block_50,时间块缺失 50%,1.0473559828563601,0.8666849113420348,3648
21,6134851,raw_pearson,原值 Pearson Top-8,channel_dropout_50,通道丢失 50%,1.0463135896512559,0.6757005893087981,3648
21,6134851,diff_pearson,一阶差分 Pearson Top-8,channel_dropout_50,通道丢失 50%,1.00160819731854,0.7312290279237368,3648
21,6134851,spearman,Spearman Top-8,channel_dropout_50,通道丢失 50%,0.7755070763234555,0.5529621967137444,3648
21,6134851,random,随机 Top-8,channel_dropout_50,通道丢失 50%,1.202671648049855,0.8297433366099708,3648
21,6134851,shuffled,打乱原值图,channel_dropout_50,通道丢失 50%,0.9338737122869921,0.6805295160144785,3648
21,6134851,global_mean,零值基线,channel_dropout_50,通道丢失 50%,1.1368529818306825,0.9640946640110198,3648
21,6134851,raw_pearson,原值 Pearson Top-8,rectangle_50,矩形缺失 50%,1.5335326308873032,0.8073897845844974,3672
21,6134851,diff_pearson,一阶差分 Pearson Top-8,rectangle_50,矩形缺失 50%,0.8397617127167053,0.6129025045264296,3672
21,6134851,spearman,Spearman Top-8,rectangle_50,矩形缺失 50%,0.9282211405782977,0.6666741548198407,3672
21,6134851,random,随机 Top-8,rectangle_50,矩形缺失 50%,0.9474683875750025,0.7178067032223443,3672
21,6134851,shuffled,打乱原值图,rectangle_50,矩形缺失 50%,0.889960541846976,0.6684963618041041,3672
21,6134851,global_mean,零值基线,rectangle_50,矩形缺失 50%,1.0460874948415282,0.8440586874761153,3672
21,6134851,raw_pearson,原值 Pearson Top-8,time_block_50,时间块缺失 50%,1.1047125659336516,0.9169440887238218,3648
21,6134851,diff_pearson,一阶差分 Pearson Top-8,time_block_50,时间块缺失 50%,1.111402218755411,0.921449465080508,3648
21,6134851,spearman,Spearman Top-8,time_block_50,时间块缺失 50%,1.1009398805193449,0.9136315728289544,3648
21,6134851,random,随机 Top-8,time_block_50,时间块缺失 50%,1.1235886243974387,0.9348314090209815,3648
21,6134851,shuffled,打乱原值图,time_block_50,时间块缺失 50%,1.1288214564468868,0.931418611988141,3648
21,6134851,global_mean,零值基线,time_block_50,时间块缺失 50%,1.1018678756822349,0.9145627850429057,3648
22,6146448,raw_pearson,原值 Pearson Top-8,channel_dropout_50,通道丢失 50%,1.6885227716368627,0.887894009675676,3648
22,6146448,diff_pearson,一阶差分 Pearson Top-8,channel_dropout_50,通道丢失 50%,0.8381720493295964,0.5689980869891128,3648
22,6146448,spearman,Spearman Top-8,channel_dropout_50,通道丢失 50%,0.9153879748251005,0.6727786417934761,3648
22,6146448,random,随机 Top-8,channel_dropout_50,通道丢失 50%,0.9768127987138985,0.7453940540365934,3648
22,6146448,shuffled,打乱原值图,channel_dropout_50,通道丢失 50%,1.040142315375979,0.7490583501064176,3648
22,6146448,global_mean,零值基线,channel_dropout_50,通道丢失 50%,1.1493596578914136,0.9554660006305264,3648
22,6146448,raw_pearson,原值 Pearson Top-8,rectangle_50,矩形缺失 50%,0.946505309870247,0.7537492237930478,3672
22,6146448,diff_pearson,一阶差分 Pearson Top-8,rectangle_50,矩形缺失 50%,0.9551716686855131,0.75363142228027,3672
22,6146448,spearman,Spearman Top-8,rectangle_50,矩形缺失 50%,0.9375775388259933,0.7443722757972495,3672
22,6146448,random,随机 Top-8,rectangle_50,矩形缺失 50%,1.210251015956835,0.8942161651745477,3672
22,6146448,shuffled,打乱原值图,rectangle_50,矩形缺失 50%,1.0857082857756408,0.8899724323683509,3672
22,6146448,global_mean,零值基线,rectangle_50,矩形缺失 50%,1.0736759428758988,0.9007365513368506,3672
22,6146448,raw_pearson,原值 Pearson Top-8,time_block_50,时间块缺失 50%,1.094068060658388,0.9028261464272881,3648
22,6146448,diff_pearson,一阶差分 Pearson Top-8,time_block_50,时间块缺失 50%,1.1000546164845004,0.9062789581031002,3648
22,6146448,spearman,Spearman Top-8,time_block_50,时间块缺失 50%,1.089601124576302,0.8984788361913059,3648
22,6146448,random,随机 Top-8,time_block_50,时间块缺失 50%,1.1129493633449377,0.9209841059829265,3648
22,6146448,shuffled,打乱原值图,time_block_50,时间块缺失 50%,1.1176726685555722,0.9176155839620728,3648
22,6146448,global_mean,零值基线,time_block_50,时间块缺失 50%,1.09044787558368,0.8995816563674612,3648
23,6158044,raw_pearson,原值 Pearson Top-8,channel_dropout_50,通道丢失 50%,0.9528987952657564,0.6676353923802275,3648
23,6158044,diff_pearson,一阶差分 Pearson Top-8,channel_dropout_50,通道丢失 50%,0.8433338756944083,0.6167868638970904,3648
23,6158044,spearman,Spearman Top-8,channel_dropout_50,通道丢失 50%,0.9193035348311838,0.6512934224161862,3648
23,6158044,random,随机 Top-8,channel_dropout_50,通道丢失 50%,0.9888256607613731,0.7266071803273279,3648
23,6158044,shuffled,打乱原值图,channel_dropout_50,通道丢失 50%,0.8622357056021227,0.6674238249993976,3648
23,6158044,global_mean,零值基线,channel_dropout_50,通道丢失 50%,1.1550721803810802,0.9718189481159483,3648
23,6158044,raw_pearson,原值 Pearson Top-8,rectangle_50,矩形缺失 50%,1.9478745491678209,0.8998170030900181,3672
23,6158044,diff_pearson,一阶差分 Pearson Top-8,rectangle_50,矩形缺失 50%,0.9098723254825888,0.6896657606681432,3672
23,6158044,spearman,Spearman Top-8,rectangle_50,矩形缺失 50%,1.2324427326695466,0.777607112612938,3672
23,6158044,random,随机 Top-8,rectangle_50,矩形缺失 50%,0.9391801129890418,0.722479837550679,3672
23,6158044,shuffled,打乱原值图,rectangle_50,矩形缺失 50%,1.0564380217537406,0.8384686163669146,3672
23,6158044,global_mean,零值基线,rectangle_50,矩形缺失 50%,1.116078849925262,0.9319846041546483,3672
23,6158044,raw_pearson,原值 Pearson Top-8,time_block_50,时间块缺失 50%,1.1061164411278899,0.9170632913539478,3648
23,6158044,diff_pearson,一阶差分 Pearson Top-8,time_block_50,时间块缺失 50%,1.1114760794573006,0.920355784805556,3648
23,6158044,spearman,Spearman Top-8,time_block_50,时间块缺失 50%,1.1012523807031853,0.9125411728803914,3648
23,6158044,random,随机 Top-8,time_block_50,时间块缺失 50%,1.1249641826731862,0.9350133090620496,3648
23,6158044,shuffled,打乱原值图,time_block_50,时间块缺失 50%,1.130752627399675,0.9317875727436027,3648
23,6158044,global_mean,零值基线,time_block_50,时间块缺失 50%,1.1028402242710917,0.913692509380573,3648
24,6169641,raw_pearson,原值 Pearson Top-8,channel_dropout_50,通道丢失 50%,0.7720807078794216,0.5219983989303398,3648
24,6169641,diff_pearson,一阶差分 Pearson Top-8,channel_dropout_50,通道丢失 50%,1.0262715646551048,0.67095275189477,3648
24,6169641,spearman,Spearman Top-8,channel_dropout_50,通道丢失 50%,0.7715867679731628,0.5211921120770139,3648
24,6169641,random,随机 Top-8,channel_dropout_50,通道丢失 50%,1.067450839300808,0.750693257907,3648
24,6169641,shuffled,打乱原值图,channel_dropout_50,通道丢失 50%,0.897313793617246,0.629818821863141,3648
24,6169641,global_mean,零值基线,channel_dropout_50,通道丢失 50%,1.088352866363515,0.8552389924956706,3648
24,6169641,raw_pearson,原值 Pearson Top-8,rectangle_50,矩形缺失 50%,0.8371637272714307,0.5935275649711632,3672
24,6169641,diff_pearson,一阶差分 Pearson Top-8,rectangle_50,矩形缺失 50%,0.8517417904085737,0.6056024543588864,3672
24,6169641,spearman,Spearman Top-8,rectangle_50,矩形缺失 50%,1.063066774378812,0.6429290577473571,3672
24,6169641,random,随机 Top-8,rectangle_50,矩形缺失 50%,0.9070769655090013,0.7015213122653715,3672
24,6169641,shuffled,打乱原值图,rectangle_50,矩形缺失 50%,0.8903479480106008,0.6348836539408754,3672
24,6169641,global_mean,零值基线,rectangle_50,矩形缺失 50%,1.038768102968374,0.8278762332807468,3672
24,6169641,raw_pearson,原值 Pearson Top-8,time_block_50,时间块缺失 50%,1.1074255551736814,0.9121464754574241,3648
24,6169641,diff_pearson,一阶差分 Pearson Top-8,time_block_50,时间块缺失 50%,1.1137385066638366,0.9156509661750342,3648
24,6169641,spearman,Spearman Top-8,time_block_50,时间块缺失 50%,1.103429208424657,0.9084447769886014,3648
24,6169641,random,随机 Top-8,time_block_50,时间块缺失 50%,1.1256515463535994,0.9298917406906061,3648
24,6169641,shuffled,打乱原值图,time_block_50,时间块缺失 50%,1.1321276686761281,0.9269235353812417,3648
24,6169641,global_mean,零值基线,time_block_50,时间块缺失 50%,1.1042135888677975,0.9094085217692848,3648
25,6181237,raw_pearson,原值 Pearson Top-8,channel_dropout_50,通道丢失 50%,0.869672730490656,0.63734730252634,3648
25,6181237,diff_pearson,一阶差分 Pearson Top-8,channel_dropout_50,通道丢失 50%,1.0978555506449554,0.7432269976094431,3648
25,6181237,spearman,Spearman Top-8,channel_dropout_50,通道丢失 50%,0.8598162666439056,0.6264361699671588,3648
25,6181237,random,随机 Top-8,channel_dropout_50,通道丢失 50%,1.2810807858545423,0.9113511422933818,3648
25,6181237,shuffled,打乱原值图,channel_dropout_50,通道丢失 50%,0.963668087023026,0.6976256732241664,3648
25,6181237,global_mean,零值基线,channel_dropout_50,通道丢失 50%,1.149574729671102,0.9607443052842555,3648
25,6181237,raw_pearson,原值 Pearson Top-8,rectangle_50,矩形缺失 50%,0.9571331986542152,0.6851705165376744,3672
25,6181237,diff_pearson,一阶差分 Pearson Top-8,rectangle_50,矩形缺失 50%,0.8671161920503642,0.6084425525861152,3672
25,6181237,spearman,Spearman Top-8,rectangle_50,矩形缺失 50%,1.0446515840437303,0.7214119381527448,3672
25,6181237,random,随机 Top-8,rectangle_50,矩形缺失 50%,0.9655125189270789,0.7667020666857837,3672
25,6181237,shuffled,打乱原值图,rectangle_50,矩形缺失 50%,0.9633101492162659,0.7409595215954632,3672
25,6181237,global_mean,零值基线,rectangle_50,矩形缺失 50%,1.0823000352942087,0.8877986714642346,3672
25,6181237,raw_pearson,原值 Pearson Top-8,time_block_50,时间块缺失 50%,1.0980985654322308,0.9123332457353357,3648
25,6181237,diff_pearson,一阶差分 Pearson Top-8,time_block_50,时间块缺失 50%,1.104164233294842,0.9158891187219304,3648
25,6181237,spearman,Spearman Top-8,time_block_50,时间块缺失 50%,1.0933118512997755,0.9077315696093479,3648
25,6181237,random,随机 Top-8,time_block_50,时间块缺失 50%,1.117335637640679,0.9305272824421901,3648
25,6181237,shuffled,打乱原值图,time_block_50,时间块缺失 50%,1.1229143249502829,0.927020716407032,3648
25,6181237,global_mean,零值基线,time_block_50,时间块缺失 50%,1.0945213945754075,0.9092000296021133,3648
26,6192833,raw_pearson,原值 Pearson Top-8,channel_dropout_50,通道丢失 50%,0.6733415050996461,0.444486037348643,3648
26,6192833,diff_pearson,一阶差分 Pearson Top-8,channel_dropout_50,通道丢失 50%,0.7008242024359264,0.47088196876986654,3648
26,6192833,spearman,Spearman Top-8,channel_dropout_50,通道丢失 50%,0.6484903908795346,0.43293891414417834,3648
26,6192833,random,随机 Top-8,channel_dropout_50,通道丢失 50%,0.9425702421601025,0.6686941713775909,3648
26,6192833,shuffled,打乱原值图,channel_dropout_50,通道丢失 50%,0.8447010945908309,0.6130441069441244,3648
26,6192833,global_mean,零值基线,channel_dropout_50,通道丢失 50%,1.067988488256086,0.8506510791061086,3648
26,6192833,raw_pearson,原值 Pearson Top-8,rectangle_50,矩形缺失 50%,0.9407487350360221,0.7122010483722705,3672
26,6192833,diff_pearson,一阶差分 Pearson Top-8,rectangle_50,矩形缺失 50%,0.8746286349658567,0.6240514119113834,3672
26,6192833,spearman,Spearman Top-8,rectangle_50,矩形缺失 50%,0.9392746906589363,0.7107540414093567,3672
26,6192833,random,随机 Top-8,rectangle_50,矩形缺失 50%,1.0400770529099257,0.7986718445152857,3672
26,6192833,shuffled,打乱原值图,rectangle_50,矩形缺失 50%,1.047617759676216,0.7617032929288712,3672
26,6192833,global_mean,零值基线,rectangle_50,矩形缺失 50%,1.1033676701517916,0.9031390653143002,3672
26,6192833,raw_pearson,原值 Pearson Top-8,time_block_50,时间块缺失 50%,1.1153108844966986,0.9243841425928149,3648
26,6192833,diff_pearson,一阶差分 Pearson Top-8,time_block_50,时间块缺失 50%,1.1208782006211602,0.9278720249958571,3648
26,6192833,spearman,Spearman Top-8,time_block_50,时间块缺失 50%,1.1101507628791318,0.919497395361965,3648
26,6192833,random,随机 Top-8,time_block_50,时间块缺失 50%,1.133836219951573,0.9425573801066124,3648
26,6192833,shuffled,打乱原值图,time_block_50,时间块缺失 50%,1.1404026289613947,0.9388470440150578,3648
26,6192833,global_mean,零值基线,time_block_50,时间块缺失 50%,1.111807319917716,0.9210868867748695,3648
27,6204430,raw_pearson,原值 Pearson Top-8,channel_dropout_50,通道丢失 50%,0.908717634497059,0.5369394685026228,3648
27,6204430,diff_pearson,一阶差分 Pearson Top-8,channel_dropout_50,通道丢失 50%,0.7214933834198094,0.5067678891698195,3648
27,6204430,spearman,Spearman Top-8,channel_dropout_50,通道丢失 50%,0.6087477142890969,0.4199186866302686,3648
27,6204430,random,随机 Top-8,channel_dropout_50,通道丢失 50%,1.1788209837356691,0.7169811402543147,3648
27,6204430,shuffled,打乱原值图,channel_dropout_50,通道丢失 50%,0.8825463270265638,0.6338135083753637,3648
27,6204430,global_mean,零值基线,channel_dropout_50,通道丢失 50%,1.0876196703278793,0.8893249073335346,3648
27,6204430,raw_pearson,原值 Pearson Top-8,rectangle_50,矩形缺失 50%,1.016188057560018,0.7496246269145532,3672
27,6204430,diff_pearson,一阶差分 Pearson Top-8,rectangle_50,矩形缺失 50%,1.0172421070319324,0.7664364461617883,3672
27,6204430,spearman,Spearman Top-8,rectangle_50,矩形缺失 50%,0.995005234749998,0.7489102034668128,3672
27,6204430,random,随机 Top-8,rectangle_50,矩形缺失 50%,1.2794645446489674,0.9198249907617926,3672
27,6204430,shuffled,打乱原值图,rectangle_50,矩形缺失 50%,1.0451222219797944,0.8105921400063728,3672
27,6204430,global_mean,零值基线,rectangle_50,矩形缺失 50%,1.1275282650113507,0.9308331134795038,3672
27,6204430,raw_pearson,原值 Pearson Top-8,time_block_50,时间块缺失 50%,1.1173198774195907,0.9295180479399645,3648
27,6204430,diff_pearson,一阶差分 Pearson Top-8,time_block_50,时间块缺失 50%,1.1248448635578454,0.9346350235452799,3648
27,6204430,spearman,Spearman Top-8,time_block_50,时间块缺失 50%,1.1153365123524053,0.927886887010846,3648
27,6204430,random,随机 Top-8,time_block_50,时间块缺失 50%,1.1346537868516593,0.946395568942932,3648
27,6204430,shuffled,打乱原值图,time_block_50,时间块缺失 50%,1.1422030578263174,0.943794835552238,3648
27,6204430,global_mean,零值基线,time_block_50,时间块缺失 50%,1.1151240054376361,0.9278162028453982,3648
28,6216026,raw_pearson,原值 Pearson Top-8,channel_dropout_50,通道丢失 50%,0.8793933888916493,0.5632598153065046,3648
28,6216026,diff_pearson,一阶差分 Pearson Top-8,channel_dropout_50,通道丢失 50%,0.8071046884854595,0.5342835742403623,3648
28,6216026,spearman,Spearman Top-8,channel_dropout_50,通道丢失 50%,0.7399877039949904,0.47367538088171957,3648
28,6216026,random,随机 Top-8,channel_dropout_50,通道丢失 50%,0.9762910662887241,0.7464924783279165,3648
28,6216026,shuffled,打乱原值图,channel_dropout_50,通道丢失 50%,0.7656689064008261,0.49945531167161883,3648
28,6216026,global_mean,零值基线,channel_dropout_50,通道丢失 50%,1.1016436681179318,0.8829473393673796,3648
28,6216026,raw_pearson,原值 Pearson Top-8,rectangle_50,矩形缺失 50%,1.1558521277523088,0.8152629143770106,3672
28,6216026,diff_pearson,一阶差分 Pearson Top-8,rectangle_50,矩形缺失 50%,0.8947507811841667,0.6754011737474328,3672
28,6216026,spearman,Spearman Top-8,rectangle_50,矩形缺失 50%,1.2537719769662006,0.8261549494102323,3672
28,6216026,random,随机 Top-8,rectangle_50,矩形缺失 50%,1.2086837208627503,0.8271676914762296,3672
28,6216026,shuffled,打乱原值图,rectangle_50,矩形缺失 50%,0.9465673397443161,0.7250590987781835,3672
28,6216026,global_mean,零值基线,rectangle_50,矩形缺失 50%,1.0796425121368076,0.8759349775665969,3672
28,6216026,raw_pearson,原值 Pearson Top-8,time_block_50,时间块缺失 50%,1.1065870044322679,0.9130580294189394,3648
28,6216026,diff_pearson,一阶差分 Pearson Top-8,time_block_50,时间块缺失 50%,1.1144760129041171,0.9184890166267633,3648
28,6216026,spearman,Spearman Top-8,time_block_50,时间块缺失 50%,1.10503094149101,0.9120711620256012,3648
28,6216026,random,随机 Top-8,time_block_50,时间块缺失 50%,1.1233836011623894,0.929512594803823,3648
28,6216026,shuffled,打乱原值图,time_block_50,时间块缺失 50%,1.1312987936018872,0.9269802014687981,3648
28,6216026,global_mean,零值基线,time_block_50,时间块缺失 50%,1.1049858215593649,0.9119133164825447,3648
29,6227622,raw_pearson,原值 Pearson Top-8,channel_dropout_50,通道丢失 50%,0.9412838339305296,0.5457656605596675,3648
29,6227622,diff_pearson,一阶差分 Pearson Top-8,channel_dropout_50,通道丢失 50%,0.8000829792933712,0.5625053523220795,3648
29,6227622,spearman,Spearman Top-8,channel_dropout_50,通道丢失 50%,0.6707288281921014,0.43419278102350317,3648
29,6227622,random,随机 Top-8,channel_dropout_50,通道丢失 50%,0.928902729316449,0.6953835001524693,3648
29,6227622,shuffled,打乱原值图,channel_dropout_50,通道丢失 50%,0.7798500152540907,0.5326919312168419,3648
29,6227622,global_mean,零值基线,channel_dropout_50,通道丢失 50%,1.0699751509323767,0.8360606220128255,3648
29,6227622,raw_pearson,原值 Pearson Top-8,rectangle_50,矩形缺失 50%,1.2480040070376455,0.7906043878504332,3672
29,6227622,diff_pearson,一阶差分 Pearson Top-8,rectangle_50,矩形缺失 50%,0.9655959808327849,0.7074205302669314,3672
29,6227622,spearman,Spearman Top-8,rectangle_50,矩形缺失 50%,0.9364503609039455,0.6905203996975312,3672
29,6227622,random,随机 Top-8,rectangle_50,矩形缺失 50%,1.31764026415711,0.8689076514965964,3672
29,6227622,shuffled,打乱原值图,rectangle_50,矩形缺失 50%,0.8813677163253262,0.6578479040923535,3672
29,6227622,global_mean,零值基线,rectangle_50,矩形缺失 50%,1.1071204701820292,0.8876817699396495,3672
29,6227622,raw_pearson,原值 Pearson Top-8,time_block_50,时间块缺失 50%,1.1548825928360813,0.9507381776471877,3648
29,6227622,diff_pearson,一阶差分 Pearson Top-8,time_block_50,时间块缺失 50%,1.1604771666924891,0.9542936071773425,3648
29,6227622,spearman,Spearman Top-8,time_block_50,时间块缺失 50%,1.1494279604288897,0.945541757659405,3648
29,6227622,random,随机 Top-8,time_block_50,时间块缺失 50%,1.1726632729899342,0.9689220226038843,3648
29,6227622,shuffled,打乱原值图,time_block_50,时间块缺失 50%,1.179830533296785,0.9649890252164033,3648
29,6227622,global_mean,零值基线,time_block_50,时间块缺失 50%,1.151268661512592,0.9474919675804542,3648
30,6239219,raw_pearson,原值 Pearson Top-8,channel_dropout_50,通道丢失 50%,0.733512124664123,0.5307228455575858,3648
30,6239219,diff_pearson,一阶差分 Pearson Top-8,channel_dropout_50,通道丢失 50%,0.7523617022453896,0.5150105529501975,3648
30,6239219,spearman,Spearman Top-8,channel_dropout_50,通道丢失 50%,0.7216424734227483,0.5232695738070995,3648
30,6239219,random,随机 Top-8,channel_dropout_50,通道丢失 50%,0.9142400539218175,0.6139526822663229,3648
30,6239219,shuffled,打乱原值图,channel_dropout_50,通道丢失 50%,0.8475587834173537,0.633452309524734,3648
30,6239219,global_mean,零值基线,channel_dropout_50,通道丢失 50%,1.1101024292051387,0.9197381499571636,3648
30,6239219,raw_pearson,原值 Pearson Top-8,rectangle_50,矩形缺失 50%,1.1112538585726386,0.8299690200233644,3672
30,6239219,diff_pearson,一阶差分 Pearson Top-8,rectangle_50,矩形缺失 50%,0.9473564475106174,0.7289074101768402,3672
30,6239219,spearman,Spearman Top-8,rectangle_50,矩形缺失 50%,1.0206619567772928,0.7828076772013146,3672
30,6239219,random,随机 Top-8,rectangle_50,矩形缺失 50%,1.1863635338598966,0.9668663396637904,3672
30,6239219,shuffled,打乱原值图,rectangle_50,矩形缺失 50%,1.0849889978906133,0.8667056310871126,3672
30,6239219,global_mean,零值基线,rectangle_50,矩形缺失 50%,1.1821448025571575,0.999542588772393,3672
30,6239219,raw_pearson,原值 Pearson Top-8,time_block_50,时间块缺失 50%,1.1311293740796897,0.9346870484216759,3648
30,6239219,diff_pearson,一阶差分 Pearson Top-8,time_block_50,时间块缺失 50%,1.1377179240892665,0.9391602204886392,3648
30,6239219,spearman,Spearman Top-8,time_block_50,时间块缺失 50%,1.1272929813062174,0.9312522207250299,3648
30,6239219,random,随机 Top-8,time_block_50,时间块缺失 50%,1.1492048836263862,0.9528314524121283,3648
30,6239219,shuffled,打乱原值图,time_block_50,时间块缺失 50%,1.1565688673842922,0.949715686430405,3648
30,6239219,global_mean,零值基线,time_block_50,时间块缺失 50%,1.1280939069824851,0.9324106081533484,3648
31,6250815,raw_pearson,原值 Pearson Top-8,channel_dropout_50,通道丢失 50%,0.9408458407022822,0.5560156359544238,3648
31,6250815,diff_pearson,一阶差分 Pearson Top-8,channel_dropout_50,通道丢失 50%,0.7864548241557213,0.529757984116826,3648
31,6250815,spearman,Spearman Top-8,channel_dropout_50,通道丢失 50%,1.3077738191137644,0.6518184592776219,3648
31,6250815,random,随机 Top-8,channel_dropout_50,通道丢失 50%,0.9112561178627574,0.6737812266589861,3648
31,6250815,shuffled,打乱原值图,channel_dropout_50,通道丢失 50%,1.0076503581862801,0.6583360097377792,3648
31,6250815,global_mean,零值基线,channel_dropout_50,通道丢失 50%,1.1245981856022327,0.9299445894483684,3648
31,6250815,raw_pearson,原值 Pearson Top-8,rectangle_50,矩形缺失 50%,1.2210881845698989,0.7851391667936716,3672
31,6250815,diff_pearson,一阶差分 Pearson Top-8,rectangle_50,矩形缺失 50%,0.9879977804062832,0.7517682771111733,3672
31,6250815,spearman,Spearman Top-8,rectangle_50,矩形缺失 50%,0.8901751494709452,0.6955561718098019,3672
31,6250815,random,随机 Top-8,rectangle_50,矩形缺失 50%,1.1267982501460625,0.8325460135133985,3672
31,6250815,shuffled,打乱原值图,rectangle_50,矩形缺失 50%,1.0716681968062896,0.8420847262830248,3672
31,6250815,global_mean,零值基线,rectangle_50,矩形缺失 50%,1.1004956648423359,0.8980654887770603,3672
31,6250815,raw_pearson,原值 Pearson Top-8,time_block_50,时间块缺失 50%,1.1238865212302676,0.9252975752712893,3648
31,6250815,diff_pearson,一阶差分 Pearson Top-8,time_block_50,时间块缺失 50%,1.12990956848654,0.92881840017192,3648
31,6250815,spearman,Spearman Top-8,time_block_50,时间块缺失 50%,1.1206827838335702,0.9222180326613367,3648
31,6250815,random,随机 Top-8,time_block_50,时间块缺失 50%,1.1402322050498224,0.9425008031543299,3648
31,6250815,shuffled,打乱原值图,time_block_50,时间块缺失 50%,1.1493739973054466,0.9414058989010555,3648
31,6250815,global_mean,零值基线,time_block_50,时间块缺失 50%,1.1203651242814192,0.9222710431032969,3648
32,6262411,raw_pearson,原值 Pearson Top-8,channel_dropout_50,通道丢失 50%,1.230641504128906,0.7144887961817279,3648
32,6262411,diff_pearson,一阶差分 Pearson Top-8,channel_dropout_50,通道丢失 50%,0.8948918997533521,0.6735263859376044,3648
32,6262411,spearman,Spearman Top-8,channel_dropout_50,通道丢失 50%,0.7775411493643694,0.5648102519251667,3648
32,6262411,random,随机 Top-8,channel_dropout_50,通道丢失 50%,0.9174559197064523,0.7045916859676578,3648
32,6262411,shuffled,打乱原值图,channel_dropout_50,通道丢失 50%,1.002368345538303,0.798177557715038,3648
32,6262411,global_mean,零值基线,channel_dropout_50,通道丢失 50%,1.1739475399751638,0.9924871847239972,3648
32,6262411,raw_pearson,原值 Pearson Top-8,rectangle_50,矩形缺失 50%,1.1341778987909803,0.8880852348078696,3672
32,6262411,diff_pearson,一阶差分 Pearson Top-8,rectangle_50,矩形缺失 50%,1.0416581144658272,0.8399243747455152,3672
32,6262411,spearman,Spearman Top-8,rectangle_50,矩形缺失 50%,1.0580167134046636,0.8586092242259608,3672
32,6262411,random,随机 Top-8,rectangle_50,矩形缺失 50%,1.1762093292475844,0.9666889451909647,3672
32,6262411,shuffled,打乱原值图,rectangle_50,矩形缺失 50%,1.1310282932391809,0.9217436140655033,3672
32,6262411,global_mean,零值基线,rectangle_50,矩形缺失 50%,1.1954965147306442,1.0286063963141798,3672
32,6262411,raw_pearson,原值 Pearson Top-8,time_block_50,时间块缺失 50%,1.1435136399595647,0.9397501626194155,3648
32,6262411,diff_pearson,一阶差分 Pearson Top-8,time_block_50,时间块缺失 50%,1.1490138219254613,0.9429871255521707,3648
32,6262411,spearman,Spearman Top-8,time_block_50,时间块缺失 50%,1.1385781365281036,0.9348081180410783,3648
32,6262411,random,随机 Top-8,time_block_50,时间块缺失 50%,1.1606519092977068,0.9595540879200241,3648
32,6262411,shuffled,打乱原值图,time_block_50,时间块缺失 50%,1.1693468616897835,0.9586817299900148,3648
32,6262411,global_mean,零值基线,time_block_50,时间块缺失 50%,1.1400521976195812,0.9362771292479872,3648
33,6274008,raw_pearson,原值 Pearson Top-8,channel_dropout_50,通道丢失 50%,1.402352399443232,0.6427246521979996,3648
33,6274008,diff_pearson,一阶差分 Pearson Top-8,channel_dropout_50,通道丢失 50%,0.8037952471434913,0.5403456704876869,3648
33,6274008,spearman,Spearman Top-8,channel_dropout_50,通道丢失 50%,0.9960292110250968,0.5533069238851798,3648
33,6274008,random,随机 Top-8,channel_dropout_50,通道丢失 50%,0.8676457498917319,0.6052632851253473,3648
33,6274008,shuffled,打乱原值图,channel_dropout_50,通道丢失 50%,0.8350484876704564,0.5883957436804512,3648
33,6274008,global_mean,零值基线,channel_dropout_50,通道丢失 50%,1.091425448649305,0.8669743433197973,3648
33,6274008,raw_pearson,原值 Pearson Top-8,rectangle_50,矩形缺失 50%,1.2737183193386268,0.863186107164299,3672
33,6274008,diff_pearson,一阶差分 Pearson Top-8,rectangle_50,矩形缺失 50%,0.992122065816352,0.7284041926076993,3672
33,6274008,spearman,Spearman Top-8,rectangle_50,矩形缺失 50%,1.3869940243261334,0.8562595364105936,3672
33,6274008,random,随机 Top-8,rectangle_50,矩形缺失 50%,1.3276236119623246,0.9107830899116433,3672
33,6274008,shuffled,打乱原值图,rectangle_50,矩形缺失 50%,0.9789256829909496,0.7208527883528874,3672
33,6274008,global_mean,零值基线,rectangle_50,矩形缺失 50%,1.116992226791067,0.8952035432560722,3672
33,6274008,raw_pearson,原值 Pearson Top-8,time_block_50,时间块缺失 50%,1.135062406695644,0.9340273703109593,3648
33,6274008,diff_pearson,一阶差分 Pearson Top-8,time_block_50,时间块缺失 50%,1.1405165191369007,0.9372453831830467,3648
33,6274008,spearman,Spearman Top-8,time_block_50,时间块缺失 50%,1.1305338184014375,0.929817926802149,3648
33,6274008,random,随机 Top-8,time_block_50,时间块缺失 50%,1.1520371904434168,0.9542753851203513,3648
33,6274008,shuffled,打乱原值图,time_block_50,时间块缺失 50%,1.1606782043845698,0.9545972073671245,3648
33,6274008,global_mean,零值基线,time_block_50,时间块缺失 50%,1.1309325602500973,0.9305441044749514,3648
34,6285604,raw_pearson,原值 Pearson Top-8,channel_dropout_50,通道丢失 50%,0.7765971849860303,0.4984768813280947,3648
34,6285604,diff_pearson,一阶差分 Pearson Top-8,channel_dropout_50,通道丢失 50%,0.7656166520724128,0.477740700736529,3648
34,6285604,spearman,Spearman Top-8,channel_dropout_50,通道丢失 50%,1.0770769622982181,0.5722144501421108,3648
34,6285604,random,随机 Top-8,channel_dropout_50,通道丢失 50%,1.021335398383992,0.7382805490964984,3648
34,6285604,shuffled,打乱原值图,channel_dropout_50,通道丢失 50%,0.9446941463560171,0.6659940735220194,3648
34,6285604,global_mean,零值基线,channel_dropout_50,通道丢失 50%,1.0983590879561813,0.8852219170415067,3648
34,6285604,raw_pearson,原值 Pearson Top-8,rectangle_50,矩形缺失 50%,1.380180728120833,0.8813232895925289,3672
34,6285604,diff_pearson,一阶差分 Pearson Top-8,rectangle_50,矩形缺失 50%,0.9489426240498866,0.7087876306413464,3672
34,6285604,spearman,Spearman Top-8,rectangle_50,矩形缺失 50%,0.9837366555367044,0.7445660540184367,3672
34,6285604,random,随机 Top-8,rectangle_50,矩形缺失 50%,1.0352309632423313,0.7959351205327262,3672
34,6285604,shuffled,打乱原值图,rectangle_50,矩形缺失 50%,1.023108916424152,0.818470680153694,3672
34,6285604,global_mean,零值基线,rectangle_50,矩形缺失 50%,1.106417270788687,0.8997674670432083,3672
34,6285604,raw_pearson,原值 Pearson Top-8,time_block_50,时间块缺失 50%,1.1143538103135247,0.9101546561905138,3648
34,6285604,diff_pearson,一阶差分 Pearson Top-8,time_block_50,时间块缺失 50%,1.1219186559164556,0.9151304555047635,3648
34,6285604,spearman,Spearman Top-8,time_block_50,时间块缺失 50%,1.1116458126038622,0.9078896114108465,3648
34,6285604,random,随机 Top-8,time_block_50,时间块缺失 50%,1.1311515611593432,0.9305005064948608,3648
34,6285604,shuffled,打乱原值图,time_block_50,时间块缺失 50%,1.1402094640624092,0.9311607018434629,3648
34,6285604,global_mean,零值基线,time_block_50,时间块缺失 50%,1.1122972072567472,0.9085069643002786,3648
35,6297200,raw_pearson,原值 Pearson Top-8,channel_dropout_50,通道丢失 50%,0.9315887889458012,0.6454001074472676,3648
35,6297200,diff_pearson,一阶差分 Pearson Top-8,channel_dropout_50,通道丢失 50%,0.8725402922378175,0.6712719872683655,3648
35,6297200,spearman,Spearman Top-8,channel_dropout_50,通道丢失 50%,0.777310614449648,0.5757790868161528,3648
35,6297200,random,随机 Top-8,channel_dropout_50,通道丢失 50%,0.9872644833192545,0.8204713252982633,3648
35,6297200,shuffled,打乱原值图,channel_dropout_50,通道丢失 50%,1.0283341161461117,0.801689216211112,3648
35,6297200,global_mean,零值基线,channel_dropout_50,通道丢失 50%,1.1380787190899815,0.974388962774946,3648
35,6297200,raw_pearson,原值 Pearson Top-8,rectangle_50,矩形缺失 50%,1.0195173858448645,0.7559145841812883,3672
35,6297200,diff_pearson,一阶差分 Pearson Top-8,rectangle_50,矩形缺失 50%,0.9323764863431309,0.7043901098524332,3672
35,6297200,spearman,Spearman Top-8,rectangle_50,矩形缺失 50%,0.8939420122568172,0.6902362142767593,3672
35,6297200,random,随机 Top-8,rectangle_50,矩形缺失 50%,0.9636008248820279,0.7556622186608382,3672
35,6297200,shuffled,打乱原值图,rectangle_50,矩形缺失 50%,0.8890776081843436,0.6900809453078018,3672
35,6297200,global_mean,零值基线,rectangle_50,矩形缺失 50%,1.0554139066981783,0.8475227614239775,3672
35,6297200,raw_pearson,原值 Pearson Top-8,time_block_50,时间块缺失 50%,1.0962873775492257,0.8963834179381851,3648
35,6297200,diff_pearson,一阶差分 Pearson Top-8,time_block_50,时间块缺失 50%,1.1010372320631037,0.900679522572642,3648
35,6297200,spearman,Spearman Top-8,time_block_50,时间块缺失 50%,1.0914551011185722,0.8921233431567253,3648
35,6297200,random,随机 Top-8,time_block_50,时间块缺失 50%,1.1115692799942052,0.9161396890471404,3648
35,6297200,shuffled,打乱原值图,time_block_50,时间块缺失 50%,1.1195016074039845,0.9170981578163782,3648
35,6297200,global_mean,零值基线,time_block_50,时间块缺失 50%,1.0930379877757286,0.8938816675659326,3648
36,6308797,raw_pearson,原值 Pearson Top-8,channel_dropout_50,通道丢失 50%,2.34323603553107,0.9082873311214024,3648
36,6308797,diff_pearson,一阶差分 Pearson Top-8,channel_dropout_50,通道丢失 50%,0.8920258935247656,0.6338471409264124,3648
36,6308797,spearman,Spearman Top-8,channel_dropout_50,通道丢失 50%,0.7567387315631988,0.5500968282756611,3648
36,6308797,random,随机 Top-8,channel_dropout_50,通道丢失 50%,1.0370098497937235,0.7273824885951855,3648
36,6308797,shuffled,打乱原值图,channel_dropout_50,通道丢失 50%,0.9953464444266508,0.6299983267910868,3648
36,6308797,global_mean,零值基线,channel_dropout_50,通道丢失 50%,1.0967135212791672,0.8949203725741858,3648
36,6308797,raw_pearson,原值 Pearson Top-8,rectangle_50,矩形缺失 50%,0.8367028241090528,0.5701950179243538,3672
36,6308797,diff_pearson,一阶差分 Pearson Top-8,rectangle_50,矩形缺失 50%,0.9044279727129785,0.641047016403763,3672
36,6308797,spearman,Spearman Top-8,rectangle_50,矩形缺失 50%,0.759534994247177,0.5334378679649932,3672
36,6308797,random,随机 Top-8,rectangle_50,矩形缺失 50%,0.997415363279961,0.7634542626923004,3672
36,6308797,shuffled,打乱原值图,rectangle_50,矩形缺失 50%,0.8205402948888498,0.5668421247133053,3672
36,6308797,global_mean,零值基线,rectangle_50,矩形缺失 50%,1.0333735601391594,0.8025441716113927,3672
36,6308797,raw_pearson,原值 Pearson Top-8,time_block_50,时间块缺失 50%,1.086042754290677,0.8821311669134843,3648
36,6308797,diff_pearson,一阶差分 Pearson Top-8,time_block_50,时间块缺失 50%,1.0910801842980715,0.8856397873120785,3648
36,6308797,spearman,Spearman Top-8,time_block_50,时间块缺失 50%,1.0811286206208126,0.8774166307664286,3648
36,6308797,random,随机 Top-8,time_block_50,时间块缺失 50%,1.1021731744336576,0.9016045624187043,3648
36,6308797,shuffled,打乱原值图,time_block_50,时间块缺失 50%,1.110430759402942,0.9038277371816589,3648
36,6308797,global_mean,零值基线,time_block_50,时间块缺失 50%,1.0823967356218718,0.8790709377400848,3648
37,6320393,raw_pearson,原值 Pearson Top-8,channel_dropout_50,通道丢失 50%,1.8204929753644155,0.8956351230373838,3648
37,6320393,diff_pearson,一阶差分 Pearson Top-8,channel_dropout_50,通道丢失 50%,0.9400722952167208,0.7545169196240458,3648
37,6320393,spearman,Spearman Top-8,channel_dropout_50,通道丢失 50%,0.900500651738812,0.6812064295044464,3648
37,6320393,random,随机 Top-8,channel_dropout_50,通道丢失 50%,1.0664951389275106,0.9026520245317585,3648
37,6320393,shuffled,打乱原值图,channel_dropout_50,通道丢失 50%,1.042339018628419,0.8724962050153025,3648
37,6320393,global_mean,零值基线,channel_dropout_50,通道丢失 50%,1.1708040584195358,1.0369614777967064,3648
37,6320393,raw_pearson,原值 Pearson Top-8,rectangle_50,矩形缺失 50%,0.9485954813303549,0.67333203947153,3672
37,6320393,diff_pearson,一阶差分 Pearson Top-8,rectangle_50,矩形缺失 50%,0.9714919849488344,0.741535732146634,3672
37,6320393,spearman,Spearman Top-8,rectangle_50,矩形缺失 50%,0.9297592337028109,0.6681621412918726,3672
37,6320393,random,随机 Top-8,rectangle_50,矩形缺失 50%,0.9545618363719399,0.7362323486058789,3672
37,6320393,shuffled,打乱原值图,rectangle_50,矩形缺失 50%,0.9656826841595663,0.7270217072928505,3672
37,6320393,global_mean,零值基线,rectangle_50,矩形缺失 50%,1.08875956223914,0.8872642438419979,3672
37,6320393,raw_pearson,原值 Pearson Top-8,time_block_50,时间块缺失 50%,1.0877335033997628,0.8893570360841923,3648
37,6320393,diff_pearson,一阶差分 Pearson Top-8,time_block_50,时间块缺失 50%,1.0928595944845672,0.8927641259437721,3648
37,6320393,spearman,Spearman Top-8,time_block_50,时间块缺失 50%,1.083893162636758,0.8856403319803295,3648
37,6320393,random,随机 Top-8,time_block_50,时间块缺失 50%,1.1036144486772073,0.9069807709291678,3648
37,6320393,shuffled,打乱原值图,time_block_50,时间块缺失 50%,1.1137055890234393,0.9106356518847697,3648
37,6320393,global_mean,零值基线,time_block_50,时间块缺失 50%,1.0842341924695067,0.8861042873778276,3648
38,6331989,raw_pearson,原值 Pearson Top-8,channel_dropout_50,通道丢失 50%,1.0576751909008233,0.5027707603362812,3648
38,6331989,diff_pearson,一阶差分 Pearson Top-8,channel_dropout_50,通道丢失 50%,0.9474787290658384,0.4304060996740875,3648
38,6331989,spearman,Spearman Top-8,channel_dropout_50,通道丢失 50%,1.1066618815405076,0.52074148610935,3648
38,6331989,random,随机 Top-8,channel_dropout_50,通道丢失 50%,1.1204912407804786,0.5783197898139453,3648
38,6331989,shuffled,打乱原值图,channel_dropout_50,通道丢失 50%,1.1301696776245507,0.5936142278945316,3648
38,6331989,global_mean,零值基线,channel_dropout_50,通道丢失 50%,1.2335408877216951,0.8044131768940886,3648
38,6331989,raw_pearson,原值 Pearson Top-8,rectangle_50,矩形缺失 50%,1.2446416683942543,0.8014423186965621,3672
38,6331989,diff_pearson,一阶差分 Pearson Top-8,rectangle_50,矩形缺失 50%,1.2149510863771864,0.7808180463808587,3672
38,6331989,spearman,Spearman Top-8,rectangle_50,矩形缺失 50%,1.1634212476059427,0.7376151249719369,3672
38,6331989,random,随机 Top-8,rectangle_50,矩形缺失 50%,1.244947143795219,0.8323327780056835,3672
38,6331989,shuffled,打乱原值图,rectangle_50,矩形缺失 50%,1.2062314813771813,0.784250911700315,3672
38,6331989,global_mean,零值基线,rectangle_50,矩形缺失 50%,1.312627788318627,0.9282539408058769,3672
38,6331989,raw_pearson,原值 Pearson Top-8,time_block_50,时间块缺失 50%,1.2952838375080715,0.9423602675895125,3648
38,6331989,diff_pearson,一阶差分 Pearson Top-8,time_block_50,时间块缺失 50%,1.299599567551183,0.9459747522615981,3648
38,6331989,spearman,Spearman Top-8,time_block_50,时间块缺失 50%,1.2904505578886432,0.9371039207844875,3648
38,6331989,random,随机 Top-8,time_block_50,时间块缺失 50%,1.3138910266709305,0.9597855382668902,3648
38,6331989,shuffled,打乱原值图,time_block_50,时间块缺失 50%,1.3173092850486094,0.9633375579188794,3648
38,6331989,global_mean,零值基线,time_block_50,时间块缺失 50%,1.2920888463032842,0.9391644407864259,3648
39,6343586,raw_pearson,原值 Pearson Top-8,channel_dropout_50,通道丢失 50%,0.8224877690833583,0.6196239856144493,3648
39,6343586,diff_pearson,一阶差分 Pearson Top-8,channel_dropout_50,通道丢失 50%,0.7490301527069406,0.4985321109741857,3648
39,6343586,spearman,Spearman Top-8,channel_dropout_50,通道丢失 50%,0.7816905626198674,0.5858942380039623,3648
39,6343586,random,随机 Top-8,channel_dropout_50,通道丢失 50%,0.849191138017997,0.6149456149658048,3648
39,6343586,shuffled,打乱原值图,channel_dropout_50,通道丢失 50%,0.8011422379314915,0.610919047211518,3648
39,6343586,global_mean,零值基线,channel_dropout_50,通道丢失 50%,1.109408570573158,0.9120385305623291,3648
39,6343586,raw_pearson,原值 Pearson Top-8,rectangle_50,矩形缺失 50%,1.067768364335353,0.7428786873471912,3672
39,6343586,diff_pearson,一阶差分 Pearson Top-8,rectangle_50,矩形缺失 50%,0.9712781657749711,0.7078625818865012,3672
39,6343586,spearman,Spearman Top-8,rectangle_50,矩形缺失 50%,0.9476342586061803,0.6941362857188482,3672
39,6343586,random,随机 Top-8,rectangle_50,矩形缺失 50%,0.987501367757766,0.7589998659740301,3672
39,6343586,shuffled,打乱原值图,rectangle_50,矩形缺失 50%,1.0363413871257843,0.8178661471092207,3672
39,6343586,global_mean,零值基线,rectangle_50,矩形缺失 50%,1.076816779046961,0.8737973618652113,3672
39,6343586,raw_pearson,原值 Pearson Top-8,time_block_50,时间块缺失 50%,1.0986891229753828,0.8988417677722202,3648
39,6343586,diff_pearson,一阶差分 Pearson Top-8,time_block_50,时间块缺失 50%,1.1039717368010782,0.902477161650286,3648
39,6343586,spearman,Spearman Top-8,time_block_50,时间块缺失 50%,1.093759624815781,0.8944430809609957,3648
39,6343586,random,随机 Top-8,time_block_50,时间块缺失 50%,1.1152780164034959,0.9154257774774607,3648
39,6343586,shuffled,打乱原值图,time_block_50,时间块缺失 50%,1.1243518831739714,0.9201439239581524,3648
39,6343586,global_mean,零值基线,time_block_50,时间块缺失 50%,1.0946674490589365,0.895677299274084,3648
40,6355182,raw_pearson,原值 Pearson Top-8,channel_dropout_50,通道丢失 50%,1.0560331063945736,0.7088199144584905,3648
40,6355182,diff_pearson,一阶差分 Pearson Top-8,channel_dropout_50,通道丢失 50%,0.7569195856127061,0.5100913974007426,3648
40,6355182,spearman,Spearman Top-8,channel_dropout_50,通道丢失 50%,0.8757579787320381,0.622820322362568,3648
40,6355182,random,随机 Top-8,channel_dropout_50,通道丢失 50%,0.829329647857159,0.6123205136993569,3648
40,6355182,shuffled,打乱原值图,channel_dropout_50,通道丢失 50%,0.9620485363744634,0.7212535168197218,3648
40,6355182,global_mean,零值基线,channel_dropout_50,通道丢失 50%,1.1172261328899948,0.9374880220089006,3648
40,6355182,raw_pearson,原值 Pearson Top-8,rectangle_50,矩形缺失 50%,0.9451146217605153,0.6732950787712867,3672
40,6355182,diff_pearson,一阶差分 Pearson Top-8,rectangle_50,矩形缺失 50%,0.9477296131613511,0.6590064002524769,3672
40,6355182,spearman,Spearman Top-8,rectangle_50,矩形缺失 50%,1.02207482877902,0.6934786877518201,3672
40,6355182,random,随机 Top-8,rectangle_50,矩形缺失 50%,0.9779480930910892,0.7397884327157158,3672
40,6355182,shuffled,打乱原值图,rectangle_50,矩形缺失 50%,0.9214947574729584,0.6572801056143618,3672
40,6355182,global_mean,零值基线,rectangle_50,矩形缺失 50%,1.0816508125570796,0.8642000792011392,3672
40,6355182,raw_pearson,原值 Pearson Top-8,time_block_50,时间块缺失 50%,1.097779981756118,0.8946075916159555,3648
40,6355182,diff_pearson,一阶差分 Pearson Top-8,time_block_50,时间块缺失 50%,1.1038054221360611,0.8989895253671928,3648
40,6355182,spearman,Spearman Top-8,time_block_50,时间块缺失 50%,1.0937200021379405,0.8905294403473392,3648
40,6355182,random,随机 Top-8,time_block_50,时间块缺失 50%,1.114299281469572,0.910248390772529,3648
40,6355182,shuffled,打乱原值图,time_block_50,时间块缺失 50%,1.1238272142499484,0.9156965867976287,3648
40,6355182,global_mean,零值基线,time_block_50,时间块缺失 50%,1.0952576220945176,0.8922076518607642,3648
41,6366779,raw_pearson,原值 Pearson Top-8,channel_dropout_50,通道丢失 50%,1.049332347126844,0.6016735902347897,3648
41,6366779,diff_pearson,一阶差分 Pearson Top-8,channel_dropout_50,通道丢失 50%,1.074235330986329,0.6017694614397804,3648
41,6366779,spearman,Spearman Top-8,channel_dropout_50,通道丢失 50%,1.0407352586549294,0.5865626451284722,3648
41,6366779,random,随机 Top-8,channel_dropout_50,通道丢失 50%,1.03158549210111,0.7816534345843736,3648
41,6366779,shuffled,打乱原值图,channel_dropout_50,通道丢失 50%,1.148876897414683,0.6643156552946673,3648
41,6366779,global_mean,零值基线,channel_dropout_50,通道丢失 50%,1.1226568844991744,0.9174471630174817,3648
41,6366779,raw_pearson,原值 Pearson Top-8,rectangle_50,矩形缺失 50%,1.1680645165229617,0.8219066312338019,3672
41,6366779,diff_pearson,一阶差分 Pearson Top-8,rectangle_50,矩形缺失 50%,1.0316310937468822,0.717991496592657,3672
41,6366779,spearman,Spearman Top-8,rectangle_50,矩形缺失 50%,1.1360075369515559,0.8209810045549856,3672
41,6366779,random,随机 Top-8,rectangle_50,矩形缺失 50%,1.1730351812983486,0.8648741991711953,3672
41,6366779,shuffled,打乱原值图,rectangle_50,矩形缺失 50%,1.1989497416861805,0.9329629319231044,3672
41,6366779,global_mean,零值基线,rectangle_50,矩形缺失 50%,1.2148946279165438,0.9512170849961727,3672
41,6366779,raw_pearson,原值 Pearson Top-8,time_block_50,时间块缺失 50%,1.191109490642017,0.927101476193168,3648
41,6366779,diff_pearson,一阶差分 Pearson Top-8,time_block_50,时间块缺失 50%,1.1970946729609988,0.931792932912292,3648
41,6366779,spearman,Spearman Top-8,time_block_50,时间块缺失 50%,1.1876894041708754,0.9238259105433935,3648
41,6366779,random,随机 Top-8,time_block_50,时间块缺失 50%,1.207306586854324,0.9418055852276906,3648
41,6366779,shuffled,打乱原值图,time_block_50,时间块缺失 50%,1.2152317080116468,0.9475672157924151,3648
41,6366779,global_mean,零值基线,time_block_50,时间块缺失 50%,1.188649880664166,0.925165533716417,3648
42,6378375,raw_pearson,原值 Pearson Top-8,channel_dropout_50,通道丢失 50%,1.6114616777040192,0.7385536275497766,3648
42,6378375,diff_pearson,一阶差分 Pearson Top-8,channel_dropout_50,通道丢失 50%,0.6843375895243194,0.42895210536453976,3648
42,6378375,spearman,Spearman Top-8,channel_dropout_50,通道丢失 50%,0.8484171550735425,0.5537710353670308,3648
42,6378375,random,随机 Top-8,channel_dropout_50,通道丢失 50%,0.9741232624762214,0.7563432084339856,3648
42,6378375,shuffled,打乱原值图,channel_dropout_50,通道丢失 50%,0.806671955881644,0.5555521818655913,3648
42,6378375,global_mean,零值基线,channel_dropout_50,通道丢失 50%,1.0584708001500978,0.8518140746382414,3648
42,6378375,raw_pearson,原值 Pearson Top-8,rectangle_50,矩形缺失 50%,1.043753380467271,0.7533587107529988,3672
42,6378375,diff_pearson,一阶差分 Pearson Top-8,rectangle_50,矩形缺失 50%,0.9869086759662015,0.746969709685929,3672
42,6378375,spearman,Spearman Top-8,rectangle_50,矩形缺失 50%,0.9972142674141103,0.7255997842972074,3672
42,6378375,random,随机 Top-8,rectangle_50,矩形缺失 50%,1.1306017654009175,0.8759479093883644,3672
42,6378375,shuffled,打乱原值图,rectangle_50,矩形缺失 50%,1.0868356850740848,0.8236552516725529,3672
42,6378375,global_mean,零值基线,rectangle_50,矩形缺失 50%,1.0980916424742146,0.8903127579450918,3672
42,6378375,raw_pearson,原值 Pearson Top-8,time_block_50,时间块缺失 50%,1.102821026034684,0.902510442106027,3648
42,6378375,diff_pearson,一阶差分 Pearson Top-8,time_block_50,时间块缺失 50%,1.1079000576734839,0.9056657895808028,3648
42,6378375,spearman,Spearman Top-8,time_block_50,时间块缺失 50%,1.0980903643641629,0.8984913075404464,3648
42,6378375,random,随机 Top-8,time_block_50,时间块缺失 50%,1.1183552965611683,0.9173198027244375,3648
42,6378375,shuffled,打乱原值图,time_block_50,时间块缺失 50%,1.1281027726814812,0.9240621882976771,3648
42,6378375,global_mean,零值基线,time_block_50,时间块缺失 50%,1.0985044798465775,0.8989747724731307,3648
43,6389971,raw_pearson,原值 Pearson Top-8,channel_dropout_50,通道丢失 50%,0.9735956608044178,0.7005844080727907,3648
43,6389971,diff_pearson,一阶差分 Pearson Top-8,channel_dropout_50,通道丢失 50%,0.899729994942886,0.6405284051784557,3648
43,6389971,spearman,Spearman Top-8,channel_dropout_50,通道丢失 50%,0.8204792620148322,0.6194925425733389,3648
43,6389971,random,随机 Top-8,channel_dropout_50,通道丢失 50%,1.2284614245356154,0.9543664944568913,3648
43,6389971,shuffled,打乱原值图,channel_dropout_50,通道丢失 50%,1.0713797723026879,0.9049299314135827,3648
43,6389971,global_mean,零值基线,channel_dropout_50,通道丢失 50%,1.182152904078247,1.0183013307102413,3648
43,6389971,raw_pearson,原值 Pearson Top-8,rectangle_50,矩形缺失 50%,0.7907657547556363,0.5790257178744936,3672
43,6389971,diff_pearson,一阶差分 Pearson Top-8,rectangle_50,矩形缺失 50%,0.9345203337724964,0.7028162749754523,3672
43,6389971,spearman,Spearman Top-8,rectangle_50,矩形缺失 50%,1.2088314501123776,0.6856986184086657,3672
43,6389971,random,随机 Top-8,rectangle_50,矩形缺失 50%,1.3173497562186518,0.9022895679471515,3672
43,6389971,shuffled,打乱原值图,rectangle_50,矩形缺失 50%,1.0266378632691333,0.8207906068084195,3672
43,6389971,global_mean,零值基线,rectangle_50,矩形缺失 50%,1.0744541043910172,0.8640829884140275,3672
43,6389971,raw_pearson,原值 Pearson Top-8,time_block_50,时间块缺失 50%,1.11477926324219,0.9033785547131111,3648
43,6389971,diff_pearson,一阶差分 Pearson Top-8,time_block_50,时间块缺失 50%,1.120479920277228,0.9077591013153278,3648
43,6389971,spearman,Spearman Top-8,time_block_50,时间块缺失 50%,1.1132798618775037,0.9020472446828867,3648
43,6389971,random,随机 Top-8,time_block_50,时间块缺失 50%,1.1277670548235244,0.9156919599857075,3648
43,6389971,shuffled,打乱原值图,time_block_50,时间块缺失 50%,1.1402080582731815,0.923297702523223,3648
43,6389971,global_mean,零值基线,time_block_50,时间块缺失 50%,1.112315293061736,0.9012393094578663,3648
44,6401568,raw_pearson,原值 Pearson Top-8,channel_dropout_50,通道丢失 50%,0.9504919199607834,0.6072657173506725,3648
44,6401568,diff_pearson,一阶差分 Pearson Top-8,channel_dropout_50,通道丢失 50%,0.6591797807632785,0.4103095342896212,3648
44,6401568,spearman,Spearman Top-8,channel_dropout_50,通道丢失 50%,0.8700522006698238,0.5475127363398135,3648
44,6401568,random,随机 Top-8,channel_dropout_50,通道丢失 50%,1.026725055623886,0.6904051783938162,3648
44,6401568,shuffled,打乱原值图,channel_dropout_50,通道丢失 50%,0.860919937031765,0.573601298681666,3648
44,6401568,global_mean,零值基线,channel_dropout_50,通道丢失 50%,1.0803249881063715,0.8555990938490587,3648
44,6401568,raw_pearson,原值 Pearson Top-8,rectangle_50,矩形缺失 50%,0.9552639663282847,0.6965956323220683,3672
44,6401568,diff_pearson,一阶差分 Pearson Top-8,rectangle_50,矩形缺失 50%,0.9777146560751341,0.6947263390917311,3672
44,6401568,spearman,Spearman Top-8,rectangle_50,矩形缺失 50%,1.0673676307608875,0.7366006678523328,3672
44,6401568,random,随机 Top-8,rectangle_50,矩形缺失 50%,1.1174514997869216,0.8298739948210108,3672
44,6401568,shuffled,打乱原值图,rectangle_50,矩形缺失 50%,1.061659819962902,0.8591938334895474,3672
44,6401568,global_mean,零值基线,rectangle_50,矩形缺失 50%,1.136984115351421,0.9359981296754456,3672
44,6401568,raw_pearson,原值 Pearson Top-8,time_block_50,时间块缺失 50%,1.1188827643243937,0.9093147766405811,3648
44,6401568,diff_pearson,一阶差分 Pearson Top-8,time_block_50,时间块缺失 50%,1.124196082814459,0.9129238762307573,3648
44,6401568,spearman,Spearman Top-8,time_block_50,时间块缺失 50%,1.1135899456777578,0.9040771693155463,3648
44,6401568,random,随机 Top-8,time_block_50,时间块缺失 50%,1.134652485467017,0.9247890689212626,3648
44,6401568,shuffled,打乱原值图,time_block_50,时间块缺失 50%,1.1448432274744507,0.9302953543730065,3648
44,6401568,global_mean,零值基线,time_block_50,时间块缺失 50%,1.115071298488944,0.9060986346923464,3648
45,6413164,raw_pearson,原值 Pearson Top-8,channel_dropout_50,通道丢失 50%,0.7483266622124933,0.4655226656811306,3648
45,6413164,diff_pearson,一阶差分 Pearson Top-8,channel_dropout_50,通道丢失 50%,0.7790293055152412,0.5197794146107083,3648
45,6413164,spearman,Spearman Top-8,channel_dropout_50,通道丢失 50%,0.5782771855088333,0.37933913483718645,3648
45,6413164,random,随机 Top-8,channel_dropout_50,通道丢失 50%,1.071118431126789,0.6461323340923714,3648
45,6413164,shuffled,打乱原值图,channel_dropout_50,通道丢失 50%,0.7778435107048344,0.56267114208929,3648
45,6413164,global_mean,零值基线,channel_dropout_50,通道丢失 50%,1.0713262934040664,0.8790596561695502,3648
45,6413164,raw_pearson,原值 Pearson Top-8,rectangle_50,矩形缺失 50%,0.8995787352364243,0.6063095964743009,3672
45,6413164,diff_pearson,一阶差分 Pearson Top-8,rectangle_50,矩形缺失 50%,0.9465424030614099,0.6627641033442807,3672
45,6413164,spearman,Spearman Top-8,rectangle_50,矩形缺失 50%,0.8675592454947707,0.582628961730158,3672
45,6413164,random,随机 Top-8,rectangle_50,矩形缺失 50%,1.0435757412688607,0.7697299739685763,3672
45,6413164,shuffled,打乱原值图,rectangle_50,矩形缺失 50%,1.0308136300433708,0.7844510009355644,3672
45,6413164,global_mean,零值基线,rectangle_50,矩形缺失 50%,1.0862932376992598,0.8590663046242316,3672
45,6413164,raw_pearson,原值 Pearson Top-8,time_block_50,时间块缺失 50%,1.0778523728624791,0.8671865090400487,3648
45,6413164,diff_pearson,一阶差分 Pearson Top-8,time_block_50,时间块缺失 50%,1.0841356320185056,0.8709349359580256,3648
45,6413164,spearman,Spearman Top-8,time_block_50,时间块缺失 50%,1.0739838546648237,0.8631764118296095,3648
45,6413164,random,随机 Top-8,time_block_50,时间块缺失 50%,1.0933385100693787,0.8822515698535017,3648
45,6413164,shuffled,打乱原值图,time_block_50,时间块缺失 50%,1.1039347674087878,0.8883153701580502,3648
45,6413164,global_mean,零值基线,time_block_50,时间块缺失 50%,1.07501710464296,0.8645444923624637,3648
46,6424760,raw_pearson,原值 Pearson Top-8,channel_dropout_50,通道丢失 50%,0.606256494256566,0.37357971181267563,3648
46,6424760,diff_pearson,一阶差分 Pearson Top-8,channel_dropout_50,通道丢失 50%,0.6732632612404915,0.44246178064153285,3648
46,6424760,spearman,Spearman Top-8,channel_dropout_50,通道丢失 50%,0.5748058826966571,0.34943916220495663,3648
46,6424760,random,随机 Top-8,channel_dropout_50,通道丢失 50%,0.8109064044395362,0.553010034465384,3648
46,6424760,shuffled,打乱原值图,channel_dropout_50,通道丢失 50%,0.7800988361960707,0.5594132468175207,3648
46,6424760,global_mean,零值基线,channel_dropout_50,通道丢失 50%,1.0174499780779536,0.7842305967083041,3648
46,6424760,raw_pearson,原值 Pearson Top-8,rectangle_50,矩形缺失 50%,1.1447616898344752,0.6955893185320052,3672
46,6424760,diff_pearson,一阶差分 Pearson Top-8,rectangle_50,矩形缺失 50%,0.8834517601702621,0.6555067632695661,3672
46,6424760,spearman,Spearman Top-8,rectangle_50,矩形缺失 50%,0.7791991138458004,0.577314427768969,3672
46,6424760,random,随机 Top-8,rectangle_50,矩形缺失 50%,0.908112627745044,0.640509124732337,3672
46,6424760,shuffled,打乱原值图,rectangle_50,矩形缺失 50%,0.8568416162327842,0.602384018944561,3672
46,6424760,global_mean,零值基线,rectangle_50,矩形缺失 50%,1.0066807110803735,0.8030958693891243,3672
46,6424760,raw_pearson,原值 Pearson Top-8,time_block_50,时间块缺失 50%,1.081894086223741,0.8873485354594652,3648
46,6424760,diff_pearson,一阶差分 Pearson Top-8,time_block_50,时间块缺失 50%,1.0868541049678775,0.8911512748523915,3648
46,6424760,spearman,Spearman Top-8,time_block_50,时间块缺失 50%,1.0790863269943778,0.8846281065548172,3648
46,6424760,random,随机 Top-8,time_block_50,时间块缺失 50%,1.0956298346922173,0.9008917943986533,3648
46,6424760,shuffled,打乱原值图,time_block_50,时间块缺失 50%,1.1086250270123539,0.9077553126504632,3648
46,6424760,global_mean,零值基线,time_block_50,时间块缺失 50%,1.078875561682042,0.8846092084194057,3648
47,6436357,raw_pearson,原值 Pearson Top-8,channel_dropout_50,通道丢失 50%,0.785567285403659,0.514204087592181,3648
47,6436357,diff_pearson,一阶差分 Pearson Top-8,channel_dropout_50,通道丢失 50%,0.9033799282519782,0.6298981049510346,3648
47,6436357,spearman,Spearman Top-8,channel_dropout_50,通道丢失 50%,1.0287203721505012,0.5898283633328162,3648
47,6436357,random,随机 Top-8,channel_dropout_50,通道丢失 50%,0.8250384280834531,0.531748034745272,3648
47,6436357,shuffled,打乱原值图,channel_dropout_50,通道丢失 50%,0.8028963127569498,0.5574657280326889,3648
47,6436357,global_mean,零值基线,channel_dropout_50,通道丢失 50%,1.0461723966612755,0.8226019103486467,3648
47,6436357,raw_pearson,原值 Pearson Top-8,rectangle_50,矩形缺失 50%,0.9270641838826993,0.7300633461020639,3672
47,6436357,diff_pearson,一阶差分 Pearson Top-8,rectangle_50,矩形缺失 50%,0.8732639940630404,0.6529231220516153,3672
47,6436357,spearman,Spearman Top-8,rectangle_50,矩形缺失 50%,1.3760725684243738,0.8565716577207227,3672
47,6436357,random,随机 Top-8,rectangle_50,矩形缺失 50%,0.9214701416300838,0.6949998371152045,3672
47,6436357,shuffled,打乱原值图,rectangle_50,矩形缺失 50%,1.036670311998411,0.7917760347027964,3672
47,6436357,global_mean,零值基线,rectangle_50,矩形缺失 50%,1.0880262563817027,0.8913036760408439,3672
47,6436357,raw_pearson,原值 Pearson Top-8,time_block_50,时间块缺失 50%,1.0755947896741131,0.8652177126096517,3648
47,6436357,diff_pearson,一阶差分 Pearson Top-8,time_block_50,时间块缺失 50%,1.0822004616276582,0.8699142721980381,3648
47,6436357,spearman,Spearman Top-8,time_block_50,时间块缺失 50%,1.0744266749644893,0.8648976554189486,3648
47,6436357,random,随机 Top-8,time_block_50,时间块缺失 50%,1.0878676571421186,0.8771285242369781,3648
47,6436357,shuffled,打乱原值图,time_block_50,时间块缺失 50%,1.101421819521899,0.8853228754884667,3648
47,6436357,global_mean,零值基线,time_block_50,时间块缺失 50%,1.0733429701675428,0.8636790029394226,3648
48,6447953,raw_pearson,原值 Pearson Top-8,channel_dropout_50,通道丢失 50%,0.8739529798048676,0.6039840707293475,3648
48,6447953,diff_pearson,一阶差分 Pearson Top-8,channel_dropout_50,通道丢失 50%,0.812482754120773,0.5658132034782154,3648
48,6447953,spearman,Spearman Top-8,channel_dropout_50,通道丢失 50%,1.4250789426237722,0.7513648224793534,3648
48,6447953,random,随机 Top-8,channel_dropout_50,通道丢失 50%,0.911062965252243,0.71049233514496,3648
48,6447953,shuffled,打乱原值图,channel_dropout_50,通道丢失 50%,1.0798483577405744,0.8409061201157835,3648
48,6447953,global_mean,零值基线,channel_dropout_50,通道丢失 50%,1.1315823404227079,0.9432149525474463,3648
48,6447953,raw_pearson,原值 Pearson Top-8,rectangle_50,矩形缺失 50%,1.0140422204100688,0.7886218326282111,3672
48,6447953,diff_pearson,一阶差分 Pearson Top-8,rectangle_50,矩形缺失 50%,1.0085950600781353,0.7845712710402467,3672
48,6447953,spearman,Spearman Top-8,rectangle_50,矩形缺失 50%,0.9818446679725187,0.7678095391678973,3672
48,6447953,random,随机 Top-8,rectangle_50,矩形缺失 50%,0.9777734262931047,0.7591376122477427,3672
48,6447953,shuffled,打乱原值图,rectangle_50,矩形缺失 50%,1.0367810640740198,0.8397359165481945,3672
48,6447953,global_mean,零值基线,rectangle_50,矩形缺失 50%,1.0966379727587203,0.9040414715611349,3672
48,6447953,raw_pearson,原值 Pearson Top-8,time_block_50,时间块缺失 50%,1.0604706510917734,0.8533461788785642,3648
48,6447953,diff_pearson,一阶差分 Pearson Top-8,time_block_50,时间块缺失 50%,1.066807613524564,0.8577074046199054,3648
48,6447953,spearman,Spearman Top-8,time_block_50,时间块缺失 50%,1.0563099949815409,0.8498332955016893,3648
48,6447953,random,随机 Top-8,time_block_50,时间块缺失 50%,1.0763209431412282,0.868836062532653,3648
48,6447953,shuffled,打乱原值图,time_block_50,时间块缺失 50%,1.087857353883697,0.8746140459109999,3648
48,6447953,global_mean,零值基线,time_block_50,时间块缺失 50%,1.0574604077486272,0.8509996048019673,3648
49,6459549,raw_pearson,原值 Pearson Top-8,channel_dropout_50,通道丢失 50%,0.813861474460832,0.5710620061335941,3648
49,6459549,diff_pearson,一阶差分 Pearson Top-8,channel_dropout_50,通道丢失 50%,0.8157069779422624,0.5867259625832252,3648
49,6459549,spearman,Spearman Top-8,channel_dropout_50,通道丢失 50%,0.9196235242347927,0.6208919443188828,3648
49,6459549,random,随机 Top-8,channel_dropout_50,通道丢失 50%,0.9262971228530813,0.6931265601350954,3648
49,6459549,shuffled,打乱原值图,channel_dropout_50,通道丢失 50%,0.9423561106496777,0.6977802097952559,3648
49,6459549,global_mean,零值基线,channel_dropout_50,通道丢失 50%,1.0700558948304408,0.8433916165134162,3648
49,6459549,raw_pearson,原值 Pearson Top-8,rectangle_50,矩形缺失 50%,1.052320666207394,0.7683321343456856,3672
49,6459549,diff_pearson,一阶差分 Pearson Top-8,rectangle_50,矩形缺失 50%,1.0628376243642592,0.831902261831492,3672
49,6459549,spearman,Spearman Top-8,rectangle_50,矩形缺失 50%,1.3541856309226483,0.8572910429567568,3672
49,6459549,random,随机 Top-8,rectangle_50,矩形缺失 50%,1.0552343232951245,0.8371443948760251,3672
49,6459549,shuffled,打乱原值图,rectangle_50,矩形缺失 50%,1.052245127381687,0.8138246221022125,3672
49,6459549,global_mean,零值基线,rectangle_50,矩形缺失 50%,1.1080617989669854,0.9094021228069291,3672
49,6459549,raw_pearson,原值 Pearson Top-8,time_block_50,时间块缺失 50%,1.0716791572365234,0.8673021010519336,3648
49,6459549,diff_pearson,一阶差分 Pearson Top-8,time_block_50,时间块缺失 50%,1.07726017039303,0.8713007421586345,3648
49,6459549,spearman,Spearman Top-8,time_block_50,时间块缺失 50%,1.0701092074159257,0.8655109562781016,3648
49,6459549,random,随机 Top-8,time_block_50,时间块缺失 50%,1.0840043820192875,0.8797418371895467,3648
49,6459549,shuffled,打乱原值图,time_block_50,时间块缺失 50%,1.098226131977726,0.88768784369404,3648
49,6459549,global_mean,零值基线,time_block_50,时间块缺失 50%,1.069238127553276,0.8649332633359543,3648
50,6471146,raw_pearson,原值 Pearson Top-8,channel_dropout_50,通道丢失 50%,1.002596042194483,0.62038762760477,3648
50,6471146,diff_pearson,一阶差分 Pearson Top-8,channel_dropout_50,通道丢失 50%,0.9142234309616875,0.644801389977146,3648
50,6471146,spearman,Spearman Top-8,channel_dropout_50,通道丢失 50%,0.7266829508198147,0.4987370796995136,3648
50,6471146,random,随机 Top-8,channel_dropout_50,通道丢失 50%,1.2919418100961013,0.8598690297207608,3648
50,6471146,shuffled,打乱原值图,channel_dropout_50,通道丢失 50%,1.0132707580875717,0.7928890630737139,3648
50,6471146,global_mean,零值基线,channel_dropout_50,通道丢失 50%,1.1281415810576894,0.9374732114887784,3648
50,6471146,raw_pearson,原值 Pearson Top-8,rectangle_50,矩形缺失 50%,1.093473239138355,0.7132252559730833,3672
50,6471146,diff_pearson,一阶差分 Pearson Top-8,rectangle_50,矩形缺失 50%,0.8784746712062369,0.6730205744645982,3672
50,6471146,spearman,Spearman Top-8,rectangle_50,矩形缺失 50%,1.3030942897809679,0.7409380865834397,3672
50,6471146,random,随机 Top-8,rectangle_50,矩形缺失 50%,1.2060720660336641,0.8713418875367007,3672
50,6471146,shuffled,打乱原值图,rectangle_50,矩形缺失 50%,0.9510497670147318,0.7652543741143316,3672
50,6471146,global_mean,零值基线,rectangle_50,矩形缺失 50%,1.0501785587047852,0.8577519270284049,3672
50,6471146,raw_pearson,原值 Pearson Top-8,time_block_50,时间块缺失 50%,1.0725442018495281,0.8655466310428986,3648
50,6471146,diff_pearson,一阶差分 Pearson Top-8,time_block_50,时间块缺失 50%,1.0780730652797823,0.8672675656298439,3648
50,6471146,spearman,Spearman Top-8,time_block_50,时间块缺失 50%,1.0702416489907711,0.8635670316086219,3648
50,6471146,random,随机 Top-8,time_block_50,时间块缺失 50%,1.0854631694183476,0.8771296741487444,3648
50,6471146,shuffled,打乱原值图,time_block_50,时间块缺失 50%,1.0992940606163728,0.8862744540050107,3648
50,6471146,global_mean,零值基线,time_block_50,时间块缺失 50%,1.06894494731631,0.8628818804031413,3648
51,6482742,raw_pearson,原值 Pearson Top-8,channel_dropout_50,通道丢失 50%,0.7390899744902034,0.5015868456738035,3648
51,6482742,diff_pearson,一阶差分 Pearson Top-8,channel_dropout_50,通道丢失 50%,0.6826691545082839,0.4539234668770529,3648
51,6482742,spearman,Spearman Top-8,channel_dropout_50,通道丢失 50%,0.7361934190261231,0.4999877065953138,3648
51,6482742,random,随机 Top-8,channel_dropout_50,通道丢失 50%,0.9221811429912719,0.6386425884103525,3648
51,6482742,shuffled,打乱原值图,channel_dropout_50,通道丢失 50%,1.0102749888586333,0.6711502636507143,3648
51,6482742,global_mean,零值基线,channel_dropout_50,通道丢失 50%,1.0225159974339497,0.7875330195078468,3648
51,6482742,raw_pearson,原值 Pearson Top-8,rectangle_50,矩形缺失 50%,0.790415112930004,0.5645176973940507,3672
51,6482742,diff_pearson,一阶差分 Pearson Top-8,rectangle_50,矩形缺失 50%,0.7781918847808859,0.5080654897636311,3672
51,6482742,spearman,Spearman Top-8,rectangle_50,矩形缺失 50%,0.7505674994827237,0.5339236637045012,3672
51,6482742,random,随机 Top-8,rectangle_50,矩形缺失 50%,0.9893512396877324,0.7737604181846304,3672
51,6482742,shuffled,打乱原值图,rectangle_50,矩形缺失 50%,0.9641091245566401,0.7254542770390655,3672
51,6482742,global_mean,零值基线,rectangle_50,矩形缺失 50%,1.0186118175595333,0.798152378507082,3672
51,6482742,raw_pearson,原值 Pearson Top-8,time_block_50,时间块缺失 50%,1.0528133062557,0.8552653498984811,3648
51,6482742,diff_pearson,一阶差分 Pearson Top-8,time_block_50,时间块缺失 50%,1.0597894965898522,0.8592894249162609,3648
51,6482742,spearman,Spearman Top-8,time_block_50,时间块缺失 50%,1.0482514723476124,0.8508227319695212,3648
51,6482742,random,随机 Top-8,time_block_50,时间块缺失 50%,1.0696391395437839,0.8708523499554759,3648
51,6482742,shuffled,打乱原值图,time_block_50,时间块缺失 50%,1.081585169290744,0.8763310763700046,3648
51,6482742,global_mean,零值基线,time_block_50,时间块缺失 50%,1.0498350561886434,0.8527064226702127,3648
52,6494338,raw_pearson,原值 Pearson Top-8,channel_dropout_50,通道丢失 50%,1.3618937583617639,0.7644960541124953,3648
52,6494338,diff_pearson,一阶差分 Pearson Top-8,channel_dropout_50,通道丢失 50%,0.7614785110569603,0.5499035585726935,3648
52,6494338,spearman,Spearman Top-8,channel_dropout_50,通道丢失 50%,0.7637218726064597,0.5344740090055687,3648
52,6494338,random,随机 Top-8,channel_dropout_50,通道丢失 50%,0.7474866356630414,0.5522622151073063,3648
52,6494338,shuffled,打乱原值图,channel_dropout_50,通道丢失 50%,0.8870417224320385,0.6494873666445926,3648
52,6494338,global_mean,零值基线,channel_dropout_50,通道丢失 50%,1.0482741503011803,0.8548990358928055,3648
52,6494338,raw_pearson,原值 Pearson Top-8,rectangle_50,矩形缺失 50%,0.9562633298235541,0.6618714201179257,3672
52,6494338,diff_pearson,一阶差分 Pearson Top-8,rectangle_50,矩形缺失 50%,0.9232465259251622,0.6551821599295521,3672
52,6494338,spearman,Spearman Top-8,rectangle_50,矩形缺失 50%,0.9677738924278821,0.6427804321814939,3672
52,6494338,random,随机 Top-8,rectangle_50,矩形缺失 50%,1.041379683737995,0.8193932259049911,3672
52,6494338,shuffled,打乱原值图,rectangle_50,矩形缺失 50%,1.0606336862508887,0.8274719669193471,3672
52,6494338,global_mean,零值基线,rectangle_50,矩形缺失 50%,1.0736381284669878,0.8761126256003336,3672
52,6494338,raw_pearson,原值 Pearson Top-8,time_block_50,时间块缺失 50%,1.0722259321641452,0.8875962913245636,3648
52,6494338,diff_pearson,一阶差分 Pearson Top-8,time_block_50,时间块缺失 50%,1.07790606702267,0.8908433910341541,3648
52,6494338,spearman,Spearman Top-8,time_block_50,时间块缺失 50%,1.0676803778701718,0.8835029755052327,3648
52,6494338,random,随机 Top-8,time_block_50,时间块缺失 50%,1.0879463430770662,0.9022639203178258,3648
52,6494338,shuffled,打乱原值图,time_block_50,时间块缺失 50%,1.1003251424066134,0.9088686374477273,3648
52,6494338,global_mean,零值基线,time_block_50,时间块缺失 50%,1.0686332102798994,0.8842887918772567,3648
53,6505935,raw_pearson,原值 Pearson Top-8,channel_dropout_50,通道丢失 50%,0.7653957300436144,0.5197878959892214,3648
53,6505935,diff_pearson,一阶差分 Pearson Top-8,channel_dropout_50,通道丢失 50%,0.7306475199516154,0.5078756354741756,3648
53,6505935,spearman,Spearman Top-8,channel_dropout_50,通道丢失 50%,0.7058175772381444,0.48904592964697113,3648
53,6505935,random,随机 Top-8,channel_dropout_50,通道丢失 50%,0.8665721753045322,0.6587453364364366,3648
53,6505935,shuffled,打乱原值图,channel_dropout_50,通道丢失 50%,0.8480104563039037,0.6132248476426886,3648
53,6505935,global_mean,零值基线,channel_dropout_50,通道丢失 50%,1.026876576017346,0.8322785481231812,3648
53,6505935,raw_pearson,原值 Pearson Top-8,rectangle_50,矩形缺失 50%,0.835948178256223,0.5653612015984457,3672
53,6505935,diff_pearson,一阶差分 Pearson Top-8,rectangle_50,矩形缺失 50%,0.8623333717233971,0.6133905407494664,3672
53,6505935,spearman,Spearman Top-8,rectangle_50,矩形缺失 50%,0.7228455584863133,0.5146142732111505,3672
53,6505935,random,随机 Top-8,rectangle_50,矩形缺失 50%,0.9681189997841649,0.734233683425354,3672
53,6505935,shuffled,打乱原值图,rectangle_50,矩形缺失 50%,0.9471273721240723,0.6938139650679808,3672
53,6505935,global_mean,零值基线,rectangle_50,矩形缺失 50%,1.011849012207213,0.8045053812187459,3672
53,6505935,raw_pearson,原值 Pearson Top-8,time_block_50,时间块缺失 50%,1.0641519459181634,0.8735060605198275,3648
53,6505935,diff_pearson,一阶差分 Pearson Top-8,time_block_50,时间块缺失 50%,1.0708459337923877,0.877121033529016,3648
53,6505935,spearman,Spearman Top-8,time_block_50,时间块缺失 50%,1.059336542761335,0.868874324076072,3648
53,6505935,random,随机 Top-8,time_block_50,时间块缺失 50%,1.0815910831214108,0.8890611017327468,3648
53,6505935,shuffled,打乱原值图,time_block_50,时间块缺失 50%,1.0924548515295345,0.8948791315412656,3648
53,6505935,global_mean,零值基线,time_block_50,时间块缺失 50%,1.0605079077869184,0.8705864086940525,3648
54,6517531,raw_pearson,原值 Pearson Top-8,channel_dropout_50,通道丢失 50%,0.8755424542929288,0.571250627582456,3648
54,6517531,diff_pearson,一阶差分 Pearson Top-8,channel_dropout_50,通道丢失 50%,0.7468790083398029,0.5103850024713856,3648
54,6517531,spearman,Spearman Top-8,channel_dropout_50,通道丢失 50%,1.3205647533097982,0.655689858038595,3648
54,6517531,random,随机 Top-8,channel_dropout_50,通道丢失 50%,1.0463560761321569,0.7254942473583957,3648
54,6517531,shuffled,打乱原值图,channel_dropout_50,通道丢失 50%,0.8516968510706245,0.619604391996353,3648
54,6517531,global_mean,零值基线,channel_dropout_50,通道丢失 50%,1.0544684927853887,0.8542585867967877,3648
54,6517531,raw_pearson,原值 Pearson Top-8,rectangle_50,矩形缺失 50%,1.0485458715170082,0.6719104597833289,3672
54,6517531,diff_pearson,一阶差分 Pearson Top-8,rectangle_50,矩形缺失 50%,0.855546484314869,0.5857310527954436,3672
54,6517531,spearman,Spearman Top-8,rectangle_50,矩形缺失 50%,1.2241227084034314,0.6751124095938646,3672
54,6517531,random,随机 Top-8,rectangle_50,矩形缺失 50%,1.0063240784952567,0.770178847350456,3672
54,6517531,shuffled,打乱原值图,rectangle_50,矩形缺失 50%,0.9663170489432212,0.730407972166418,3672
54,6517531,global_mean,零值基线,rectangle_50,矩形缺失 50%,1.0391779800632688,0.8405104982835849,3672
54,6517531,raw_pearson,原值 Pearson Top-8,time_block_50,时间块缺失 50%,1.058396175255595,0.8723912317889184,3648
54,6517531,diff_pearson,一阶差分 Pearson Top-8,time_block_50,时间块缺失 50%,1.0651518627097591,0.8763244872507636,3648
54,6517531,spearman,Spearman Top-8,time_block_50,时间块缺失 50%,1.053907233678458,0.8673438564329643,3648
54,6517531,random,随机 Top-8,time_block_50,时间块缺失 50%,1.077287836962385,0.8880998216533437,3648
54,6517531,shuffled,打乱原值图,time_block_50,时间块缺失 50%,1.0885236693130134,0.8932314558165013,3648
54,6517531,global_mean,零值基线,time_block_50,时间块缺失 50%,1.0558322332892753,0.8697334239658742,3648
55,6529127,raw_pearson,原值 Pearson Top-8,channel_dropout_50,通道丢失 50%,1.4178832396482344,0.7766551693431218,3648
55,6529127,diff_pearson,一阶差分 Pearson Top-8,channel_dropout_50,通道丢失 50%,0.7949681102479517,0.5525622328895806,3648
55,6529127,spearman,Spearman Top-8,channel_dropout_50,通道丢失 50%,0.8477567814626511,0.5846529544815534,3648
55,6529127,random,随机 Top-8,channel_dropout_50,通道丢失 50%,0.8989029254916459,0.6574141855435465,3648
55,6529127,shuffled,打乱原值图,channel_dropout_50,通道丢失 50%,0.8193871117439286,0.6069045132424677,3648
55,6529127,global_mean,零值基线,channel_dropout_50,通道丢失 50%,1.095007590428289,0.9081942078595155,3648
55,6529127,raw_pearson,原值 Pearson Top-8,rectangle_50,矩形缺失 50%,1.3497681766179548,0.8318827354357049,3672
55,6529127,diff_pearson,一阶差分 Pearson Top-8,rectangle_50,矩形缺失 50%,0.9750429047536009,0.7495692624684707,3672
55,6529127,spearman,Spearman Top-8,rectangle_50,矩形缺失 50%,1.3095993491138305,0.8145155959039927,3672
55,6529127,random,随机 Top-8,rectangle_50,矩形缺失 50%,1.041117730480656,0.84782293704096,3672
55,6529127,shuffled,打乱原值图,rectangle_50,矩形缺失 50%,1.1785080607878324,0.8796285602306004,3672
55,6529127,global_mean,零值基线,rectangle_50,矩形缺失 50%,1.1161487843143598,0.9279935143459627,3672
55,6529127,raw_pearson,原值 Pearson Top-8,time_block_50,时间块缺失 50%,1.0805793743723178,0.8961097122355608,3648
55,6529127,diff_pearson,一阶差分 Pearson Top-8,time_block_50,时间块缺失 50%,1.0881710839856888,0.9011667405600192,3648
55,6529127,spearman,Spearman Top-8,time_block_50,时间块缺失 50%,1.0802659504818273,0.8964714300462807,3648
55,6529127,random,随机 Top-8,time_block_50,时间块缺失 50%,1.094798097660254,0.9075008158404951,3648
55,6529127,shuffled,打乱原值图,time_block_50,时间块缺失 50%,1.1090193982491408,0.9158177748149481,3648
55,6529127,global_mean,零值基线,time_block_50,时间块缺失 50%,1.0786701621613943,0.8948453434229936,3648
56,6540724,raw_pearson,原值 Pearson Top-8,channel_dropout_50,通道丢失 50%,0.7407926463549438,0.5365464872595019,3648
56,6540724,diff_pearson,一阶差分 Pearson Top-8,channel_dropout_50,通道丢失 50%,0.6836985925370015,0.4601554815668725,3648
56,6540724,spearman,Spearman Top-8,channel_dropout_50,通道丢失 50%,0.7358626295061503,0.5298194370475122,3648
56,6540724,random,随机 Top-8,channel_dropout_50,通道丢失 50%,1.0189280321584349,0.8110821873844452,3648
56,6540724,shuffled,打乱原值图,channel_dropout_50,通道丢失 50%,0.9564887203229359,0.7208130342416232,3648
56,6540724,global_mean,零值基线,channel_dropout_50,通道丢失 50%,1.0753526846665626,0.8888334393857867,3648
56,6540724,raw_pearson,原值 Pearson Top-8,rectangle_50,矩形缺失 50%,0.9413654433310018,0.7486829757939708,3672
56,6540724,diff_pearson,一阶差分 Pearson Top-8,rectangle_50,矩形缺失 50%,0.9903033798897543,0.7858779930462947,3672
56,6540724,spearman,Spearman Top-8,rectangle_50,矩形缺失 50%,0.9329769074506337,0.7426908771849067,3672
56,6540724,random,随机 Top-8,rectangle_50,矩形缺失 50%,1.1617192232248226,0.8451816458880755,3672
56,6540724,shuffled,打乱原值图,rectangle_50,矩形缺失 50%,1.0562403639196125,0.8289902107933853,3672
56,6540724,global_mean,零值基线,rectangle_50,矩形缺失 50%,1.086072958827037,0.9031253343159168,3672
56,6540724,raw_pearson,原值 Pearson Top-8,time_block_50,时间块缺失 50%,1.0728223993241064,0.8755529539819829,3648
56,6540724,diff_pearson,一阶差分 Pearson Top-8,time_block_50,时间块缺失 50%,1.080337136984323,0.8792836158370704,3648
56,6540724,spearman,Spearman Top-8,time_block_50,时间块缺失 50%,1.070010957094001,0.8725828313316629,3648
56,6540724,random,随机 Top-8,time_block_50,时间块缺失 50%,1.0902395280507917,0.8899416752589527,3648
56,6540724,shuffled,打乱原值图,time_block_50,时间块缺失 50%,1.1017277086241974,0.8969410042780708,3648
56,6540724,global_mean,零值基线,time_block_50,时间块缺失 50%,1.0702770577654295,0.8731525657041473,3648
57,6552320,raw_pearson,原值 Pearson Top-8,channel_dropout_50,通道丢失 50%,0.8623091038517298,0.6182366208648349,3648
57,6552320,diff_pearson,一阶差分 Pearson Top-8,channel_dropout_50,通道丢失 50%,0.8923687004885159,0.6328796490944939,3648
57,6552320,spearman,Spearman Top-8,channel_dropout_50,通道丢失 50%,0.8707626946924842,0.6251195055254969,3648
57,6552320,random,随机 Top-8,channel_dropout_50,通道丢失 50%,1.031640759002886,0.7680088598973942,3648
57,6552320,shuffled,打乱原值图,channel_dropout_50,通道丢失 50%,0.9146788240459471,0.6759074224531868,3648
57,6552320,global_mean,零值基线,channel_dropout_50,通道丢失 50%,1.1537988058037651,0.9606731538456587,3648
57,6552320,raw_pearson,原值 Pearson Top-8,rectangle_50,矩形缺失 50%,0.9830421010365543,0.7514854548135007,3672
57,6552320,diff_pearson,一阶差分 Pearson Top-8,rectangle_50,矩形缺失 50%,1.0321993585678844,0.7947698827731757,3672
57,6552320,spearman,Spearman Top-8,rectangle_50,矩形缺失 50%,0.9849839554036149,0.7542986034743797,3672
57,6552320,random,随机 Top-8,rectangle_50,矩形缺失 50%,0.9951437524595811,0.7828662334385268,3672
57,6552320,shuffled,打乱原值图,rectangle_50,矩形缺失 50%,1.0939054557184773,0.8921914077299344,3672
57,6552320,global_mean,零值基线,rectangle_50,矩形缺失 50%,1.1308505921795466,0.9469988820152944,3672
57,6552320,raw_pearson,原值 Pearson Top-8,time_block_50,时间块缺失 50%,1.0884205522151613,0.89948904206826,3648
57,6552320,diff_pearson,一阶差分 Pearson Top-8,time_block_50,时间块缺失 50%,1.0951284821712022,0.9034690269165191,3648
57,6552320,spearman,Spearman Top-8,time_block_50,时间块缺失 50%,1.085832120772495,0.8971933351828391,3648
57,6552320,random,随机 Top-8,time_block_50,时间块缺失 50%,1.1061525088434876,0.912473424112455,3648
57,6552320,shuffled,打乱原值图,time_block_50,时间块缺失 50%,1.1189212945229305,0.9196505379175339,3648
57,6552320,global_mean,零值基线,time_block_50,时间块缺失 50%,1.0856656932783508,0.8970218237443094,3648
58,6563917,raw_pearson,原值 Pearson Top-8,channel_dropout_50,通道丢失 50%,0.7014272121404214,0.43520582397033497,3648
58,6563917,diff_pearson,一阶差分 Pearson Top-8,channel_dropout_50,通道丢失 50%,0.6068382326251446,0.32888288904252305,3648
58,6563917,spearman,Spearman Top-8,channel_dropout_50,通道丢失 50%,0.685952706513015,0.4423172810853281,3648
58,6563917,random,随机 Top-8,channel_dropout_50,通道丢失 50%,1.0278870325872413,0.700382263938601,3648
58,6563917,shuffled,打乱原值图,channel_dropout_50,通道丢失 50%,0.951024191467638,0.6958054129350454,3648
58,6563917,global_mean,零值基线,channel_dropout_50,通道丢失 50%,1.0358741901852253,0.8277663172361747,3648
58,6563917,raw_pearson,原值 Pearson Top-8,rectangle_50,矩形缺失 50%,0.9336589177849788,0.7353753236454491,3672
58,6563917,diff_pearson,一阶差分 Pearson Top-8,rectangle_50,矩形缺失 50%,1.0138766074999017,0.7767472442077853,3672
58,6563917,spearman,Spearman Top-8,rectangle_50,矩形缺失 50%,1.0160012138597356,0.7725710540576438,3672
58,6563917,random,随机 Top-8,rectangle_50,矩形缺失 50%,1.0820118760914705,0.8741816898548235,3672
58,6563917,shuffled,打乱原值图,rectangle_50,矩形缺失 50%,0.9411376351416296,0.7653599997017755,3672
58,6563917,global_mean,零值基线,rectangle_50,矩形缺失 50%,1.099168639621669,0.9321971646684822,3672
58,6563917,raw_pearson,原值 Pearson Top-8,time_block_50,时间块缺失 50%,1.1052622751420584,0.9109242660424384,3648
58,6563917,diff_pearson,一阶差分 Pearson Top-8,time_block_50,时间块缺失 50%,1.1128106121209609,0.9155856546653979,3648
58,6563917,spearman,Spearman Top-8,time_block_50,时间块缺失 50%,1.104406568207509,0.910386271784067,3648
58,6563917,random,随机 Top-8,time_block_50,时间块缺失 50%,1.1207809636257826,0.9226962344956293,3648
58,6563917,shuffled,打乱原值图,time_block_50,时间块缺失 50%,1.1342976097459814,0.9306868539166716,3648
58,6563917,global_mean,零值基线,time_block_50,时间块缺失 50%,1.1028205936527526,0.9092321057753732,3648
59,6575513,raw_pearson,原值 Pearson Top-8,channel_dropout_50,通道丢失 50%,0.7403815863783347,0.5508721379569794,3648
59,6575513,diff_pearson,一阶差分 Pearson Top-8,channel_dropout_50,通道丢失 50%,0.7498996258615336,0.5031325407121009,3648
59,6575513,spearman,Spearman Top-8,channel_dropout_50,通道丢失 50%,0.7410519219870108,0.5501693564773533,3648
59,6575513,random,随机 Top-8,channel_dropout_50,通道丢失 50%,0.9812421063042625,0.7698297714655271,3648
59,6575513,shuffled,打乱原值图,channel_dropout_50,通道丢失 50%,0.9559808496580428,0.7485563985747923,3648
59,6575513,global_mean,零值基线,channel_dropout_50,通道丢失 50%,1.1215133298775009,0.9481931009644573,3648
59,6575513,raw_pearson,原值 Pearson Top-8,rectangle_50,矩形缺失 50%,0.9281228593529386,0.6719082110096192,3672
59,6575513,diff_pearson,一阶差分 Pearson Top-8,rectangle_50,矩形缺失 50%,1.0310690798156834,0.7040474732869294,3672
59,6575513,spearman,Spearman Top-8,rectangle_50,矩形缺失 50%,0.9272637225962483,0.6734510141524328,3672
59,6575513,random,随机 Top-8,rectangle_50,矩形缺失 50%,1.2540816867236018,0.9221783631170773,3672
59,6575513,shuffled,打乱原值图,rectangle_50,矩形缺失 50%,1.1159005448410073,0.8856688027519893,3672
59,6575513,global_mean,零值基线,rectangle_50,矩形缺失 50%,1.1090328246435561,0.9096830989283361,3672
59,6575513,raw_pearson,原值 Pearson Top-8,time_block_50,时间块缺失 50%,1.0868830193687768,0.9051792807950833,3648
59,6575513,diff_pearson,一阶差分 Pearson Top-8,time_block_50,时间块缺失 50%,1.0935841980885819,0.9086002398747923,3648
59,6575513,spearman,Spearman Top-8,time_block_50,时间块缺失 50%,1.0824645197304783,0.9015981539296514,3648
59,6575513,random,随机 Top-8,time_block_50,时间块缺失 50%,1.1060566472334323,0.9198537631503936,3648
59,6575513,shuffled,打乱原值图,time_block_50,时间块缺失 50%,1.1169376015608456,0.9264805982945284,3648
59,6575513,global_mean,零值基线,time_block_50,时间块缺失 50%,1.0828351695601397,0.9019883440699057,3648
60,6587109,raw_pearson,原值 Pearson Top-8,channel_dropout_50,通道丢失 50%,0.9793568970585745,0.6088089506495935,3648
60,6587109,diff_pearson,一阶差分 Pearson Top-8,channel_dropout_50,通道丢失 50%,0.8082060100708173,0.539592651010306,3648
60,6587109,spearman,Spearman Top-8,channel_dropout_50,通道丢失 50%,0.7576968430223832,0.4914324716952057,3648
60,6587109,random,随机 Top-8,channel_dropout_50,通道丢失 50%,1.111603380007188,0.7370395895171225,3648
60,6587109,shuffled,打乱原值图,channel_dropout_50,通道丢失 50%,1.0194257473156396,0.7148369144181386,3648
60,6587109,global_mean,零值基线,channel_dropout_50,通道丢失 50%,1.0728278039175558,0.8888061385366056,3648
60,6587109,raw_pearson,原值 Pearson Top-8,rectangle_50,矩形缺失 50%,0.9199256001354041,0.6850682390173762,3672
60,6587109,diff_pearson,一阶差分 Pearson Top-8,rectangle_50,矩形缺失 50%,1.0413614100452357,0.7498487097160981,3672
60,6587109,spearman,Spearman Top-8,rectangle_50,矩形缺失 50%,0.9659708929595648,0.7036484787703495,3672
60,6587109,random,随机 Top-8,rectangle_50,矩形缺失 50%,1.1488845858309875,0.8334558392429298,3672
60,6587109,shuffled,打乱原值图,rectangle_50,矩形缺失 50%,0.9717702286003487,0.7576464294296038,3672
60,6587109,global_mean,零值基线,rectangle_50,矩形缺失 50%,1.083661093581623,0.8801663527741259,3672
60,6587109,raw_pearson,原值 Pearson Top-8,time_block_50,时间块缺失 50%,1.0943259801024854,0.9062720230178026,3648
60,6587109,diff_pearson,一阶差分 Pearson Top-8,time_block_50,时间块缺失 50%,1.1009283339873563,0.9102059507496295,3648
60,6587109,spearman,Spearman Top-8,time_block_50,时间块缺失 50%,1.0918750712851775,0.90380624527549,3648
60,6587109,random,随机 Top-8,time_block_50,时间块缺失 50%,1.1122356003661036,0.9194130507521323,3648
60,6587109,shuffled,打乱原值图,time_block_50,时间块缺失 50%,1.1248904293434687,0.9266430328284064,3648
60,6587109,global_mean,零值基线,time_block_50,时间块缺失 50%,1.0915718396632983,0.9036908424057146,3648
61,6598706,raw_pearson,原值 Pearson Top-8,channel_dropout_50,通道丢失 50%,1.0395528924478037,0.6848552271693209,3648
61,6598706,diff_pearson,一阶差分 Pearson Top-8,channel_dropout_50,通道丢失 50%,0.8196247541928081,0.5470838999000535,3648
61,6598706,spearman,Spearman Top-8,channel_dropout_50,通道丢失 50%,0.7878010604467227,0.5796974122214181,3648
61,6598706,random,随机 Top-8,channel_dropout_50,通道丢失 50%,0.9417650031962737,0.6855862752990165,3648
61,6598706,shuffled,打乱原值图,channel_dropout_50,通道丢失 50%,1.016052461938384,0.7541313816316367,3648
61,6598706,global_mean,零值基线,channel_dropout_50,通道丢失 50%,1.1008936371735365,0.9038070006007043,3648
61,6598706,raw_pearson,原值 Pearson Top-8,rectangle_50,矩形缺失 50%,0.859069699467395,0.6417439340020579,3672
61,6598706,diff_pearson,一阶差分 Pearson Top-8,rectangle_50,矩形缺失 50%,0.7426356519466042,0.5064006324950385,3672
61,6598706,spearman,Spearman Top-8,rectangle_50,矩形缺失 50%,0.8576428093239049,0.6365141276039359,3672
61,6598706,random,随机 Top-8,rectangle_50,矩形缺失 50%,1.1677466742061902,0.8547297470668055,3672
61,6598706,shuffled,打乱原值图,rectangle_50,矩形缺失 50%,1.0553829404891752,0.8033552181324455,3672
61,6598706,global_mean,零值基线,rectangle_50,矩形缺失 50%,1.0639970667386638,0.868249140983227,3672
61,6598706,raw_pearson,原值 Pearson Top-8,time_block_50,时间块缺失 50%,1.0744936238202678,0.8915654805150144,3648
61,6598706,diff_pearson,一阶差分 Pearson Top-8,time_block_50,时间块缺失 50%,1.0811176318521194,0.8949681591047541,3648
61,6598706,spearman,Spearman Top-8,time_block_50,时间块缺失 50%,1.0693359052251543,0.8862180676623036,3648
61,6598706,random,随机 Top-8,time_block_50,时间块缺失 50%,1.0944587356934115,0.9075980826448377,3648
61,6598706,shuffled,打乱原值图,time_block_50,时间块缺失 50%,1.1057205448675143,0.9130703500990726,3648
61,6598706,global_mean,零值基线,time_block_50,时间块缺失 50%,1.0706528311139654,0.8883520192312062,3648
62,6610302,raw_pearson,原值 Pearson Top-8,channel_dropout_50,通道丢失 50%,1.4912789276438059,0.7833570818688123,3648
62,6610302,diff_pearson,一阶差分 Pearson Top-8,channel_dropout_50,通道丢失 50%,0.8121657886750037,0.5834485272816509,3648
62,6610302,spearman,Spearman Top-8,channel_dropout_50,通道丢失 50%,0.798232165493532,0.5649174806494324,3648
62,6610302,random,随机 Top-8,channel_dropout_50,通道丢失 50%,0.9390901873710225,0.6702813673775877,3648
62,6610302,shuffled,打乱原值图,channel_dropout_50,通道丢失 50%,0.8744900034546621,0.6275746356472616,3648
62,6610302,global_mean,零值基线,channel_dropout_50,通道丢失 50%,1.04966049963474,0.8413648955889552,3648
62,6610302,raw_pearson,原值 Pearson Top-8,rectangle_50,矩形缺失 50%,0.9851536568451169,0.7459930731558152,3672
62,6610302,diff_pearson,一阶差分 Pearson Top-8,rectangle_50,矩形缺失 50%,0.9307566462360815,0.6876125516947428,3672
62,6610302,spearman,Spearman Top-8,rectangle_50,矩形缺失 50%,1.2014457329861308,0.7870677490763784,3672
62,6610302,random,随机 Top-8,rectangle_50,矩形缺失 50%,1.046533274737002,0.818902150208006,3672
62,6610302,shuffled,打乱原值图,rectangle_50,矩形缺失 50%,0.999482423952026,0.7513622876886165,3672
62,6610302,global_mean,零值基线,rectangle_50,矩形缺失 50%,1.0769151725601511,0.862699810641921,3672
62,6610302,raw_pearson,原值 Pearson Top-8,time_block_50,时间块缺失 50%,1.077328014774396,0.8650068084404724,3648
62,6610302,diff_pearson,一阶差分 Pearson Top-8,time_block_50,时间块缺失 50%,1.0859255814725064,0.870777907815222,3648
62,6610302,spearman,Spearman Top-8,time_block_50,时间块缺失 50%,1.0750206560343576,0.8626375907433288,3648
62,6610302,random,随机 Top-8,time_block_50,时间块缺失 50%,1.0958885851446716,0.8787311073914286,3648
62,6610302,shuffled,打乱原值图,time_block_50,时间块缺失 50%,1.1068696624115264,0.8836883480876043,3648
62,6610302,global_mean,零值基线,time_block_50,时间块缺失 50%,1.076273017101886,0.8646161259733146,3648
63,6621898,raw_pearson,原值 Pearson Top-8,channel_dropout_50,通道丢失 50%,0.7774355687744129,0.528613817751552,3648
63,6621898,diff_pearson,一阶差分 Pearson Top-8,channel_dropout_50,通道丢失 50%,0.7236864224577959,0.49771476312638585,3648
63,6621898,spearman,Spearman Top-8,channel_dropout_50,通道丢失 50%,0.7397566966879081,0.5081796230169662,3648
63,6621898,random,随机 Top-8,channel_dropout_50,通道丢失 50%,0.9023339214991755,0.6706860135122821,3648
63,6621898,shuffled,打乱原值图,channel_dropout_50,通道丢失 50%,0.9918876731829364,0.6939639006752493,3648
63,6621898,global_mean,零值基线,channel_dropout_50,通道丢失 50%,1.0777564788007596,0.8913897596107665,3648
63,6621898,raw_pearson,原值 Pearson Top-8,rectangle_50,矩形缺失 50%,1.2958504262801465,0.8075234252577994,3672
63,6621898,diff_pearson,一阶差分 Pearson Top-8,rectangle_50,矩形缺失 50%,0.9004517943701317,0.6931167520158231,3672
63,6621898,spearman,Spearman Top-8,rectangle_50,矩形缺失 50%,1.2550383532223788,0.7831832416914173,3672
63,6621898,random,随机 Top-8,rectangle_50,矩形缺失 50%,0.8964392109080426,0.6879946284600793,3672
63,6621898,shuffled,打乱原值图,rectangle_50,矩形缺失 50%,1.0123895091696085,0.7826708703987366,3672
63,6621898,global_mean,零值基线,rectangle_50,矩形缺失 50%,1.0924355037293345,0.9228809626941916,3672
63,6621898,raw_pearson,原值 Pearson Top-8,time_block_50,时间块缺失 50%,1.091602597778154,0.9028679791241789,3648
63,6621898,diff_pearson,一阶差分 Pearson Top-8,time_block_50,时间块缺失 50%,1.097939651562154,0.9065594307064071,3648
63,6621898,spearman,Spearman Top-8,time_block_50,时间块缺失 50%,1.0884461202306077,0.8996868260160185,3648
63,6621898,random,随机 Top-8,time_block_50,时间块缺失 50%,1.1098324756675182,0.9170961130485036,3648
63,6621898,shuffled,打乱原值图,time_block_50,时间块缺失 50%,1.1220804039681558,0.9236771216543139,3648
63,6621898,global_mean,零值基线,time_block_50,时间块缺失 50%,1.0885282245834789,0.8999372667702022,3648
64,6633495,raw_pearson,原值 Pearson Top-8,channel_dropout_50,通道丢失 50%,0.7983339121060289,0.5245768658611358,3648
64,6633495,diff_pearson,一阶差分 Pearson Top-8,channel_dropout_50,通道丢失 50%,0.6789738677429831,0.43683853813065476,3648
64,6633495,spearman,Spearman Top-8,channel_dropout_50,通道丢失 50%,1.2861618897795588,0.6479515546455165,3648
64,6633495,random,随机 Top-8,channel_dropout_50,通道丢失 50%,1.016144768994757,0.7677726628992013,3648
64,6633495,shuffled,打乱原值图,channel_dropout_50,通道丢失 50%,0.8700880396711852,0.6644558803275465,3648
64,6633495,global_mean,零值基线,channel_dropout_50,通道丢失 50%,1.0979531565628178,0.9022836116003881,3648
64,6633495,raw_pearson,原值 Pearson Top-8,rectangle_50,矩形缺失 50%,0.9325310412118275,0.7432948977810949,3672
64,6633495,diff_pearson,一阶差分 Pearson Top-8,rectangle_50,矩形缺失 50%,0.9965379244156098,0.7912551291666982,3672
64,6633495,spearman,Spearman Top-8,rectangle_50,矩形缺失 50%,0.9327246653124154,0.7438028869743606,3672
64,6633495,random,随机 Top-8,rectangle_50,矩形缺失 50%,1.01511856809424,0.8169031508201617,3672
64,6633495,shuffled,打乱原值图,rectangle_50,矩形缺失 50%,1.111684040615065,0.9036554142017987,3672
64,6633495,global_mean,零值基线,rectangle_50,矩形缺失 50%,1.1100542451618278,0.933989921717246,3672
64,6633495,raw_pearson,原值 Pearson Top-8,time_block_50,时间块缺失 50%,1.056579392084504,0.8708794225071703,3648
64,6633495,diff_pearson,一阶差分 Pearson Top-8,time_block_50,时间块缺失 50%,1.06382319947869,0.8744885024056116,3648
64,6633495,spearman,Spearman Top-8,time_block_50,时间块缺失 50%,1.0524414405839004,0.8662567413142435,3648
64,6633495,random,随机 Top-8,time_block_50,时间块缺失 50%,1.0762562506320477,0.8860868081895453,3648
64,6633495,shuffled,打乱原值图,time_block_50,时间块缺失 50%,1.0878911224069017,0.8919982644252288,3648
64,6633495,global_mean,零值基线,time_block_50,时间块缺失 50%,1.0534444094343354,0.868012668979374,3648
65,6645091,raw_pearson,原值 Pearson Top-8,channel_dropout_50,通道丢失 50%,0.9553212991408856,0.4631752381493364,3648
65,6645091,diff_pearson,一阶差分 Pearson Top-8,channel_dropout_50,通道丢失 50%,1.094821234061402,0.6450284658677389,3648
65,6645091,spearman,Spearman Top-8,channel_dropout_50,通道丢失 50%,0.9543132087696634,0.4753283447705258,3648
65,6645091,random,随机 Top-8,channel_dropout_50,通道丢失 50%,0.916994534368519,0.699146206169053,3648
65,6645091,shuffled,打乱原值图,channel_dropout_50,通道丢失 50%,1.2243767296192154,0.7701310790027128,3648
65,6645091,global_mean,零值基线,channel_dropout_50,通道丢失 50%,1.0559866385338126,0.8534878960342827,3648
65,6645091,raw_pearson,原值 Pearson Top-8,rectangle_50,矩形缺失 50%,1.193328522296539,0.7750376602820547,3672
65,6645091,diff_pearson,一阶差分 Pearson Top-8,rectangle_50,矩形缺失 50%,0.9009811281762123,0.7006377672975491,3672
65,6645091,spearman,Spearman Top-8,rectangle_50,矩形缺失 50%,0.8523408184550122,0.6595807998083574,3672
65,6645091,random,随机 Top-8,rectangle_50,矩形缺失 50%,0.9897742560207254,0.769725754313046,3672
65,6645091,shuffled,打乱原值图,rectangle_50,矩形缺失 50%,0.9897539039431341,0.7908012240922193,3672
65,6645091,global_mean,零值基线,rectangle_50,矩形缺失 50%,1.073644569464385,0.8923918077182471,3672
65,6645091,raw_pearson,原值 Pearson Top-8,time_block_50,时间块缺失 50%,1.0738256015990288,0.8885595188546249,3648
65,6645091,diff_pearson,一阶差分 Pearson Top-8,time_block_50,时间块缺失 50%,1.0802071693100346,0.8918577540857602,3648
65,6645091,spearman,Spearman Top-8,time_block_50,时间块缺失 50%,1.0694431870756949,0.8842439213187459,3648
65,6645091,random,随机 Top-8,time_block_50,时间块缺失 50%,1.093661541789789,0.9036914283519075,3648
65,6645091,shuffled,打乱原值图,time_block_50,时间块缺失 50%,1.1053169054661225,0.9098390975356159,3648
65,6645091,global_mean,零值基线,time_block_50,时间块缺失 50%,1.069987369904634,0.885180382769341,3648
66,6656687,raw_pearson,原值 Pearson Top-8,channel_dropout_50,通道丢失 50%,0.9391114089019763,0.44074872597885667,3648
66,6656687,diff_pearson,一阶差分 Pearson Top-8,channel_dropout_50,通道丢失 50%,1.0649502138501867,0.5877961199176915,3648
66,6656687,spearman,Spearman Top-8,channel_dropout_50,通道丢失 50%,0.9487453563321093,0.4643335424411843,3648
66,6656687,random,随机 Top-8,channel_dropout_50,通道丢失 50%,1.105449594044142,0.6450484956819358,3648
66,6656687,shuffled,打乱原值图,channel_dropout_50,通道丢失 50%,1.149235154776557,0.6697961634488321,3648
66,6656687,global_mean,零值基线,channel_dropout_50,通道丢失 50%,1.2378277196175675,0.8380342653295393,3648
66,6656687,raw_pearson,原值 Pearson Top-8,rectangle_50,矩形缺失 50%,0.938821690881791,0.6899547944644344,3672
66,6656687,diff_pearson,一阶差分 Pearson Top-8,rectangle_50,矩形缺失 50%,0.8051183412893733,0.5888417386835217,3672
66,6656687,spearman,Spearman Top-8,rectangle_50,矩形缺失 50%,0.9580656602597467,0.6869090309679549,3672
66,6656687,random,随机 Top-8,rectangle_50,矩形缺失 50%,1.1396212637707266,0.8282632509621528,3672
66,6656687,shuffled,打乱原值图,rectangle_50,矩形缺失 50%,0.9907948703643017,0.7425320811707226,3672
66,6656687,global_mean,零值基线,rectangle_50,矩形缺失 50%,1.0366635444512797,0.862226116455014,3672
66,6656687,raw_pearson,原值 Pearson Top-8,time_block_50,时间块缺失 50%,1.0553395595612072,0.8587007876367198,3648
66,6656687,diff_pearson,一阶差分 Pearson Top-8,time_block_50,时间块缺失 50%,1.0631445059578348,0.8635271359748651,3648
66,6656687,spearman,Spearman Top-8,time_block_50,时间块缺失 50%,1.0556249655726293,0.8587036539604497,3648
66,6656687,random,随机 Top-8,time_block_50,时间块缺失 50%,1.0707389070760849,0.8703061782612945,3648
66,6656687,shuffled,打乱原值图,time_block_50,时间块缺失 50%,1.0838263940291808,0.8786601287677228,3648
66,6656687,global_mean,零值基线,time_block_50,时间块缺失 50%,1.0535177313225408,0.857122362769635,3648
67,6668284,raw_pearson,原值 Pearson Top-8,channel_dropout_50,通道丢失 50%,0.7409704175939793,0.4700885446951432,3648
67,6668284,diff_pearson,一阶差分 Pearson Top-8,channel_dropout_50,通道丢失 50%,0.8637760837344016,0.5675577988164034,3648
67,6668284,spearman,Spearman Top-8,channel_dropout_50,通道丢失 50%,0.7377757971115267,0.47633306048808255,3648
67,6668284,random,随机 Top-8,channel_dropout_50,通道丢失 50%,1.0050686262623507,0.7052150920666498,3648
67,6668284,shuffled,打乱原值图,channel_dropout_50,通道丢失 50%,0.866209161316082,0.6249243635973413,3648
67,6668284,global_mean,零值基线,channel_dropout_50,通道丢失 50%,1.0265218478022686,0.7871857487768322,3648
67,6668284,raw_pearson,原值 Pearson Top-8,rectangle_50,矩形缺失 50%,0.9428811400982682,0.6619883481136292,3672
67,6668284,diff_pearson,一阶差分 Pearson Top-8,rectangle_50,矩形缺失 50%,0.8536381694484286,0.618732365173284,3672
67,6668284,spearman,Spearman Top-8,rectangle_50,矩形缺失 50%,0.8532131816740627,0.6126778660185248,3672
67,6668284,random,随机 Top-8,rectangle_50,矩形缺失 50%,0.9876481289378901,0.7790607619220467,3672
67,6668284,shuffled,打乱原值图,rectangle_50,矩形缺失 50%,1.014750996044983,0.7628673812690634,3672
67,6668284,global_mean,零值基线,rectangle_50,矩形缺失 50%,1.0593976397599447,0.8526234583274575,3672
67,6668284,raw_pearson,原值 Pearson Top-8,time_block_50,时间块缺失 50%,1.0677163007505113,0.8780158716592225,3648
67,6668284,diff_pearson,一阶差分 Pearson Top-8,time_block_50,时间块缺失 50%,1.0738406636334974,0.8814519221151843,3648
67,6668284,spearman,Spearman Top-8,time_block_50,时间块缺失 50%,1.064164628023314,0.8745573516182953,3648
67,6668284,random,随机 Top-8,time_block_50,时间块缺失 50%,1.0853439212652858,0.8925564469674105,3648
67,6668284,shuffled,打乱原值图,time_block_50,时间块缺失 50%,1.0973462886776808,0.8992112672032552,3648
67,6668284,global_mean,零值基线,time_block_50,时间块缺失 50%,1.0641130672513075,0.8747965076563081,3648
68,6679880,raw_pearson,原值 Pearson Top-8,channel_dropout_50,通道丢失 50%,0.817496370874446,0.6006461732092218,3648
68,6679880,diff_pearson,一阶差分 Pearson Top-8,channel_dropout_50,通道丢失 50%,0.9360789344412881,0.5960370190691282,3648
68,6679880,spearman,Spearman Top-8,channel_dropout_50,通道丢失 50%,0.8215321828154926,0.609520165260056,3648
68,6679880,random,随机 Top-8,channel_dropout_50,通道丢失 50%,0.9529201310090222,0.6990057323542415,3648
68,6679880,shuffled,打乱原值图,channel_dropout_50,通道丢失 50%,1.0139164385860042,0.7312359135919274,3648
68,6679880,global_mean,零值基线,channel_dropout_50,通道丢失 50%,1.0909756973015807,0.891532536264908,3648
68,6679880,raw_pearson,原值 Pearson Top-8,rectangle_50,矩形缺失 50%,0.8588302661495433,0.6289277214819193,3672
68,6679880,diff_pearson,一阶差分 Pearson Top-8,rectangle_50,矩形缺失 50%,0.9147027030582751,0.6592145532489023,3672
68,6679880,spearman,Spearman Top-8,rectangle_50,矩形缺失 50%,0.8815340536353619,0.6461100646220097,3672
68,6679880,random,随机 Top-8,rectangle_50,矩形缺失 50%,1.0707742920821641,0.8017264017266976,3672
68,6679880,shuffled,打乱原值图,rectangle_50,矩形缺失 50%,0.9908189467267556,0.763250791040686,3672
68,6679880,global_mean,零值基线,rectangle_50,矩形缺失 50%,1.0624117168472558,0.8579243444970032,3672
68,6679880,raw_pearson,原值 Pearson Top-8,time_block_50,时间块缺失 50%,1.0584664827342767,0.8639076984324807,3648
68,6679880,diff_pearson,一阶差分 Pearson Top-8,time_block_50,时间块缺失 50%,1.0655630610207665,0.8673543067529355,3648
68,6679880,spearman,Spearman Top-8,time_block_50,时间块缺失 50%,1.0558209471643096,0.860547901782031,3648
68,6679880,random,随机 Top-8,time_block_50,时间块缺失 50%,1.0761316835444175,0.8782421310928857,3648
68,6679880,shuffled,打乱原值图,time_block_50,时间块缺失 50%,1.0875696075618313,0.8852365179707875,3648
68,6679880,global_mean,零值基线,time_block_50,时间块缺失 50%,1.0553422228110354,0.8608830786530043,3648
69,6691476,raw_pearson,原值 Pearson Top-8,channel_dropout_50,通道丢失 50%,0.9514029146109875,0.634189058980308,3648
69,6691476,diff_pearson,一阶差分 Pearson Top-8,channel_dropout_50,通道丢失 50%,0.9720544951001066,0.6566636848864149,3648
69,6691476,spearman,Spearman Top-8,channel_dropout_50,通道丢失 50%,0.8501088846999924,0.5872797532761566,3648
69,6691476,random,随机 Top-8,channel_dropout_50,通道丢失 50%,1.2261366546461132,0.829752917245986,3648
69,6691476,shuffled,打乱原值图,channel_dropout_50,通道丢失 50%,1.09520210496696,0.7856865543589326,3648
69,6691476,global_mean,零值基线,channel_dropout_50,通道丢失 50%,1.123681544102682,0.9060023336440505,3648
69,6691476,raw_pearson,原值 Pearson Top-8,rectangle_50,矩形缺失 50%,0.8792412355334942,0.6522739532328423,3672
69,6691476,diff_pearson,一阶差分 Pearson Top-8,rectangle_50,矩形缺失 50%,0.9098383315545747,0.6442371469739968,3672
69,6691476,spearman,Spearman Top-8,rectangle_50,矩形缺失 50%,0.876300882843921,0.6519977325793056,3672
69,6691476,random,随机 Top-8,rectangle_50,矩形缺失 50%,0.9599605358453726,0.7278091274532548,3672
69,6691476,shuffled,打乱原值图,rectangle_50,矩形缺失 50%,1.0096049366161721,0.7369585959393863,3672
69,6691476,global_mean,零值基线,rectangle_50,矩形缺失 50%,1.0613009857013813,0.8503914845301088,3672
69,6691476,raw_pearson,原值 Pearson Top-8,time_block_50,时间块缺失 50%,1.057252058570128,0.8616189894343813,3648
69,6691476,diff_pearson,一阶差分 Pearson Top-8,time_block_50,时间块缺失 50%,1.0660053196317123,0.8664237177114952,3648
69,6691476,spearman,Spearman Top-8,time_block_50,时间块缺失 50%,1.0576090759553303,0.8615360189143394,3648
69,6691476,random,随机 Top-8,time_block_50,时间块缺失 50%,1.0727816403378525,0.8733368081509617,3648
69,6691476,shuffled,打乱原值图,time_block_50,时间块缺失 50%,1.0864045955929547,0.8817044692597394,3648
69,6691476,global_mean,零值基线,time_block_50,时间块缺失 50%,1.0554125559933103,0.8598647703986564,3648
70,6703073,raw_pearson,原值 Pearson Top-8,channel_dropout_50,通道丢失 50%,0.872895312763492,0.5578978387885157,3648
70,6703073,diff_pearson,一阶差分 Pearson Top-8,channel_dropout_50,通道丢失 50%,0.655563397253457,0.45135995838984205,3648
70,6703073,spearman,Spearman Top-8,channel_dropout_50,通道丢失 50%,0.8560480120844973,0.5036363616284271,3648
70,6703073,random,随机 Top-8,channel_dropout_50,通道丢失 50%,0.8068127225149065,0.5668048773355329,3648
70,6703073,shuffled,打乱原值图,channel_dropout_50,通道丢失 50%,0.8918417766751947,0.648339283637588,3648
70,6703073,global_mean,零值基线,channel_dropout_50,通道丢失 50%,1.0689869805786711,0.8737101152165498,3648
70,6703073,raw_pearson,原值 Pearson Top-8,rectangle_50,矩形缺失 50%,0.8212592259478384,0.5890189717826537,3672
70,6703073,diff_pearson,一阶差分 Pearson Top-8,rectangle_50,矩形缺失 50%,0.8954247125528484,0.6439393156782683,3672
70,6703073,spearman,Spearman Top-8,rectangle_50,矩形缺失 50%,0.8121560061650297,0.5833028747347611,3672
70,6703073,random,随机 Top-8,rectangle_50,矩形缺失 50%,0.9924517462151471,0.7234396425661206,3672
70,6703073,shuffled,打乱原值图,rectangle_50,矩形缺失 50%,0.932879623113765,0.7099165020540739,3672
70,6703073,global_mean,零值基线,rectangle_50,矩形缺失 50%,1.0211019556540446,0.8217343051561005,3672
70,6703073,raw_pearson,原值 Pearson Top-8,time_block_50,时间块缺失 50%,1.0616392895753055,0.8633196885859636,3648
70,6703073,diff_pearson,一阶差分 Pearson Top-8,time_block_50,时间块缺失 50%,1.0692196637320657,0.8673870855038065,3648
70,6703073,spearman,Spearman Top-8,time_block_50,时间块缺失 50%,1.0605594616764316,0.8618962706877473,3648
70,6703073,random,随机 Top-8,time_block_50,时间块缺失 50%,1.0777338693363248,0.8760527772370238,3648
70,6703073,shuffled,打乱原值图,time_block_50,时间块缺失 50%,1.090960524478807,0.8837554463796973,3648
70,6703073,global_mean,零值基线,time_block_50,时间块缺失 50%,1.0589710368612686,0.8610306060408173,3648
71,6714669,raw_pearson,原值 Pearson Top-8,channel_dropout_50,通道丢失 50%,0.6757356657369806,0.4296844499339909,3648
71,6714669,diff_pearson,一阶差分 Pearson Top-8,channel_dropout_50,通道丢失 50%,0.7116102970855201,0.470346864784592,3648
71,6714669,spearman,Spearman Top-8,channel_dropout_50,通道丢失 50%,0.7019446861243119,0.44597606151019664,3648
71,6714669,random,随机 Top-8,channel_dropout_50,通道丢失 50%,1.0660840333688126,0.7980112074009743,3648
71,6714669,shuffled,打乱原值图,channel_dropout_50,通道丢失 50%,0.9120072736867046,0.6185072120519642,3648
71,6714669,global_mean,零值基线,channel_dropout_50,通道丢失 50%,0.9945699537177731,0.8102148962139166,3648
71,6714669,raw_pearson,原值 Pearson Top-8,rectangle_50,矩形缺失 50%,0.9644725813785522,0.7228341014405185,3672
71,6714669,diff_pearson,一阶差分 Pearson Top-8,rectangle_50,矩形缺失 50%,0.9539050514938093,0.7091685053891589,3672
71,6714669,spearman,Spearman Top-8,rectangle_50,矩形缺失 50%,1.0024588738726816,0.7338638869075139,3672
71,6714669,random,随机 Top-8,rectangle_50,矩形缺失 50%,1.0274317781523332,0.7835190728784955,3672
71,6714669,shuffled,打乱原值图,rectangle_50,矩形缺失 50%,0.986638184733994,0.7350821888657174,3672
71,6714669,global_mean,零值基线,rectangle_50,矩形缺失 50%,1.0264011209862525,0.8355717925135457,3672
71,6714669,raw_pearson,原值 Pearson Top-8,time_block_50,时间块缺失 50%,1.0664058839897976,0.8660339716203069,3648
71,6714669,diff_pearson,一阶差分 Pearson Top-8,time_block_50,时间块缺失 50%,1.0751292036423796,0.8709595973511747,3648
71,6714669,spearman,Spearman Top-8,time_block_50,时间块缺失 50%,1.0671820278582418,0.8665307984735738,3648
71,6714669,random,随机 Top-8,time_block_50,时间块缺失 50%,1.0824407684850366,0.877702592885747,3648
71,6714669,shuffled,打乱原值图,time_block_50,时间块缺失 50%,1.095083923304739,0.8863197223477578,3648
71,6714669,global_mean,零值基线,time_block_50,时间块缺失 50%,1.0645766030615194,0.8645439664225482,3648
72,6726266,raw_pearson,原值 Pearson Top-8,channel_dropout_50,通道丢失 50%,0.7846873985590733,0.5844889117322561,3648
72,6726266,diff_pearson,一阶差分 Pearson Top-8,channel_dropout_50,通道丢失 50%,0.8507198295762018,0.6498742638044036,3648
72,6726266,spearman,Spearman Top-8,channel_dropout_50,通道丢失 50%,0.8019844454114143,0.612278827258311,3648
72,6726266,random,随机 Top-8,channel_dropout_50,通道丢失 50%,0.9544497055541677,0.6753321468696795,3648
72,6726266,shuffled,打乱原值图,channel_dropout_50,通道丢失 50%,0.7600829607299171,0.5418978294990742,3648
72,6726266,global_mean,零值基线,channel_dropout_50,通道丢失 50%,1.0295472089690199,0.8559242142964011,3648
72,6726266,raw_pearson,原值 Pearson Top-8,rectangle_50,矩形缺失 50%,0.9569958758670866,0.716106476622489,3672
72,6726266,diff_pearson,一阶差分 Pearson Top-8,rectangle_50,矩形缺失 50%,0.9440002416118921,0.6937233129099092,3672
72,6726266,spearman,Spearman Top-8,rectangle_50,矩形缺失 50%,0.9402782122770029,0.698667759315136,3672
72,6726266,random,随机 Top-8,rectangle_50,矩形缺失 50%,1.0265258672796005,0.8118023948656773,3672
72,6726266,shuffled,打乱原值图,rectangle_50,矩形缺失 50%,1.0991894812681893,0.8498675566541034,3672
72,6726266,global_mean,零值基线,rectangle_50,矩形缺失 50%,1.0979623481620988,0.9118627218889235,3672
72,6726266,raw_pearson,原值 Pearson Top-8,time_block_50,时间块缺失 50%,1.0511209304017621,0.8585032716813515,3648
72,6726266,diff_pearson,一阶差分 Pearson Top-8,time_block_50,时间块缺失 50%,1.0601525472666518,0.8636027824334358,3648
72,6726266,spearman,Spearman Top-8,time_block_50,时间块缺失 50%,1.0522057649764744,0.8588719178026201,3648
72,6726266,random,随机 Top-8,time_block_50,时间块缺失 50%,1.0669490338917165,0.8699588764922803,3648
72,6726266,shuffled,打乱原值图,time_block_50,时间块缺失 50%,1.0804569566687432,0.8781213433579359,3648
72,6726266,global_mean,零值基线,time_block_50,时间块缺失 50%,1.0495337935248268,0.8571177999973403,3648
73,6737862,raw_pearson,原值 Pearson Top-8,channel_dropout_50,通道丢失 50%,0.9390799643799509,0.6838259794012628,3648
73,6737862,diff_pearson,一阶差分 Pearson Top-8,channel_dropout_50,通道丢失 50%,0.8767920885776446,0.6208555107965638,3648
73,6737862,spearman,Spearman Top-8,channel_dropout_50,通道丢失 50%,0.8763953703255354,0.6630042935296045,3648
73,6737862,random,随机 Top-8,channel_dropout_50,通道丢失 50%,1.129976617862327,0.812000951598778,3648
73,6737862,shuffled,打乱原值图,channel_dropout_50,通道丢失 50%,1.0179507079677332,0.7423296192791299,3648
73,6737862,global_mean,零值基线,channel_dropout_50,通道丢失 50%,1.1093194284343921,0.9367301679750406,3648
73,6737862,raw_pearson,原值 Pearson Top-8,rectangle_50,矩形缺失 50%,0.9533424838416937,0.7168915307763153,3672
73,6737862,diff_pearson,一阶差分 Pearson Top-8,rectangle_50,矩形缺失 50%,1.0049382199970636,0.76878274428243,3672
73,6737862,spearman,Spearman Top-8,rectangle_50,矩形缺失 50%,1.0352079337805522,0.7509005129945656,3672
73,6737862,random,随机 Top-8,rectangle_50,矩形缺失 50%,1.0491193817117648,0.8364540533935261,3672
73,6737862,shuffled,打乱原值图,rectangle_50,矩形缺失 50%,1.037443351601923,0.826704007781401,3672
73,6737862,global_mean,零值基线,rectangle_50,矩形缺失 50%,1.0986207032405635,0.9078031386610694,3672
73,6737862,raw_pearson,原值 Pearson Top-8,time_block_50,时间块缺失 50%,1.0676379804556866,0.8672050514335384,3648
73,6737862,diff_pearson,一阶差分 Pearson Top-8,time_block_50,时间块缺失 50%,1.0754229539570725,0.8716597207760727,3648
73,6737862,spearman,Spearman Top-8,time_block_50,时间块缺失 50%,1.0668817009302405,0.8662132184677436,3648
73,6737862,random,随机 Top-8,time_block_50,时间块缺失 50%,1.083412127094866,0.8792897002903786,3648
73,6737862,shuffled,打乱原值图,time_block_50,时间块缺失 50%,1.0967186621909182,0.8870887796367056,3648
73,6737862,global_mean,零值基线,time_block_50,时间块缺失 50%,1.065016779782395,0.8651185856175576,3648
74,6749458,raw_pearson,原值 Pearson Top-8,channel_dropout_50,通道丢失 50%,1.1527126611142158,0.6997980913364976,3648
74,6749458,diff_pearson,一阶差分 Pearson Top-8,channel_dropout_50,通道丢失 50%,0.8943361629030041,0.660333936044652,3648
74,6749458,spearman,Spearman Top-8,channel_dropout_50,通道丢失 50%,0.9587368398975314,0.6385155243338241,3648
74,6749458,random,随机 Top-8,channel_dropout_50,通道丢失 50%,1.117976325478381,0.8272568270997055,3648
74,6749458,shuffled,打乱原值图,channel_dropout_50,通道丢失 50%,1.0552076450744705,0.799654361190804,3648
74,6749458,global_mean,零值基线,channel_dropout_50,通道丢失 50%,1.096612757387807,0.9027754593241473,3648
74,6749458,raw_pearson,原值 Pearson Top-8,rectangle_50,矩形缺失 50%,0.9684282791689197,0.7600060603512889,3672
74,6749458,diff_pearson,一阶差分 Pearson Top-8,rectangle_50,矩形缺失 50%,1.0171900039707502,0.818419559498308,3672
74,6749458,spearman,Spearman Top-8,rectangle_50,矩形缺失 50%,0.9525692892237305,0.7515442127083969,3672
74,6749458,random,随机 Top-8,rectangle_50,矩形缺失 50%,1.0496111391505658,0.849481062477803,3672
74,6749458,shuffled,打乱原值图,rectangle_50,矩形缺失 50%,1.0947735323538115,0.9044160897023121,3672
74,6749458,global_mean,零值基线,rectangle_50,矩形缺失 50%,1.0908183711244952,0.9165483442415922,3672
74,6749458,raw_pearson,原值 Pearson Top-8,time_block_50,时间块缺失 50%,1.0574683355582084,0.8570109254984482,3648
74,6749458,diff_pearson,一阶差分 Pearson Top-8,time_block_50,时间块缺失 50%,1.0647171427697921,0.860633677643803,3648
74,6749458,spearman,Spearman Top-8,time_block_50,时间块缺失 50%,1.0551158232709166,0.8544427466354214,3648
74,6749458,random,随机 Top-8,time_block_50,时间块缺失 50%,1.0756659720956967,0.8708546990859611,3648
74,6749458,shuffled,打乱原值图,time_block_50,时间块缺失 50%,1.0870186260569343,0.8779982477833556,3648
74,6749458,global_mean,零值基线,time_block_50,时间块缺失 50%,1.0538829405865975,0.8541286204232452,3648
75,6761055,raw_pearson,原值 Pearson Top-8,channel_dropout_50,通道丢失 50%,0.5736307371429523,0.3632320686097731,3648
75,6761055,diff_pearson,一阶差分 Pearson Top-8,channel_dropout_50,通道丢失 50%,0.7335262529543,0.48267876634203,3648
75,6761055,spearman,Spearman Top-8,channel_dropout_50,通道丢失 50%,0.5780050159048913,0.3718776331410923,3648
75,6761055,random,随机 Top-8,channel_dropout_50,通道丢失 50%,0.8475133087296217,0.6141724602140876,3648
75,6761055,shuffled,打乱原值图,channel_dropout_50,通道丢失 50%,0.7800174462463123,0.5165153481343223,3648
75,6761055,global_mean,零值基线,channel_dropout_50,通道丢失 50%,0.9499988442344854,0.7412303483563671,3648
75,6761055,raw_pearson,原值 Pearson Top-8,rectangle_50,矩形缺失 50%,1.0421366207556568,0.6496429768242972,3672
75,6761055,diff_pearson,一阶差分 Pearson Top-8,rectangle_50,矩形缺失 50%,0.8769656476740362,0.6226924947331954,3672
75,6761055,spearman,Spearman Top-8,rectangle_50,矩形缺失 50%,0.7625669683413591,0.5577818378105704,3672
75,6761055,random,随机 Top-8,rectangle_50,矩形缺失 50%,0.9407771762507338,0.7032191183987035,3672
75,6761055,shuffled,打乱原值图,rectangle_50,矩形缺失 50%,0.9754627452677782,0.7257410146917059,3672
75,6761055,global_mean,零值基线,rectangle_50,矩形缺失 50%,0.960969983378368,0.7818592976734116,3672
75,6761055,raw_pearson,原值 Pearson Top-8,time_block_50,时间块缺失 50%,1.0402281913432772,0.8389908493802735,3648
75,6761055,diff_pearson,一阶差分 Pearson Top-8,time_block_50,时间块缺失 50%,1.0493909612087309,0.8440485446850313,3648
75,6761055,spearman,Spearman Top-8,time_block_50,时间块缺失 50%,1.040758458602832,0.8394900053598316,3648
75,6761055,random,随机 Top-8,time_block_50,时间块缺失 50%,1.056171321483573,0.8504704703059223,3648
75,6761055,shuffled,打乱原值图,time_block_50,时间块缺失 50%,1.0692133204986745,0.8588188402316949,3648
75,6761055,global_mean,零值基线,time_block_50,时间块缺失 50%,1.0388429545624205,0.8376995283183931,3648
76,6772651,raw_pearson,原值 Pearson Top-8,channel_dropout_50,通道丢失 50%,0.862341891996725,0.6085479661829761,3648
76,6772651,diff_pearson,一阶差分 Pearson Top-8,channel_dropout_50,通道丢失 50%,0.94443985218054,0.6905150851115041,3648
76,6772651,spearman,Spearman Top-8,channel_dropout_50,通道丢失 50%,0.8506719307878768,0.6003998729590792,3648
76,6772651,random,随机 Top-8,channel_dropout_50,通道丢失 50%,0.9061712868563137,0.6553684275935713,3648
76,6772651,shuffled,打乱原值图,channel_dropout_50,通道丢失 50%,0.9748276651619164,0.7365156451328569,3648
76,6772651,global_mean,零值基线,channel_dropout_50,通道丢失 50%,1.064628545816177,0.9205960578861108,3648
76,6772651,raw_pearson,原值 Pearson Top-8,rectangle_50,矩形缺失 50%,0.7236115628507185,0.49936284561175187,3672
76,6772651,diff_pearson,一阶差分 Pearson Top-8,rectangle_50,矩形缺失 50%,0.7922340802027115,0.5505304304942836,3672
76,6772651,spearman,Spearman Top-8,rectangle_50,矩形缺失 50%,0.8956102155000736,0.5517936684819024,3672
76,6772651,random,随机 Top-8,rectangle_50,矩形缺失 50%,0.8934926503974181,0.6610348350816767,3672
76,6772651,shuffled,打乱原值图,rectangle_50,矩形缺失 50%,0.7860032295579226,0.5552021132578963,3672
76,6772651,global_mean,零值基线,rectangle_50,矩形缺失 50%,0.97501505426391,0.7548111711719542,3672
76,6772651,raw_pearson,原值 Pearson Top-8,time_block_50,时间块缺失 50%,1.039340353537926,0.8418474114124936,3648
76,6772651,diff_pearson,一阶差分 Pearson Top-8,time_block_50,时间块缺失 50%,1.046937017892348,0.8458386850747768,3648
76,6772651,spearman,Spearman Top-8,time_block_50,时间块缺失 50%,1.0377006523042966,0.8398393118642545,3648
76,6772651,random,随机 Top-8,time_block_50,时间块缺失 50%,1.056284384352925,0.854784501738855,3648
76,6772651,shuffled,打乱原值图,time_block_50,时间块缺失 50%,1.0695093552141501,0.8620357909529788,3648
76,6772651,global_mean,零值基线,time_block_50,时间块缺失 50%,1.0361866264256983,0.8392459892156056,3648
77,6784247,raw_pearson,原值 Pearson Top-8,channel_dropout_50,通道丢失 50%,0.6918171865656142,0.4685341114252522,3648
77,6784247,diff_pearson,一阶差分 Pearson Top-8,channel_dropout_50,通道丢失 50%,0.836036902834852,0.5677002677224349,3648
77,6784247,spearman,Spearman Top-8,channel_dropout_50,通道丢失 50%,0.6852781816769932,0.4583258055186626,3648
77,6784247,random,随机 Top-8,channel_dropout_50,通道丢失 50%,0.8246757501630798,0.613583364982496,3648
77,6784247,shuffled,打乱原值图,channel_dropout_50,通道丢失 50%,0.965840223651701,0.6994082147624183,3648
77,6784247,global_mean,零值基线,channel_dropout_50,通道丢失 50%,0.9837628813073551,0.7979257018588422,3648
77,6784247,raw_pearson,原值 Pearson Top-8,rectangle_50,矩形缺失 50%,1.0255638589031102,0.7823849345129367,3672
77,6784247,diff_pearson,一阶差分 Pearson Top-8,rectangle_50,矩形缺失 50%,0.9726018794890154,0.7484685731656514,3672
77,6784247,spearman,Spearman Top-8,rectangle_50,矩形缺失 50%,0.9447460087188625,0.7371548265763161,3672
77,6784247,random,随机 Top-8,rectangle_50,矩形缺失 50%,1.0604702094537435,0.8776143433662388,3672
77,6784247,shuffled,打乱原值图,rectangle_50,矩形缺失 50%,1.0475974732461912,0.8523366553908138,3672
77,6784247,global_mean,零值基线,rectangle_50,矩形缺失 50%,1.056782034704367,0.8795689378993914,3672
77,6784247,raw_pearson,原值 Pearson Top-8,time_block_50,时间块缺失 50%,1.0369760379139246,0.8383416132071596,3648
77,6784247,diff_pearson,一阶差分 Pearson Top-8,time_block_50,时间块缺失 50%,1.0455989531927588,0.8431319873364088,3648
77,6784247,spearman,Spearman Top-8,time_block_50,时间块缺失 50%,1.037647025398958,0.8384366262845377,3648
77,6784247,random,随机 Top-8,time_block_50,时间块缺失 50%,1.0534076600895326,0.8500856416535845,3648
77,6784247,shuffled,打乱原值图,time_block_50,时间块缺失 50%,1.066110938527903,0.8584212017202966,3648
77,6784247,global_mean,零值基线,time_block_50,时间块缺失 50%,1.0346453605030828,0.8366617970707108,3648
78,6795844,raw_pearson,原值 Pearson Top-8,channel_dropout_50,通道丢失 50%,0.7978483539633935,0.5425850174588983,3648
78,6795844,diff_pearson,一阶差分 Pearson Top-8,channel_dropout_50,通道丢失 50%,0.8068424366203044,0.5004237912631448,3648
78,6795844,spearman,Spearman Top-8,channel_dropout_50,通道丢失 50%,0.8085549237836857,0.5497465491748332,3648
78,6795844,random,随机 Top-8,channel_dropout_50,通道丢失 50%,0.8087060266170069,0.5629618293580146,3648
78,6795844,shuffled,打乱原值图,channel_dropout_50,通道丢失 50%,0.8210159744019828,0.5558899937619308,3648
78,6795844,global_mean,零值基线,channel_dropout_50,通道丢失 50%,1.0052521719545167,0.7604007983040981,3648
78,6795844,raw_pearson,原值 Pearson Top-8,rectangle_50,矩形缺失 50%,0.9772007949919127,0.7254605388877425,3672
78,6795844,diff_pearson,一阶差分 Pearson Top-8,rectangle_50,矩形缺失 50%,0.9074256700036598,0.6924162050630618,3672
78,6795844,spearman,Spearman Top-8,rectangle_50,矩形缺失 50%,0.9206290446456897,0.6998744697971176,3672
78,6795844,random,随机 Top-8,rectangle_50,矩形缺失 50%,0.9286343095032231,0.6999767458783068,3672
78,6795844,shuffled,打乱原值图,rectangle_50,矩形缺失 50%,1.0908405459524428,0.8220760852974052,3672
78,6795844,global_mean,零值基线,rectangle_50,矩形缺失 50%,1.0178975785092625,0.822943914545019,3672
78,6795844,raw_pearson,原值 Pearson Top-8,time_block_50,时间块缺失 50%,1.023979024941115,0.8221951505158457,3648
78,6795844,diff_pearson,一阶差分 Pearson Top-8,time_block_50,时间块缺失 50%,1.0313693293195068,0.8258625284602131,3648
78,6795844,spearman,Spearman Top-8,time_block_50,时间块缺失 50%,1.0211691234747176,0.8192653552977672,3648
78,6795844,random,随机 Top-8,time_block_50,时间块缺失 50%,1.0417942746753002,0.8360396013176666,3648
78,6795844,shuffled,打乱原值图,time_block_50,时间块缺失 50%,1.0540284776317899,0.8429418853921323,3648
78,6795844,global_mean,零值基线,time_block_50,时间块缺失 50%,1.0208162701342784,0.8192755695784064,3648
79,6807440,raw_pearson,原值 Pearson Top-8,channel_dropout_50,通道丢失 50%,1.047965556255944,0.5631589424557796,3648
79,6807440,diff_pearson,一阶差分 Pearson Top-8,channel_dropout_50,通道丢失 50%,1.1091374383274537,0.5891324262994789,3648
79,6807440,spearman,Spearman Top-8,channel_dropout_50,通道丢失 50%,0.9820325772214491,0.5169729974596345,3648
79,6807440,random,随机 Top-8,channel_dropout_50,通道丢失 50%,0.96099637676589,0.71379275039392,3648
79,6807440,shuffled,打乱原值图,channel_dropout_50,通道丢失 50%,1.1867178791497304,0.7484234435977327,3648
79,6807440,global_mean,零值基线,channel_dropout_50,通道丢失 50%,1.042914618309361,0.8534059748917411,3648
79,6807440,raw_pearson,原值 Pearson Top-8,rectangle_50,矩形缺失 50%,0.964157129180484,0.609925400425747,3672
79,6807440,diff_pearson,一阶差分 Pearson Top-8,rectangle_50,矩形缺失 50%,0.980295782740952,0.6308276453549055,3672
79,6807440,spearman,Spearman Top-8,rectangle_50,矩形缺失 50%,0.979140112619587,0.6160529526336401,3672
79,6807440,random,随机 Top-8,rectangle_50,矩形缺失 50%,1.019418478295572,0.7091167970493782,3672
79,6807440,shuffled,打乱原值图,rectangle_50,矩形缺失 50%,1.0745749549747547,0.7228394865685355,3672
79,6807440,global_mean,零值基线,rectangle_50,矩形缺失 50%,1.083653705693235,0.7820222008817133,3672
79,6807440,raw_pearson,原值 Pearson Top-8,time_block_50,时间块缺失 50%,1.0861308111734596,0.8184838340396435,3648
79,6807440,diff_pearson,一阶差分 Pearson Top-8,time_block_50,时间块缺失 50%,1.092703863106661,0.8216535149249216,3648
79,6807440,spearman,Spearman Top-8,time_block_50,时间块缺失 50%,1.081602158310166,0.8140142954808421,3648
79,6807440,random,随机 Top-8,time_block_50,时间块缺失 50%,1.1068052855459243,0.83378055986374,3648
79,6807440,shuffled,打乱原值图,time_block_50,时间块缺失 50%,1.1151071941604882,0.8402227637644429,3648
79,6807440,global_mean,零值基线,time_block_50,时间块缺失 50%,1.0822886233369668,0.8149902717501997,3648
80,6819036,raw_pearson,原值 Pearson Top-8,channel_dropout_50,通道丢失 50%,0.6946240699064681,0.469786100574886,3648
80,6819036,diff_pearson,一阶差分 Pearson Top-8,channel_dropout_50,通道丢失 50%,0.7575777536556033,0.4999939460798672,3648
80,6819036,spearman,Spearman Top-8,channel_dropout_50,通道丢失 50%,0.7010664863480084,0.4773644654172475,3648
80,6819036,random,随机 Top-8,channel_dropout_50,通道丢失 50%,0.9762893598574142,0.7155689541388789,3648
80,6819036,shuffled,打乱原值图,channel_dropout_50,通道丢失 50%,0.8765107926180395,0.6336494783242642,3648
80,6819036,global_mean,零值基线,channel_dropout_50,通道丢失 50%,1.0073668444778137,0.8092217307880913,3648
80,6819036,raw_pearson,原值 Pearson Top-8,rectangle_50,矩形缺失 50%,0.888741519116722,0.5847499297227846,3672
80,6819036,diff_pearson,一阶差分 Pearson Top-8,rectangle_50,矩形缺失 50%,0.794399939614608,0.5585532460358821,3672
80,6819036,spearman,Spearman Top-8,rectangle_50,矩形缺失 50%,0.7723203066602959,0.5509862985685557,3672
80,6819036,random,随机 Top-8,rectangle_50,矩形缺失 50%,0.9821450907908051,0.7358922809459348,3672
80,6819036,shuffled,打乱原值图,rectangle_50,矩形缺失 50%,0.8151353004767767,0.5838554295389133,3672
80,6819036,global_mean,零值基线,rectangle_50,矩形缺失 50%,0.908194946751071,0.7225886550959469,3672
80,6819036,raw_pearson,原值 Pearson Top-8,time_block_50,时间块缺失 50%,0.9885404313333822,0.7972515884026992,3648
80,6819036,diff_pearson,一阶差分 Pearson Top-8,time_block_50,时间块缺失 50%,0.996956317931177,0.8014535264414483,3648
80,6819036,spearman,Spearman Top-8,time_block_50,时间块缺失 50%,0.9877492244012559,0.7958909376031046,3648
80,6819036,random,随机 Top-8,time_block_50,时间块缺失 50%,1.0058558500168993,0.8102369834827009,3648
80,6819036,shuffled,打乱原值图,time_block_50,时间块缺失 50%,1.0182793346081453,0.8176623958131184,3648
80,6819036,global_mean,零值基线,time_block_50,时间块缺失 50%,0.9856146581921927,0.7949131090390916,3648
81,6830633,raw_pearson,原值 Pearson Top-8,channel_dropout_50,通道丢失 50%,0.8558149719188707,0.5375052097044118,3648
81,6830633,diff_pearson,一阶差分 Pearson Top-8,channel_dropout_50,通道丢失 50%,0.673822408724166,0.46133214735809774,3648
81,6830633,spearman,Spearman Top-8,channel_dropout_50,通道丢失 50%,0.6751280434735749,0.47085765558293147,3648
81,6830633,random,随机 Top-8,channel_dropout_50,通道丢失 50%,0.8048786088059026,0.6207975494711068,3648
81,6830633,shuffled,打乱原值图,channel_dropout_50,通道丢失 50%,0.8221583664554147,0.5600637553804589,3648
81,6830633,global_mean,零值基线,channel_dropout_50,通道丢失 50%,0.8970857617466219,0.7277597373447127,3648
81,6830633,raw_pearson,原值 Pearson Top-8,rectangle_50,矩形缺失 50%,0.7360942868196156,0.4760810092757693,3672
81,6830633,diff_pearson,一阶差分 Pearson Top-8,rectangle_50,矩形缺失 50%,0.7197820621998501,0.5112153805104542,3672
81,6830633,spearman,Spearman Top-8,rectangle_50,矩形缺失 50%,0.6098342605008356,0.425147516939511,3672
81,6830633,random,随机 Top-8,rectangle_50,矩形缺失 50%,0.8461247557628809,0.6046077456963255,3672
81,6830633,shuffled,打乱原值图,rectangle_50,矩形缺失 50%,0.796791346278115,0.5996195429216609,3672
81,6830633,global_mean,零值基线,rectangle_50,矩形缺失 50%,0.8906730481111645,0.712411733143831,3672
81,6830633,raw_pearson,原值 Pearson Top-8,time_block_50,时间块缺失 50%,0.9553271470559935,0.7686819765747578,3648
81,6830633,diff_pearson,一阶差分 Pearson Top-8,time_block_50,时间块缺失 50%,0.9655354360719965,0.7744473302842934,3648
81,6830633,spearman,Spearman Top-8,time_block_50,时间块缺失 50%,0.9571142455186491,0.7698389597089152,3648
81,6830633,random,随机 Top-8,time_block_50,时间块缺失 50%,0.9712305792452651,0.7802345429076385,3648
81,6830633,shuffled,打乱原值图,time_block_50,时间块缺失 50%,0.985517436908933,0.788640758789931,3648
81,6830633,global_mean,零值基线,time_block_50,时间块缺失 50%,0.9546782453091921,0.7680198719290593,3648
82,6842229,raw_pearson,原值 Pearson Top-8,channel_dropout_50,通道丢失 50%,0.9585598552494795,0.567319505659177,3648
82,6842229,diff_pearson,一阶差分 Pearson Top-8,channel_dropout_50,通道丢失 50%,0.7419440874188528,0.473640280287474,3648
82,6842229,spearman,Spearman Top-8,channel_dropout_50,通道丢失 50%,0.728664601704022,0.48089170905193457,3648
82,6842229,random,随机 Top-8,channel_dropout_50,通道丢失 50%,0.8970930232927568,0.6133534403357488,3648
82,6842229,shuffled,打乱原值图,channel_dropout_50,通道丢失 50%,0.8450601570479361,0.6074632326207544,3648
82,6842229,global_mean,零值基线,channel_dropout_50,通道丢失 50%,0.9539660455757152,0.7328476271060234,3648
82,6842229,raw_pearson,原值 Pearson Top-8,rectangle_50,矩形缺失 50%,0.7763351254519235,0.5338113419054035,3672
82,6842229,diff_pearson,一阶差分 Pearson Top-8,rectangle_50,矩形缺失 50%,0.8236322465409808,0.5892841770574494,3672
82,6842229,spearman,Spearman Top-8,rectangle_50,矩形缺失 50%,0.7865971920214475,0.5426326686488909,3672
82,6842229,random,随机 Top-8,rectangle_50,矩形缺失 50%,0.9469666653560664,0.6339876969667582,3672
82,6842229,shuffled,打乱原值图,rectangle_50,矩形缺失 50%,0.9111366277539654,0.6490448332473384,3672
82,6842229,global_mean,零值基线,rectangle_50,矩形缺失 50%,0.926438927046691,0.737165744274055,3672
82,6842229,raw_pearson,原值 Pearson Top-8,time_block_50,时间块缺失 50%,0.942477093597036,0.7571934263045568,3648
82,6842229,diff_pearson,一阶差分 Pearson Top-8,time_block_50,时间块缺失 50%,0.951124011504056,0.7617324743130709,3648
82,6842229,spearman,Spearman Top-8,time_block_50,时间块缺失 50%,0.9422167110696771,0.7567485730016229,3648
82,6842229,random,随机 Top-8,time_block_50,时间块缺失 50%,0.959087499198816,0.7695053004290956,3648
82,6842229,shuffled,打乱原值图,time_block_50,时间块缺失 50%,0.9734103750298746,0.7775372260138879,3648
82,6842229,global_mean,零值基线,time_block_50,时间块缺失 50%,0.939628740179517,0.7553587158052387,3648
83,6853825,raw_pearson,原值 Pearson Top-8,channel_dropout_50,通道丢失 50%,0.7311750305354305,0.4181866409614295,3648
83,6853825,diff_pearson,一阶差分 Pearson Top-8,channel_dropout_50,通道丢失 50%,0.700362216970181,0.3997733777885545,3648
83,6853825,spearman,Spearman Top-8,channel_dropout_50,通道丢失 50%,0.6664250376312688,0.38732293480557617,3648
83,6853825,random,随机 Top-8,channel_dropout_50,通道丢失 50%,0.945117404983847,0.6578993189157157,3648
83,6853825,shuffled,打乱原值图,channel_dropout_50,通道丢失 50%,0.9393629940753829,0.6627257257318778,3648
83,6853825,global_mean,零值基线,channel_dropout_50,通道丢失 50%,0.8963189502183229,0.6993099722973662,3648
83,6853825,raw_pearson,原值 Pearson Top-8,rectangle_50,矩形缺失 50%,0.8470916016037725,0.6368092572279783,3672
83,6853825,diff_pearson,一阶差分 Pearson Top-8,rectangle_50,矩形缺失 50%,0.8762348678399758,0.6564393812584266,3672
83,6853825,spearman,Spearman Top-8,rectangle_50,矩形缺失 50%,0.839760131611991,0.6334455399615914,3672
83,6853825,random,随机 Top-8,rectangle_50,矩形缺失 50%,1.0502368610386363,0.7847742263637696,3672
83,6853825,shuffled,打乱原值图,rectangle_50,矩形缺失 50%,0.9199520594695378,0.6974489975682809,3672
83,6853825,global_mean,零值基线,rectangle_50,矩形缺失 50%,0.9456456910152949,0.7683853997296788,3672
83,6853825,raw_pearson,原值 Pearson Top-8,time_block_50,时间块缺失 50%,0.9392109159237925,0.7459194714593214,3648
83,6853825,diff_pearson,一阶差分 Pearson Top-8,time_block_50,时间块缺失 50%,0.9492140957960966,0.7513001070754527,3648
83,6853825,spearman,Spearman Top-8,time_block_50,时间块缺失 50%,0.9417121868668417,0.7471557844353782,3648
83,6853825,random,随机 Top-8,time_block_50,时间块缺失 50%,0.9550781362708248,0.7573292244982059,3648
83,6853825,shuffled,打乱原值图,time_block_50,时间块缺失 50%,0.9695433211053446,0.7659866035685341,3648
83,6853825,global_mean,零值基线,time_block_50,时间块缺失 50%,0.9380781990155745,0.7448521848140317,3648
84,6865422,raw_pearson,原值 Pearson Top-8,channel_dropout_50,通道丢失 50%,0.7082839736145189,0.41986326389938344,3648
84,6865422,diff_pearson,一阶差分 Pearson Top-8,channel_dropout_50,通道丢失 50%,0.6805007904609865,0.4171214575736813,3648
84,6865422,spearman,Spearman Top-8,channel_dropout_50,通道丢失 50%,0.7003918451866141,0.4062296260795735,3648
84,6865422,random,随机 Top-8,channel_dropout_50,通道丢失 50%,0.8748122495792698,0.5564977962402121,3648
84,6865422,shuffled,打乱原值图,channel_dropout_50,通道丢失 50%,0.8393707467465363,0.5877649345622149,3648
84,6865422,global_mean,零值基线,channel_dropout_50,通道丢失 50%,0.9061308255342757,0.6882107166763346,3648
84,6865422,raw_pearson,原值 Pearson Top-8,rectangle_50,矩形缺失 50%,0.8144350328370291,0.5705964868679607,3672
84,6865422,diff_pearson,一阶差分 Pearson Top-8,rectangle_50,矩形缺失 50%,0.8435952436388395,0.6098348926146304,3672
84,6865422,spearman,Spearman Top-8,rectangle_50,矩形缺失 50%,0.8009529078062257,0.5642721567484267,3672
84,6865422,random,随机 Top-8,rectangle_50,矩形缺失 50%,0.9027631094640263,0.6793272503058255,3672
84,6865422,shuffled,打乱原值图,rectangle_50,矩形缺失 50%,0.9533987103598024,0.6931401957739676,3672
84,6865422,global_mean,零值基线,rectangle_50,矩形缺失 50%,0.9379278816367833,0.7391832113173424,3672
84,6865422,raw_pearson,原值 Pearson Top-8,time_block_50,时间块缺失 50%,0.914015497103377,0.7285525681253984,3648
84,6865422,diff_pearson,一阶差分 Pearson Top-8,time_block_50,时间块缺失 50%,0.9224419805590441,0.7332103002114911,3648
84,6865422,spearman,Spearman Top-8,time_block_50,时间块缺失 50%,0.9145266821891189,0.7277632554575312,3648
84,6865422,random,随机 Top-8,time_block_50,时间块缺失 50%,0.9303337754648217,0.7403180720093645,3648
84,6865422,shuffled,打乱原值图,time_block_50,时间块缺失 50%,0.9454691430951294,0.7481618028978496,3648
84,6865422,global_mean,零值基线,time_block_50,时间块缺失 50%,0.9123013858881998,0.7267004248932082,3648
85,6877018,raw_pearson,原值 Pearson Top-8,channel_dropout_50,通道丢失 50%,0.7742029165691297,0.4806897116966663,3648
85,6877018,diff_pearson,一阶差分 Pearson Top-8,channel_dropout_50,通道丢失 50%,0.668020021591097,0.4649617451510923,3648
85,6877018,spearman,Spearman Top-8,channel_dropout_50,通道丢失 50%,0.6265943894476222,0.43485309085936347,3648
85,6877018,random,随机 Top-8,channel_dropout_50,通道丢失 50%,0.8067756300254783,0.6146276907985255,3648
85,6877018,shuffled,打乱原值图,channel_dropout_50,通道丢失 50%,0.8088441891731418,0.5906588695292228,3648
85,6877018,global_mean,零值基线,channel_dropout_50,通道丢失 50%,0.8780188343229978,0.7314878380761353,3648
85,6877018,raw_pearson,原值 Pearson Top-8,rectangle_50,矩形缺失 50%,1.0257577528718491,0.6696843558840904,3672
85,6877018,diff_pearson,一阶差分 Pearson Top-8,rectangle_50,矩形缺失 50%,0.8531273158252238,0.5928514466366708,3672
85,6877018,spearman,Spearman Top-8,rectangle_50,矩形缺失 50%,0.8635061035066544,0.6081340430962071,3672
85,6877018,random,随机 Top-8,rectangle_50,矩形缺失 50%,0.9438034599172473,0.6688688153720184,3672
85,6877018,shuffled,打乱原值图,rectangle_50,矩形缺失 50%,0.9299781731475296,0.704396446412658,3672
85,6877018,global_mean,零值基线,rectangle_50,矩形缺失 50%,0.9292297960320649,0.7192068739389912,3672
85,6877018,raw_pearson,原值 Pearson Top-8,time_block_50,时间块缺失 50%,0.8989380722781732,0.7142866611901971,3648
85,6877018,diff_pearson,一阶差分 Pearson Top-8,time_block_50,时间块缺失 50%,0.9090390240596092,0.7199232452468061,3648
85,6877018,spearman,Spearman Top-8,time_block_50,时间块缺失 50%,0.9014158323742557,0.7157510605520901,3648
85,6877018,random,随机 Top-8,time_block_50,时间块缺失 50%,0.9138724609202925,0.7258633813969765,3648
85,6877018,shuffled,打乱原值图,time_block_50,时间块缺失 50%,0.9292743205667436,0.7342781877486461,3648
85,6877018,global_mean,零值基线,time_block_50,时间块缺失 50%,0.8975214437570753,0.7134747849787393,3648
86,6888614,raw_pearson,原值 Pearson Top-8,channel_dropout_50,通道丢失 50%,0.5753200210919833,0.30618405222265976,3648
86,6888614,diff_pearson,一阶差分 Pearson Top-8,channel_dropout_50,通道丢失 50%,0.6377166215463023,0.3498620666161767,3648
86,6888614,spearman,Spearman Top-8,channel_dropout_50,通道丢失 50%,0.7215299680167452,0.34575868369160195,3648
86,6888614,random,随机 Top-8,channel_dropout_50,通道丢失 50%,0.6967730956899341,0.46645327089859523,3648
86,6888614,shuffled,打乱原值图,channel_dropout_50,通道丢失 50%,0.8361651269054526,0.5261300094350401,3648
86,6888614,global_mean,零值基线,channel_dropout_50,通道丢失 50%,0.7881464879988049,0.5793950798780044,3648
86,6888614,raw_pearson,原值 Pearson Top-8,rectangle_50,矩形缺失 50%,0.7231925566672353,0.5372385403062037,3672
86,6888614,diff_pearson,一阶差分 Pearson Top-8,rectangle_50,矩形缺失 50%,0.7942586888106659,0.5840926657649967,3672
86,6888614,spearman,Spearman Top-8,rectangle_50,矩形缺失 50%,0.7042325273432962,0.5174296462720046,3672
86,6888614,random,随机 Top-8,rectangle_50,矩形缺失 50%,0.8287968747866985,0.6038752046592711,3672
86,6888614,shuffled,打乱原值图,rectangle_50,矩形缺失 50%,0.836997621732434,0.6266027099075938,3672
86,6888614,global_mean,零值基线,rectangle_50,矩形缺失 50%,0.8390341284548701,0.6510476833057733,3672
86,6888614,raw_pearson,原值 Pearson Top-8,time_block_50,时间块缺失 50%,0.8610077862411367,0.6791366498389464,3648
86,6888614,diff_pearson,一阶差分 Pearson Top-8,time_block_50,时间块缺失 50%,0.87107620848251,0.6844397799918747,3648
86,6888614,spearman,Spearman Top-8,time_block_50,时间块缺失 50%,0.86365489198189,0.68027531687978,3648
86,6888614,random,随机 Top-8,time_block_50,时间块缺失 50%,0.8779366498114106,0.6906104438439692,3648
86,6888614,shuffled,打乱原值图,time_block_50,时间块缺失 50%,0.8938602229927634,0.6991832493294098,3648
86,6888614,global_mean,零值基线,time_block_50,时间块缺失 50%,0.8603038942509623,0.6780701524666208,3648
87,6900211,raw_pearson,原值 Pearson Top-8,channel_dropout_50,通道丢失 50%,0.6111495948799895,0.40665234832034697,3648
87,6900211,diff_pearson,一阶差分 Pearson Top-8,channel_dropout_50,通道丢失 50%,0.6231943000316921,0.4182780967450843,3648
87,6900211,spearman,Spearman Top-8,channel_dropout_50,通道丢失 50%,0.6489508059572728,0.40946017183046945,3648
87,6900211,random,随机 Top-8,channel_dropout_50,通道丢失 50%,0.727208965235635,0.5115903821821949,3648
87,6900211,shuffled,打乱原值图,channel_dropout_50,通道丢失 50%,0.734017260014818,0.5279325545639941,3648
87,6900211,global_mean,零值基线,channel_dropout_50,通道丢失 50%,0.8262216366972972,0.6679542511279067,3648
87,6900211,raw_pearson,原值 Pearson Top-8,rectangle_50,矩形缺失 50%,0.7850112738070957,0.5270564835341163,3672
87,6900211,diff_pearson,一阶差分 Pearson Top-8,rectangle_50,矩形缺失 50%,0.7586917838682966,0.5247378024051751,3672
87,6900211,spearman,Spearman Top-8,rectangle_50,矩形缺失 50%,0.8527342881258916,0.5619565942592524,3672
87,6900211,random,随机 Top-8,rectangle_50,矩形缺失 50%,0.8783200132848272,0.678502536565403,3672
87,6900211,shuffled,打乱原值图,rectangle_50,矩形缺失 50%,0.8800750985476199,0.672357149847736,3672
87,6900211,global_mean,零值基线,rectangle_50,矩形缺失 50%,0.8643714427343058,0.6843149765137203,3672
87,6900211,raw_pearson,原值 Pearson Top-8,time_block_50,时间块缺失 50%,0.8401543363053325,0.6773946075275828,3648
87,6900211,diff_pearson,一阶差分 Pearson Top-8,time_block_50,时间块缺失 50%,0.8473048001384635,0.6807513826606426,3648
87,6900211,spearman,Spearman Top-8,time_block_50,时间块缺失 50%,0.8364395561402067,0.6733672838241477,3648
87,6900211,random,随机 Top-8,time_block_50,时间块缺失 50%,0.8594041895910682,0.6918157710392497,3648
87,6900211,shuffled,打乱原值图,time_block_50,时间块缺失 50%,0.8738892616737819,0.6984394028963036,3648
87,6900211,global_mean,零值基线,time_block_50,时间块缺失 50%,0.8365305717173368,0.674022697518092,3648
88,6911807,raw_pearson,原值 Pearson Top-8,channel_dropout_50,通道丢失 50%,0.9401512362876322,0.46944279045059695,3648
88,6911807,diff_pearson,一阶差分 Pearson Top-8,channel_dropout_50,通道丢失 50%,0.49213095277952723,0.29966986158673203,3648
88,6911807,spearman,Spearman Top-8,channel_dropout_50,通道丢失 50%,0.7127096453143821,0.4111559211213883,3648
88,6911807,random,随机 Top-8,channel_dropout_50,通道丢失 50%,0.7228371791899592,0.48832003643450667,3648
88,6911807,shuffled,打乱原值图,channel_dropout_50,通道丢失 50%,0.6407373128809201,0.38535995348334173,3648
88,6911807,global_mean,零值基线,channel_dropout_50,通道丢失 50%,0.7875118664195844,0.6036545663434816,3648
88,6911807,raw_pearson,原值 Pearson Top-8,rectangle_50,矩形缺失 50%,0.734385292088093,0.49770212747791176,3672
88,6911807,diff_pearson,一阶差分 Pearson Top-8,rectangle_50,矩形缺失 50%,0.657476645560412,0.45369646860376855,3672
88,6911807,spearman,Spearman Top-8,rectangle_50,矩形缺失 50%,0.6490768652891198,0.45865412827426844,3672
88,6911807,random,随机 Top-8,rectangle_50,矩形缺失 50%,0.7409024159371693,0.5495250169067536,3672
88,6911807,shuffled,打乱原值图,rectangle_50,矩形缺失 50%,0.748852944984269,0.5492484186963871,3672
88,6911807,global_mean,零值基线,rectangle_50,矩形缺失 50%,0.8066442206322063,0.632095739183149,3672
88,6911807,raw_pearson,原值 Pearson Top-8,time_block_50,时间块缺失 50%,0.8406225451240863,0.6627558486525336,3648
88,6911807,diff_pearson,一阶差分 Pearson Top-8,time_block_50,时间块缺失 50%,0.8481603391390146,0.6665952716670698,3648
88,6911807,spearman,Spearman Top-8,time_block_50,时间块缺失 50%,0.838015053552148,0.6603769974183872,3648
88,6911807,random,随机 Top-8,time_block_50,时间块缺失 50%,0.8597591682267667,0.6767904151341811,3648
88,6911807,shuffled,打乱原值图,time_block_50,时间块缺失 50%,0.8736228762790311,0.6838097176274863,3648
88,6911807,global_mean,零值基线,time_block_50,时间块缺失 50%,0.8372632995870484,0.6602608205125203,3648
89,6923404,raw_pearson,原值 Pearson Top-8,channel_dropout_50,通道丢失 50%,0.6800614596363819,0.4577844472135822,3648
89,6923404,diff_pearson,一阶差分 Pearson Top-8,channel_dropout_50,通道丢失 50%,0.6555063376727104,0.45672205967566354,3648
89,6923404,spearman,Spearman Top-8,channel_dropout_50,通道丢失 50%,0.6986523310709106,0.45819473450467557,3648
89,6923404,random,随机 Top-8,channel_dropout_50,通道丢失 50%,0.9095832507744981,0.6511837077056474,3648
89,6923404,shuffled,打乱原值图,channel_dropout_50,通道丢失 50%,0.7727814123565008,0.5584630225773968,3648
89,6923404,global_mean,零值基线,channel_dropout_50,通道丢失 50%,0.8195329526745521,0.6610497948069933,3648
89,6923404,raw_pearson,原值 Pearson Top-8,rectangle_50,矩形缺失 50%,0.6321257369701129,0.41679311177365796,3672
89,6923404,diff_pearson,一阶差分 Pearson Top-8,rectangle_50,矩形缺失 50%,0.7268747806030338,0.4670906044123423,3672
89,6923404,spearman,Spearman Top-8,rectangle_50,矩形缺失 50%,0.6446041318128508,0.4264042265969425,3672
89,6923404,random,随机 Top-8,rectangle_50,矩形缺失 50%,0.8051919353951428,0.571686302649837,3672
89,6923404,shuffled,打乱原值图,rectangle_50,矩形缺失 50%,0.7366242352430123,0.518068388208632,3672
89,6923404,global_mean,零值基线,rectangle_50,矩形缺失 50%,0.7741976705991095,0.5819308083841257,3672
89,6923404,raw_pearson,原值 Pearson Top-8,time_block_50,时间块缺失 50%,0.789615048599932,0.6144434947390974,3648
89,6923404,diff_pearson,一阶差分 Pearson Top-8,time_block_50,时间块缺失 50%,0.798725710359763,0.6188829217548113,3648
89,6923404,spearman,Spearman Top-8,time_block_50,时间块缺失 50%,0.7878057203872022,0.6126761944042206,3648
89,6923404,random,随机 Top-8,time_block_50,时间块缺失 50%,0.8085948096777424,0.6273824612169147,3648
89,6923404,shuffled,打乱原值图,time_block_50,时间块缺失 50%,0.8241972389408294,0.6346019846147116,3648
89,6923404,global_mean,零值基线,time_block_50,时间块缺失 50%,0.7879272711439744,0.6126863141277219,3648
90,6935000,raw_pearson,原值 Pearson Top-8,channel_dropout_50,通道丢失 50%,0.5867872915097583,0.40680362012361976,3648
90,6935000,diff_pearson,一阶差分 Pearson Top-8,channel_dropout_50,通道丢失 50%,0.7401841718085044,0.49473318682711515,3648
90,6935000,spearman,Spearman Top-8,channel_dropout_50,通道丢失 50%,0.5850658851443504,0.3991000472631688,3648
90,6935000,random,随机 Top-8,channel_dropout_50,通道丢失 50%,0.7576448919611338,0.5936993357905086,3648
90,6935000,shuffled,打乱原值图,channel_dropout_50,通道丢失 50%,0.8043246988220927,0.6207242584195886,3648
90,6935000,global_mean,零值基线,channel_dropout_50,通道丢失 50%,0.8247513983248997,0.676788999705662,3648
90,6935000,raw_pearson,原值 Pearson Top-8,rectangle_50,矩形缺失 50%,0.654291286166974,0.4547416814463182,3672
90,6935000,diff_pearson,一阶差分 Pearson Top-8,rectangle_50,矩形缺失 50%,0.7204244217392013,0.4904090708082741,3672
90,6935000,spearman,Spearman Top-8,rectangle_50,矩形缺失 50%,0.6670048923321256,0.4543256375344843,3672
90,6935000,random,随机 Top-8,rectangle_50,矩形缺失 50%,0.7806759862379512,0.5705822315811281,3672
90,6935000,shuffled,打乱原值图,rectangle_50,矩形缺失 50%,0.7841730461657428,0.5842216950266075,3672
90,6935000,global_mean,零值基线,rectangle_50,矩形缺失 50%,0.789297363901108,0.6193571925169102,3672
90,6935000,raw_pearson,原值 Pearson Top-8,time_block_50,时间块缺失 50%,0.8013723785179712,0.6403957662289544,3648
90,6935000,diff_pearson,一阶差分 Pearson Top-8,time_block_50,时间块缺失 50%,0.8082721005030252,0.6440331643053591,3648
90,6935000,spearman,Spearman Top-8,time_block_50,时间块缺失 50%,0.7977259781343176,0.6370694651922467,3648
90,6935000,random,随机 Top-8,time_block_50,时间块缺失 50%,0.8200732128135746,0.6549807628984043,3648
90,6935000,shuffled,打乱原值图,time_block_50,时间块缺失 50%,0.8356193110036827,0.6617398548829168,3648
90,6935000,global_mean,零值基线,time_block_50,时间块缺失 50%,0.7974551269311239,0.6373072228969473,3648
91,6946596,raw_pearson,原值 Pearson Top-8,channel_dropout_50,通道丢失 50%,0.7357801984377544,0.5325493095091666,3648
91,6946596,diff_pearson,一阶差分 Pearson Top-8,channel_dropout_50,通道丢失 50%,0.6367037425489096,0.46853735760736526,3648
91,6946596,spearman,Spearman Top-8,channel_dropout_50,通道丢失 50%,0.7127739541969743,0.5287684157824687,3648
91,6946596,random,随机 Top-8,channel_dropout_50,通道丢失 50%,0.7358405602850071,0.5729073574816769,3648
91,6946596,shuffled,打乱原值图,channel_dropout_50,通道丢失 50%,0.794319299201624,0.6455721755969921,3648
91,6946596,global_mean,零值基线,channel_dropout_50,通道丢失 50%,0.8115537385210583,0.6743432041506215,3648
91,6946596,raw_pearson,原值 Pearson Top-8,rectangle_50,矩形缺失 50%,0.7987990675724269,0.4514838291192001,3672
91,6946596,diff_pearson,一阶差分 Pearson Top-8,rectangle_50,矩形缺失 50%,0.6729781527921869,0.4706151854104676,3672
91,6946596,spearman,Spearman Top-8,rectangle_50,矩形缺失 50%,0.5572324433073619,0.3786972274354744,3672
91,6946596,random,随机 Top-8,rectangle_50,矩形缺失 50%,0.7272675099000722,0.5090109084060133,3672
91,6946596,shuffled,打乱原值图,rectangle_50,矩形缺失 50%,0.7186881276777423,0.5169647537993192,3672
91,6946596,global_mean,零值基线,rectangle_50,矩形缺失 50%,0.7235925947692585,0.5456235795372381,3672
91,6946596,raw_pearson,原值 Pearson Top-8,time_block_50,时间块缺失 50%,0.7735968959599575,0.6105706803775541,3648
91,6946596,diff_pearson,一阶差分 Pearson Top-8,time_block_50,时间块缺失 50%,0.7823288266921126,0.6151111336644813,3648
91,6946596,spearman,Spearman Top-8,time_block_50,时间块缺失 50%,0.7738824350343197,0.6101120097772362,3648
91,6946596,random,随机 Top-8,time_block_50,时间块缺失 50%,0.7906630893883496,0.6227063638856908,3648
91,6946596,shuffled,打乱原值图,time_block_50,时间块缺失 50%,0.8066926618677237,0.6308663930796976,3648
91,6946596,global_mean,零值基线,time_block_50,时间块缺失 50%,0.7710863135365335,0.6086793607334281,3648
92,6958193,raw_pearson,原值 Pearson Top-8,channel_dropout_50,通道丢失 50%,0.6916643303247666,0.3942337531010003,3648
92,6958193,diff_pearson,一阶差分 Pearson Top-8,channel_dropout_50,通道丢失 50%,0.6625047501324853,0.421156643387789,3648
92,6958193,spearman,Spearman Top-8,channel_dropout_50,通道丢失 50%,0.5919454489576582,0.34239301385668647,3648
92,6958193,random,随机 Top-8,channel_dropout_50,通道丢失 50%,0.7472294442237695,0.5265737820757835,3648
92,6958193,shuffled,打乱原值图,channel_dropout_50,通道丢失 50%,0.7488311432243318,0.5308716437764797,3648
92,6958193,global_mean,零值基线,channel_dropout_50,通道丢失 50%,0.7752490599585364,0.5734226960820499,3648
92,6958193,raw_pearson,原值 Pearson Top-8,rectangle_50,矩形缺失 50%,0.8608309279383632,0.5182093728627147,3672
92,6958193,diff_pearson,一阶差分 Pearson Top-8,rectangle_50,矩形缺失 50%,0.7040272705230519,0.4919834028689752,3672
92,6958193,spearman,Spearman Top-8,rectangle_50,矩形缺失 50%,0.657460206050426,0.4493918617442041,3672
92,6958193,random,随机 Top-8,rectangle_50,矩形缺失 50%,0.7637023520277801,0.5427750836555595,3672
92,6958193,shuffled,打乱原值图,rectangle_50,矩形缺失 50%,0.7276914289454457,0.5275192584302346,3672
92,6958193,global_mean,零值基线,rectangle_50,矩形缺失 50%,0.7517364784452412,0.5633840713770216,3672
92,6958193,raw_pearson,原值 Pearson Top-8,time_block_50,时间块缺失 50%,0.7816636179068088,0.6004405878556016,3648
92,6958193,diff_pearson,一阶差分 Pearson Top-8,time_block_50,时间块缺失 50%,0.7922944555480252,0.6072598301103795,3648
92,6958193,spearman,Spearman Top-8,time_block_50,时间块缺失 50%,0.7827254829612108,0.6013384878849132,3648
92,6958193,random,随机 Top-8,time_block_50,时间块缺失 50%,0.8008289401780454,0.6136452140596429,3648
92,6958193,shuffled,打乱原值图,time_block_50,时间块缺失 50%,0.8161037686096536,0.6217871382672018,3648
92,6958193,global_mean,零值基线,time_block_50,时间块缺失 50%,0.7819425867425293,0.6007460997204378,3648
93,6969789,raw_pearson,原值 Pearson Top-8,channel_dropout_50,通道丢失 50%,0.6842161969954732,0.418516409956825,3648
93,6969789,diff_pearson,一阶差分 Pearson Top-8,channel_dropout_50,通道丢失 50%,0.5890536922917429,0.3993675515406856,3648
93,6969789,spearman,Spearman Top-8,channel_dropout_50,通道丢失 50%,0.5354411528043684,0.3519937084386265,3648
93,6969789,random,随机 Top-8,channel_dropout_50,通道丢失 50%,0.8390893765813424,0.6305928855593723,3648
93,6969789,shuffled,打乱原值图,channel_dropout_50,通道丢失 50%,0.7971988713145903,0.5505058475908116,3648
93,6969789,global_mean,零值基线,channel_dropout_50,通道丢失 50%,0.7911645513438328,0.6415696948959905,3648
93,6969789,raw_pearson,原值 Pearson Top-8,rectangle_50,矩形缺失 50%,0.7634571456150888,0.5547061292562708,3672
93,6969789,diff_pearson,一阶差分 Pearson Top-8,rectangle_50,矩形缺失 50%,0.7273029363438419,0.5629842623404021,3672
93,6969789,spearman,Spearman Top-8,rectangle_50,矩形缺失 50%,0.6931017437236299,0.5318856378169433,3672
93,6969789,random,随机 Top-8,rectangle_50,矩形缺失 50%,0.766312260335574,0.5856786224006332,3672
93,6969789,shuffled,打乱原值图,rectangle_50,矩形缺失 50%,0.7436145440098645,0.5551511918372682,3672
93,6969789,global_mean,零值基线,rectangle_50,矩形缺失 50%,0.7794407643092706,0.6367528781374462,3672
93,6969789,raw_pearson,原值 Pearson Top-8,time_block_50,时间块缺失 50%,0.7740107298372335,0.6033620201263903,3648
93,6969789,diff_pearson,一阶差分 Pearson Top-8,time_block_50,时间块缺失 50%,0.7831552035170823,0.6087313296316872,3648
93,6969789,spearman,Spearman Top-8,time_block_50,时间块缺失 50%,0.7762901124389341,0.6042987839938635,3648
93,6969789,random,随机 Top-8,time_block_50,时间块缺失 50%,0.7902348662581127,0.6157431665877097,3648
93,6969789,shuffled,打乱原值图,time_block_50,时间块缺失 50%,0.8085605358062647,0.624939349415104,3648
93,6969789,global_mean,零值基线,time_block_50,时间块缺失 50%,0.7725635743741958,0.6019632589912266,3648
94,6981385,raw_pearson,原值 Pearson Top-8,channel_dropout_50,通道丢失 50%,0.8471465547405697,0.5153603729473129,3648
94,6981385,diff_pearson,一阶差分 Pearson Top-8,channel_dropout_50,通道丢失 50%,0.6823719658347206,0.46580231363433394,3648
94,6981385,spearman,Spearman Top-8,channel_dropout_50,通道丢失 50%,0.6347935073322265,0.43960434434754075,3648
94,6981385,random,随机 Top-8,channel_dropout_50,通道丢失 50%,0.7567680724679858,0.5756071577846414,3648
94,6981385,shuffled,打乱原值图,channel_dropout_50,通道丢失 50%,0.7450346498297288,0.5519955969741597,3648
94,6981385,global_mean,零值基线,channel_dropout_50,通道丢失 50%,0.7700405026680415,0.6010382315320097,3648
94,6981385,raw_pearson,原值 Pearson Top-8,rectangle_50,矩形缺失 50%,0.7520591029695607,0.4481540601358061,3672
94,6981385,diff_pearson,一阶差分 Pearson Top-8,rectangle_50,矩形缺失 50%,0.6443533802670238,0.43592077657630707,3672
94,6981385,spearman,Spearman Top-8,rectangle_50,矩形缺失 50%,0.577980638798864,0.38431065537692144,3672
94,6981385,random,随机 Top-8,rectangle_50,矩形缺失 50%,0.6813337278397761,0.4767413954191372,3672
94,6981385,shuffled,打乱原值图,rectangle_50,矩形缺失 50%,0.677167949350331,0.4757169800383307,3672
94,6981385,global_mean,零值基线,rectangle_50,矩形缺失 50%,0.7081986912465229,0.520345913122555,3672
94,6981385,raw_pearson,原值 Pearson Top-8,time_block_50,时间块缺失 50%,0.7280682926968586,0.5508672367244638,3648
94,6981385,diff_pearson,一阶差分 Pearson Top-8,time_block_50,时间块缺失 50%,0.7380391722611455,0.5569606190558049,3648
94,6981385,spearman,Spearman Top-8,time_block_50,时间块缺失 50%,0.7271072332854738,0.5500941422542079,3648
94,6981385,random,随机 Top-8,time_block_50,时间块缺失 50%,0.7484917496547792,0.5669747188134185,3648
94,6981385,shuffled,打乱原值图,time_block_50,时间块缺失 50%,0.7628622107418427,0.5716564070923991,3648
94,6981385,global_mean,零值基线,time_block_50,时间块缺失 50%,0.7274105971901047,0.5498495849395336,3648
95,6992982,raw_pearson,原值 Pearson Top-8,channel_dropout_50,通道丢失 50%,0.8388845051354352,0.3892389271858308,3648
95,6992982,diff_pearson,一阶差分 Pearson Top-8,channel_dropout_50,通道丢失 50%,0.5078292692122137,0.2980539018693905,3648
95,6992982,spearman,Spearman Top-8,channel_dropout_50,通道丢失 50%,0.4881927745428222,0.28833111420851415,3648
95,6992982,random,随机 Top-8,channel_dropout_50,通道丢失 50%,0.6511454881376649,0.4217860249030549,3648
95,6992982,shuffled,打乱原值图,channel_dropout_50,通道丢失 50%,0.6970014609164735,0.4419370296769587,3648
95,6992982,global_mean,零值基线,channel_dropout_50,通道丢失 50%,0.6906164747985754,0.5083418138683395,3648
95,6992982,raw_pearson,原值 Pearson Top-8,rectangle_50,矩形缺失 50%,0.7245051062568715,0.4851297827793228,3672
95,6992982,diff_pearson,一阶差分 Pearson Top-8,rectangle_50,矩形缺失 50%,0.7042459374587684,0.47972267066774826,3672
95,6992982,spearman,Spearman Top-8,rectangle_50,矩形缺失 50%,0.6680125427874674,0.44675132964931946,3672
95,6992982,random,随机 Top-8,rectangle_50,矩形缺失 50%,0.7809160053749196,0.5940504486749969,3672
95,6992982,shuffled,打乱原值图,rectangle_50,矩形缺失 50%,0.7276712696067036,0.5193617254099381,3672
95,6992982,global_mean,零值基线,rectangle_50,矩形缺失 50%,0.7725294504097852,0.5870380679481774,3672
95,6992982,raw_pearson,原值 Pearson Top-8,time_block_50,时间块缺失 50%,0.741740295443233,0.5591670982252162,3648
95,6992982,diff_pearson,一阶差分 Pearson Top-8,time_block_50,时间块缺失 50%,0.7515841131930939,0.5654494390803577,3648
95,6992982,spearman,Spearman Top-8,time_block_50,时间块缺失 50%,0.7419360042260152,0.5590936256509546,3648
95,6992982,random,随机 Top-8,time_block_50,时间块缺失 50%,0.7603952101862594,0.57282258783432,3648
95,6992982,shuffled,打乱原值图,time_block_50,时间块缺失 50%,0.7766843344261584,0.580792016155956,3648
95,6992982,global_mean,零值基线,time_block_50,时间块缺失 50%,0.7416560745766884,0.5581387889630302,3648
96,7004578,raw_pearson,原值 Pearson Top-8,channel_dropout_50,通道丢失 50%,0.6075903912121607,0.3560752292225119,3648
96,7004578,diff_pearson,一阶差分 Pearson Top-8,channel_dropout_50,通道丢失 50%,0.6190755914911862,0.40923760158623496,3648
96,7004578,spearman,Spearman Top-8,channel_dropout_50,通道丢失 50%,0.5392844084228996,0.3234691929216901,3648
96,7004578,random,随机 Top-8,channel_dropout_50,通道丢失 50%,0.6549863056032605,0.44755832909613996,3648
96,7004578,shuffled,打乱原值图,channel_dropout_50,通道丢失 50%,0.6969668740500259,0.47288308153285186,3648
96,7004578,global_mean,零值基线,channel_dropout_50,通道丢失 50%,0.7336084629811395,0.5587157188556535,3648
96,7004578,raw_pearson,原值 Pearson Top-8,rectangle_50,矩形缺失 50%,0.6616750248145831,0.45950264269629615,3672
96,7004578,diff_pearson,一阶差分 Pearson Top-8,rectangle_50,矩形缺失 50%,0.6786404780786094,0.48477922023051706,3672
96,7004578,spearman,Spearman Top-8,rectangle_50,矩形缺失 50%,0.637287050555725,0.45090225431342357,3672
96,7004578,random,随机 Top-8,rectangle_50,矩形缺失 50%,0.6926406290713415,0.4935674471415501,3672
96,7004578,shuffled,打乱原值图,rectangle_50,矩形缺失 50%,0.7111033231754431,0.5212147146402079,3672
96,7004578,global_mean,零值基线,rectangle_50,矩形缺失 50%,0.7071421377480419,0.5319107398113563,3672
96,7004578,raw_pearson,原值 Pearson Top-8,time_block_50,时间块缺失 50%,0.7175018362806195,0.5517365299873871,3648
96,7004578,diff_pearson,一阶差分 Pearson Top-8,time_block_50,时间块缺失 50%,0.7275982765367783,0.558124519085194,3648
96,7004578,spearman,Spearman Top-8,time_block_50,时间块缺失 50%,0.7205454296355169,0.5527008213618699,3648
96,7004578,random,随机 Top-8,time_block_50,时间块缺失 50%,0.7336930899602624,0.5638266099031993,3648
96,7004578,shuffled,打乱原值图,time_block_50,时间块缺失 50%,0.7526982840072644,0.5754914047770658,3648
96,7004578,global_mean,零值基线,time_block_50,时间块缺失 50%,0.7167249188049526,0.5497958163822292,3648
97,7016174,raw_pearson,原值 Pearson Top-8,channel_dropout_50,通道丢失 50%,0.5316864034905784,0.33166542998788817,3648
97,7016174,diff_pearson,一阶差分 Pearson Top-8,channel_dropout_50,通道丢失 50%,0.5957106275983648,0.38420725766982766,3648
97,7016174,spearman,Spearman Top-8,channel_dropout_50,通道丢失 50%,0.5319921017078009,0.3263964526982759,3648
97,7016174,random,随机 Top-8,channel_dropout_50,通道丢失 50%,0.652226755513228,0.4907249163957788,3648
97,7016174,shuffled,打乱原值图,channel_dropout_50,通道丢失 50%,0.7192528817156674,0.5060454815191381,3648
97,7016174,global_mean,零值基线,channel_dropout_50,通道丢失 50%,0.694395680186389,0.5170961231219655,3648
97,7016174,raw_pearson,原值 Pearson Top-8,rectangle_50,矩形缺失 50%,0.7777107560262281,0.5268165484561907,3672
97,7016174,diff_pearson,一阶差分 Pearson Top-8,rectangle_50,矩形缺失 50%,0.6465128908764964,0.4636277442285563,3672
97,7016174,spearman,Spearman Top-8,rectangle_50,矩形缺失 50%,0.6477384180316346,0.4683818012190434,3672
97,7016174,random,随机 Top-8,rectangle_50,矩形缺失 50%,0.7051334502578598,0.5414237548323632,3672
97,7016174,shuffled,打乱原值图,rectangle_50,矩形缺失 50%,0.7168510262919954,0.51229736587649,3672
97,7016174,global_mean,零值基线,rectangle_50,矩形缺失 50%,0.7067073255148391,0.5430925776121064,3672
97,7016174,raw_pearson,原值 Pearson Top-8,time_block_50,时间块缺失 50%,0.6973751908061636,0.5192378926544488,3648
97,7016174,diff_pearson,一阶差分 Pearson Top-8,time_block_50,时间块缺失 50%,0.7075523792095995,0.5255689570590103,3648
97,7016174,spearman,Spearman Top-8,time_block_50,时间块缺失 50%,0.6998591935239097,0.5205327100421714,3648
97,7016174,random,随机 Top-8,time_block_50,时间块缺失 50%,0.7138810353321549,0.5330984795594385,3648
97,7016174,shuffled,打乱原值图,time_block_50,时间块缺失 50%,0.731201312713369,0.5412759060363905,3648
97,7016174,global_mean,零值基线,time_block_50,时间块缺失 50%,0.6964642233208675,0.5178512114400228,3648
98,7027771,raw_pearson,原值 Pearson Top-8,channel_dropout_50,通道丢失 50%,0.5608936698390158,0.3470218696037061,3648
98,7027771,diff_pearson,一阶差分 Pearson Top-8,channel_dropout_50,通道丢失 50%,0.5603320536562442,0.3461561163247258,3648
98,7027771,spearman,Spearman Top-8,channel_dropout_50,通道丢失 50%,0.613605492176596,0.35291877003912364,3648
98,7027771,random,随机 Top-8,channel_dropout_50,通道丢失 50%,0.5984712691711933,0.4201324776021004,3648
98,7027771,shuffled,打乱原值图,channel_dropout_50,通道丢失 50%,0.6802720654961057,0.492556449972536,3648
98,7027771,global_mean,零值基线,channel_dropout_50,通道丢失 50%,0.6362499309968392,0.47128633174530443,3648
98,7027771,raw_pearson,原值 Pearson Top-8,rectangle_50,矩形缺失 50%,0.5943791557624017,0.3791451158453445,3672
98,7027771,diff_pearson,一阶差分 Pearson Top-8,rectangle_50,矩形缺失 50%,0.5706512349834476,0.37502187207080145,3672
98,7027771,spearman,Spearman Top-8,rectangle_50,矩形缺失 50%,0.5310968170443396,0.34987059210714444,3672
98,7027771,random,随机 Top-8,rectangle_50,矩形缺失 50%,0.6209429582087967,0.4211696694672134,3672
98,7027771,shuffled,打乱原值图,rectangle_50,矩形缺失 50%,0.6508490728139446,0.4438639143449516,3672
98,7027771,global_mean,零值基线,rectangle_50,矩形缺失 50%,0.6452202122037884,0.45758666194476316,3672
98,7027771,raw_pearson,原值 Pearson Top-8,time_block_50,时间块缺失 50%,0.6784407224743686,0.5031789671061648,3648
98,7027771,diff_pearson,一阶差分 Pearson Top-8,time_block_50,时间块缺失 50%,0.6887280598186329,0.510161913387144,3648
98,7027771,spearman,Spearman Top-8,time_block_50,时间块缺失 50%,0.6809917584105778,0.5044019780585837,3648
98,7027771,random,随机 Top-8,time_block_50,时间块缺失 50%,0.693983054787322,0.5174639143796141,3648
98,7027771,shuffled,打乱原值图,time_block_50,时间块缺失 50%,0.71211687024484,0.5252501402434929,3648
98,7027771,global_mean,零值基线,time_block_50,时间块缺失 50%,0.6792362782189092,0.5024093012210422,3648
99,7039367,raw_pearson,原值 Pearson Top-8,channel_dropout_50,通道丢失 50%,0.5155949220119312,0.23429264937604372,3648
99,7039367,diff_pearson,一阶差分 Pearson Top-8,channel_dropout_50,通道丢失 50%,0.5733979196945924,0.30385580213177005,3648
99,7039367,spearman,Spearman Top-8,channel_dropout_50,通道丢失 50%,0.5108997178939739,0.22797329416023016,3648
99,7039367,random,随机 Top-8,channel_dropout_50,通道丢失 50%,0.6456223509876701,0.435351723108267,3648
99,7039367,shuffled,打乱原值图,channel_dropout_50,通道丢失 50%,0.6328582211469305,0.37532266032899403,3648
99,7039367,global_mean,零值基线,channel_dropout_50,通道丢失 50%,0.6257789125925189,0.4320533054123779,3648
99,7039367,raw_pearson,原值 Pearson Top-8,rectangle_50,矩形缺失 50%,0.6669078556047146,0.44199053372650743,3672
99,7039367,diff_pearson,一阶差分 Pearson Top-8,rectangle_50,矩形缺失 50%,0.668146626493033,0.47256002142479414,3672
99,7039367,spearman,Spearman Top-8,rectangle_50,矩形缺失 50%,0.6346258357440352,0.4292578457033508,3672
99,7039367,random,随机 Top-8,rectangle_50,矩形缺失 50%,0.7245197954576313,0.5021084515191547,3672
99,7039367,shuffled,打乱原值图,rectangle_50,矩形缺失 50%,0.6738485712238093,0.46195300737279726,3672
99,7039367,global_mean,零值基线,rectangle_50,矩形缺失 50%,0.694129429166362,0.509140503521698,3672
99,7039367,raw_pearson,原值 Pearson Top-8,time_block_50,时间块缺失 50%,0.6830546838336576,0.49727944341512786,3648
99,7039367,diff_pearson,一阶差分 Pearson Top-8,time_block_50,时间块缺失 50%,0.6910869256123778,0.5024798898138199,3648
99,7039367,spearman,Spearman Top-8,time_block_50,时间块缺失 50%,0.6840686037017485,0.49664423800095653,3648
99,7039367,random,随机 Top-8,time_block_50,时间块缺失 50%,0.6974585344527188,0.5098724482438997,3648
99,7039367,shuffled,打乱原值图,time_block_50,时间块缺失 50%,0.7164224686939521,0.5193045377964309,3648
99,7039367,global_mean,零值基线,time_block_50,时间块缺失 50%,0.6801175836997353,0.49406185226853905,3648
100,7050963,raw_pearson,原值 Pearson Top-8,channel_dropout_50,通道丢失 50%,0.6411730747476005,0.3122775913780406,3648
100,7050963,diff_pearson,一阶差分 Pearson Top-8,channel_dropout_50,通道丢失 50%,0.5098416675786718,0.3123615706326834,3648
100,7050963,spearman,Spearman Top-8,channel_dropout_50,通道丢失 50%,0.44313227380131837,0.23935252214722427,3648
100,7050963,random,随机 Top-8,channel_dropout_50,通道丢失 50%,0.6043882654715961,0.3839895645954754,3648
100,7050963,shuffled,打乱原值图,channel_dropout_50,通道丢失 50%,0.5573099738659878,0.3452074585692895,3648
100,7050963,global_mean,零值基线,channel_dropout_50,通道丢失 50%,0.5874789367027268,0.4038043992004851,3648
100,7050963,raw_pearson,原值 Pearson Top-8,rectangle_50,矩形缺失 50%,0.615275073671012,0.37069054218804154,3672
100,7050963,diff_pearson,一阶差分 Pearson Top-8,rectangle_50,矩形缺失 50%,0.5896991206780337,0.35247174606627524,3672
100,7050963,spearman,Spearman Top-8,rectangle_50,矩形缺失 50%,0.5706356745728687,0.3505509794637932,3672
100,7050963,random,随机 Top-8,rectangle_50,矩形缺失 50%,0.6374668939426589,0.4370892262410493,3672
100,7050963,shuffled,打乱原值图,rectangle_50,矩形缺失 50%,0.6542265896323068,0.45126788660926026,3672
100,7050963,global_mean,零值基线,rectangle_50,矩形缺失 50%,0.6543086862812776,0.45070199398095706,3672
100,7050963,raw_pearson,原值 Pearson Top-8,time_block_50,时间块缺失 50%,0.6202551833380463,0.4464244389262609,3648
100,7050963,diff_pearson,一阶差分 Pearson Top-8,time_block_50,时间块缺失 50%,0.6294975054639825,0.4538620089912806,3648
100,7050963,spearman,Spearman Top-8,time_block_50,时间块缺失 50%,0.6192948011535788,0.444704018713365,3648
100,7050963,random,随机 Top-8,time_block_50,时间块缺失 50%,0.6371115031387026,0.4654368673882054,3648
100,7050963,shuffled,打乱原值图,time_block_50,时间块缺失 50%,0.6548116226049272,0.472268396475677,3648
100,7050963,global_mean,零值基线,time_block_50,时间块缺失 50%,0.6178148331530474,0.4437992663471736,3648
101,7062560,raw_pearson,原值 Pearson Top-8,channel_dropout_50,通道丢失 50%,0.5572885344948459,0.3354805095421097,3648
101,7062560,diff_pearson,一阶差分 Pearson Top-8,channel_dropout_50,通道丢失 50%,0.5852650993215911,0.37929160372454335,3648
101,7062560,spearman,Spearman Top-8,channel_dropout_50,通道丢失 50%,0.5564885167865613,0.3352451670283096,3648
101,7062560,random,随机 Top-8,channel_dropout_50,通道丢失 50%,0.6185546012532807,0.4014280699492827,3648
101,7062560,shuffled,打乱原值图,channel_dropout_50,通道丢失 50%,0.7153832801038525,0.5122392578537531,3648
101,7062560,global_mean,零值基线,channel_dropout_50,通道丢失 50%,0.6496010386212744,0.46709037171418905,3648
101,7062560,raw_pearson,原值 Pearson Top-8,rectangle_50,矩形缺失 50%,0.5500906124308678,0.312394206713263,3672
101,7062560,diff_pearson,一阶差分 Pearson Top-8,rectangle_50,矩形缺失 50%,0.5118698019289372,0.3043563715489492,3672
101,7062560,spearman,Spearman Top-8,rectangle_50,矩形缺失 50%,0.5137951237706857,0.30578448304401445,3672
101,7062560,random,随机 Top-8,rectangle_50,矩形缺失 50%,0.6144905700166774,0.42310495238879625,3672
101,7062560,shuffled,打乱原值图,rectangle_50,矩形缺失 50%,0.5848102203369026,0.3685643410933519,3672
101,7062560,global_mean,零值基线,rectangle_50,矩形缺失 50%,0.5899622358454797,0.39438056302287905,3672
101,7062560,raw_pearson,原值 Pearson Top-8,time_block_50,时间块缺失 50%,0.6812396224593861,0.4639282825066561,3648
101,7062560,diff_pearson,一阶差分 Pearson Top-8,time_block_50,时间块缺失 50%,0.6902960768932119,0.47067688006042496,3648
101,7062560,spearman,Spearman Top-8,time_block_50,时间块缺失 50%,0.6847992294040249,0.465585234324841,3648
101,7062560,random,随机 Top-8,time_block_50,时间块缺失 50%,0.6920262905699902,0.47914198352192217,3648
101,7062560,shuffled,打乱原值图,time_block_50,时间块缺失 50%,0.7114422974656865,0.49011485708002483,3648
101,7062560,global_mean,零值基线,time_block_50,时间块缺失 50%,0.681244708976979,0.4629504510203652,3648
102,7074156,raw_pearson,原值 Pearson Top-8,channel_dropout_50,通道丢失 50%,0.5398098585262294,0.33190179267563175,3648
102,7074156,diff_pearson,一阶差分 Pearson Top-8,channel_dropout_50,通道丢失 50%,0.4998228068337118,0.31680167760189615,3648
102,7074156,spearman,Spearman Top-8,channel_dropout_50,通道丢失 50%,0.5778423770201715,0.34918752330484837,3648
102,7074156,random,随机 Top-8,channel_dropout_50,通道丢失 50%,0.6312024546281694,0.40692697344229756,3648
102,7074156,shuffled,打乱原值图,channel_dropout_50,通道丢失 50%,0.6483989032050119,0.43149234614871895,3648
102,7074156,global_mean,零值基线,channel_dropout_50,通道丢失 50%,0.6326994526304835,0.44078113194943097,3648
102,7074156,raw_pearson,原值 Pearson Top-8,rectangle_50,矩形缺失 50%,0.57177019096258,0.3313642125037074,3672
102,7074156,diff_pearson,一阶差分 Pearson Top-8,rectangle_50,矩形缺失 50%,0.6013138977629965,0.3789776521562726,3672
102,7074156,spearman,Spearman Top-8,rectangle_50,矩形缺失 50%,0.5608250335437959,0.3267870049787171,3672
102,7074156,random,随机 Top-8,rectangle_50,矩形缺失 50%,0.6328978220197796,0.4081728812819172,3672
102,7074156,shuffled,打乱原值图,rectangle_50,矩形缺失 50%,0.6102118535390715,0.38693743519055196,3672
102,7074156,global_mean,零值基线,rectangle_50,矩形缺失 50%,0.6129003833371379,0.41174010778916875,3672
102,7074156,raw_pearson,原值 Pearson Top-8,time_block_50,时间块缺失 50%,0.6374589840355572,0.43753369964729893,3648
102,7074156,diff_pearson,一阶差分 Pearson Top-8,time_block_50,时间块缺失 50%,0.6475175485632921,0.44303209646256475,3648
102,7074156,spearman,Spearman Top-8,time_block_50,时间块缺失 50%,0.6414675189608203,0.43876088166725347,3648
102,7074156,random,随机 Top-8,time_block_50,时间块缺失 50%,0.649028705401167,0.4527189770361407,3648
102,7074156,shuffled,打乱原值图,time_block_50,时间块缺失 50%,0.6677200471229907,0.46150166417227717,3648
102,7074156,global_mean,零值基线,time_block_50,时间块缺失 50%,0.6365208666541583,0.43576532505666,3648
103,7085752,raw_pearson,原值 Pearson Top-8,channel_dropout_50,通道丢失 50%,0.6012720516698793,0.3281577701448308,3648
103,7085752,diff_pearson,一阶差分 Pearson Top-8,channel_dropout_50,通道丢失 50%,0.5188097203806669,0.3304304456556004,3648
103,7085752,spearman,Spearman Top-8,channel_dropout_50,通道丢失 50%,0.48823187595777656,0.292001688952998,3648
103,7085752,random,随机 Top-8,channel_dropout_50,通道丢失 50%,0.635733480850416,0.4354916765829333,3648
103,7085752,shuffled,打乱原值图,channel_dropout_50,通道丢失 50%,0.6237778972837343,0.4310668407184448,3648
103,7085752,global_mean,零值基线,channel_dropout_50,通道丢失 50%,0.5991570393436292,0.42379530808613164,3648
103,7085752,raw_pearson,原值 Pearson Top-8,rectangle_50,矩形缺失 50%,0.6031039110233588,0.3890035204643064,3672
103,7085752,diff_pearson,一阶差分 Pearson Top-8,rectangle_50,矩形缺失 50%,0.6034243949765177,0.39898825061682763,3672
103,7085752,spearman,Spearman Top-8,rectangle_50,矩形缺失 50%,0.5982077274427848,0.38147657964332793,3672
103,7085752,random,随机 Top-8,rectangle_50,矩形缺失 50%,0.6504095376827489,0.45702288523156354,3672
103,7085752,shuffled,打乱原值图,rectangle_50,矩形缺失 50%,0.6187539502557571,0.41636813406555684,3672
103,7085752,global_mean,零值基线,rectangle_50,矩形缺失 50%,0.6261510761517173,0.4381340834290337,3672
103,7085752,raw_pearson,原值 Pearson Top-8,time_block_50,时间块缺失 50%,0.5945959772673732,0.41626194211547346,3648
103,7085752,diff_pearson,一阶差分 Pearson Top-8,time_block_50,时间块缺失 50%,0.6049281019143696,0.42409924457312836,3648
103,7085752,spearman,Spearman Top-8,time_block_50,时间块缺失 50%,0.5994209361747456,0.4178380383515348,3648
103,7085752,random,随机 Top-8,time_block_50,时间块缺失 50%,0.607803502117732,0.4330622527163131,3648
103,7085752,shuffled,打乱原值图,time_block_50,时间块缺失 50%,0.6286406427981858,0.4427789791182973,3648
103,7085752,global_mean,零值基线,time_block_50,时间块缺失 50%,0.5946621971548303,0.4147986667590534,3648
104,7097349,raw_pearson,原值 Pearson Top-8,channel_dropout_50,通道丢失 50%,0.5757130708306447,0.3112766964177812,3648
104,7097349,diff_pearson,一阶差分 Pearson Top-8,channel_dropout_50,通道丢失 50%,0.5793121778416173,0.33757983243947215,3648
104,7097349,spearman,Spearman Top-8,channel_dropout_50,通道丢失 50%,0.5902672048319558,0.3103821635360864,3648
104,7097349,random,随机 Top-8,channel_dropout_50,通道丢失 50%,0.6508900747340405,0.4122181084295447,3648
104,7097349,shuffled,打乱原值图,channel_dropout_50,通道丢失 50%,0.6523486760559019,0.41234725514296927,3648
104,7097349,global_mean,零值基线,channel_dropout_50,通道丢失 50%,0.6318033440748895,0.4227506759747038,3648
104,7097349,raw_pearson,原值 Pearson Top-8,rectangle_50,矩形缺失 50%,0.6125470198584569,0.3553474318700219,3672
104,7097349,diff_pearson,一阶差分 Pearson Top-8,rectangle_50,矩形缺失 50%,0.5906346486878254,0.37979500537577277,3672
104,7097349,spearman,Spearman Top-8,rectangle_50,矩形缺失 50%,0.5732199106326807,0.33829384928219186,3672
104,7097349,random,随机 Top-8,rectangle_50,矩形缺失 50%,0.6349250488227789,0.42443699991149986,3672
104,7097349,shuffled,打乱原值图,rectangle_50,矩形缺失 50%,0.661369017968031,0.44656123251726004,3672
104,7097349,global_mean,零值基线,rectangle_50,矩形缺失 50%,0.6287299140497905,0.4124774128589972,3672
104,7097349,raw_pearson,原值 Pearson Top-8,time_block_50,时间块缺失 50%,0.5996950292404919,0.4048774600232918,3648
104,7097349,diff_pearson,一阶差分 Pearson Top-8,time_block_50,时间块缺失 50%,0.606163479564875,0.4081163860411277,3648
104,7097349,spearman,Spearman Top-8,time_block_50,时间块缺失 50%,0.5990799103970268,0.4031512515363865,3648
104,7097349,random,随机 Top-8,time_block_50,时间块缺失 50%,0.611318347542533,0.4205265371211666,3648
104,7097349,shuffled,打乱原值图,time_block_50,时间块缺失 50%,0.6303627144661845,0.43064481766651985,3648
104,7097349,global_mean,零值基线,time_block_50,时间块缺失 50%,0.5967798933773028,0.4013591111922021,3648
105,7108945,raw_pearson,原值 Pearson Top-8,channel_dropout_50,通道丢失 50%,0.5310163112659915,0.28422971811432063,3648
105,7108945,diff_pearson,一阶差分 Pearson Top-8,channel_dropout_50,通道丢失 50%,0.5114837229633666,0.2932417213227032,3648
105,7108945,spearman,Spearman Top-8,channel_dropout_50,通道丢失 50%,0.5019904610723369,0.2717792405220241,3648
105,7108945,random,随机 Top-8,channel_dropout_50,通道丢失 50%,0.6487890788844097,0.4351236556169218,3648
105,7108945,shuffled,打乱原值图,channel_dropout_50,通道丢失 50%,0.5863565621421106,0.37473462977293975,3648
105,7108945,global_mean,零值基线,channel_dropout_50,通道丢失 50%,0.5834958794360122,0.37314912978482634,3648
105,7108945,raw_pearson,原值 Pearson Top-8,rectangle_50,矩形缺失 50%,0.6556514884234899,0.3844949392884281,3672
105,7108945,diff_pearson,一阶差分 Pearson Top-8,rectangle_50,矩形缺失 50%,0.6420753528605244,0.4056492498442255,3672
105,7108945,spearman,Spearman Top-8,rectangle_50,矩形缺失 50%,0.6115715194326681,0.3683838589392142,3672
105,7108945,random,随机 Top-8,rectangle_50,矩形缺失 50%,0.6357714815525487,0.42155794026449334,3672
105,7108945,shuffled,打乱原值图,rectangle_50,矩形缺失 50%,0.6874184245808016,0.4729230587406842,3672
105,7108945,global_mean,零值基线,rectangle_50,矩形缺失 50%,0.6274536647896671,0.40866245301366805,3672
105,7108945,raw_pearson,原值 Pearson Top-8,time_block_50,时间块缺失 50%,0.598841573372542,0.38511455276751905,3648
105,7108945,diff_pearson,一阶差分 Pearson Top-8,time_block_50,时间块缺失 50%,0.6061111082561356,0.39109574036338673,3648
105,7108945,spearman,Spearman Top-8,time_block_50,时间块缺失 50%,0.6016819673383894,0.3845954065295956,3648
105,7108945,random,随机 Top-8,time_block_50,时间块缺失 50%,0.6093175557508228,0.40583758763143263,3648
105,7108945,shuffled,打乱原值图,time_block_50,时间块缺失 50%,0.6279340559285926,0.411469653155409,3648
105,7108945,global_mean,零值基线,time_block_50,时间块缺失 50%,0.5967133553768953,0.38186325311205127,3648
106,7120542,raw_pearson,原值 Pearson Top-8,channel_dropout_50,通道丢失 50%,0.7535099913102893,0.3213190078839979,3648
106,7120542,diff_pearson,一阶差分 Pearson Top-8,channel_dropout_50,通道丢失 50%,0.7537500971436835,0.3423218841275555,3648
106,7120542,spearman,Spearman Top-8,channel_dropout_50,通道丢失 50%,0.7535995386540828,0.31905078374043844,3648
106,7120542,random,随机 Top-8,channel_dropout_50,通道丢失 50%,0.8298330787215178,0.4378453147220676,3648
106,7120542,shuffled,打乱原值图,channel_dropout_50,通道丢失 50%,0.8181116548130527,0.42988734891819524,3648
106,7120542,global_mean,零值基线,channel_dropout_50,通道丢失 50%,0.7941684662006154,0.41066556777678,3648
106,7120542,raw_pearson,原值 Pearson Top-8,rectangle_50,矩形缺失 50%,0.596401997138574,0.34418915556087565,3672
106,7120542,diff_pearson,一阶差分 Pearson Top-8,rectangle_50,矩形缺失 50%,0.5536059350881627,0.3366872655811521,3672
106,7120542,spearman,Spearman Top-8,rectangle_50,矩形缺失 50%,0.5322952123048601,0.313788912734895,3672
106,7120542,random,随机 Top-8,rectangle_50,矩形缺失 50%,0.6047720424052259,0.4026196395806401,3672
106,7120542,shuffled,打乱原值图,rectangle_50,矩形缺失 50%,0.6205832426294795,0.4147387367422198,3672
106,7120542,global_mean,零值基线,rectangle_50,矩形缺失 50%,0.5849547041113583,0.3853636703592447,3672
106,7120542,raw_pearson,原值 Pearson Top-8,time_block_50,时间块缺失 50%,0.5865001400526375,0.3935380955097135,3648
106,7120542,diff_pearson,一阶差分 Pearson Top-8,time_block_50,时间块缺失 50%,0.5943760720360832,0.39978753065812755,3648
106,7120542,spearman,Spearman Top-8,time_block_50,时间块缺失 50%,0.5890220202018764,0.3931482251470973,3648
106,7120542,random,随机 Top-8,time_block_50,时间块缺失 50%,0.5970582958268511,0.41185253599420246,3648
106,7120542,shuffled,打乱原值图,time_block_50,时间块缺失 50%,0.616634271893725,0.42166303726632326,3648
106,7120542,global_mean,零值基线,time_block_50,时间块缺失 50%,0.584979049760733,0.3909939278470726,3648
107,7132138,raw_pearson,原值 Pearson Top-8,channel_dropout_50,通道丢失 50%,0.5705934789930035,0.3308159537121455,3648
107,7132138,diff_pearson,一阶差分 Pearson Top-8,channel_dropout_50,通道丢失 50%,0.6036932310338071,0.363564650871126,3648
107,7132138,spearman,Spearman Top-8,channel_dropout_50,通道丢失 50%,0.5637684213219954,0.3302669109335028,3648
107,7132138,random,随机 Top-8,channel_dropout_50,通道丢失 50%,0.6005528050622845,0.38417301615963745,3648
107,7132138,shuffled,打乱原值图,channel_dropout_50,通道丢失 50%,0.602730043921135,0.4067717440814279,3648
107,7132138,global_mean,零值基线,channel_dropout_50,通道丢失 50%,0.5656612161952314,0.38879827237963727,3648
107,7132138,raw_pearson,原值 Pearson Top-8,rectangle_50,矩形缺失 50%,0.48461572708089495,0.28740980472236954,3672
107,7132138,diff_pearson,一阶差分 Pearson Top-8,rectangle_50,矩形缺失 50%,0.47888664045915125,0.2804146930077297,3672
107,7132138,spearman,Spearman Top-8,rectangle_50,矩形缺失 50%,0.4852736818323841,0.28830026279477766,3672
107,7132138,random,随机 Top-8,rectangle_50,矩形缺失 50%,0.5632274994039967,0.35920824932907913,3672
107,7132138,shuffled,打乱原值图,rectangle_50,矩形缺失 50%,0.5406141565453993,0.3461933035728926,3672
107,7132138,global_mean,零值基线,rectangle_50,矩形缺失 50%,0.5146351907138456,0.3209406159233314,3672
107,7132138,raw_pearson,原值 Pearson Top-8,time_block_50,时间块缺失 50%,0.5508456601840729,0.36821538169832796,3648
107,7132138,diff_pearson,一阶差分 Pearson Top-8,time_block_50,时间块缺失 50%,0.5577899806697421,0.3728644303545403,3648
107,7132138,spearman,Spearman Top-8,time_block_50,时间块缺失 50%,0.5512700361545217,0.36691251783873335,3648
107,7132138,random,随机 Top-8,time_block_50,时间块缺失 50%,0.5617060593281294,0.38592392167977985,3648
107,7132138,shuffled,打乱原值图,time_block_50,时间块缺失 50%,0.5815273281897667,0.3952485758761033,3648
107,7132138,global_mean,零值基线,time_block_50,时间块缺失 50%,0.5487578326959555,0.3652493369957148,3648
108,7143734,raw_pearson,原值 Pearson Top-8,channel_dropout_50,通道丢失 50%,0.503022519090097,0.2450302148244406,3648
108,7143734,diff_pearson,一阶差分 Pearson Top-8,channel_dropout_50,通道丢失 50%,0.5159181593893123,0.27351257151416364,3648
108,7143734,spearman,Spearman Top-8,channel_dropout_50,通道丢失 50%,0.5451838059910187,0.2670948087979416,3648
108,7143734,random,随机 Top-8,channel_dropout_50,通道丢失 50%,0.6065076257111539,0.3480155341260617,3648
108,7143734,shuffled,打乱原值图,channel_dropout_50,通道丢失 50%,0.6222599791509041,0.3534640326527316,3648
108,7143734,global_mean,零值基线,channel_dropout_50,通道丢失 50%,0.5897596306606191,0.3486702882429726,3648
108,7143734,raw_pearson,原值 Pearson Top-8,rectangle_50,矩形缺失 50%,0.5532872527370785,0.3356914180357041,3672
108,7143734,diff_pearson,一阶差分 Pearson Top-8,rectangle_50,矩形缺失 50%,0.553591561250455,0.3357410231718307,3672
108,7143734,spearman,Spearman Top-8,rectangle_50,矩形缺失 50%,0.5531734869671696,0.33541198981753195,3672
108,7143734,random,随机 Top-8,rectangle_50,矩形缺失 50%,0.6105015602058345,0.39974999037243386,3672
108,7143734,shuffled,打乱原值图,rectangle_50,矩形缺失 50%,0.6312253656729319,0.40961655256366986,3672
108,7143734,global_mean,零值基线,rectangle_50,矩形缺失 50%,0.5913627289419051,0.38502914596943505,3672
108,7143734,raw_pearson,原值 Pearson Top-8,time_block_50,时间块缺失 50%,0.602307946288719,0.38700342180472036,3648
108,7143734,diff_pearson,一阶差分 Pearson Top-8,time_block_50,时间块缺失 50%,0.6114123443647421,0.39542311938962516,3648
108,7143734,spearman,Spearman Top-8,time_block_50,时间块缺失 50%,0.605709821520516,0.3868783746445494,3648
108,7143734,random,随机 Top-8,time_block_50,时间块缺失 50%,0.6135358652989904,0.4073666112627393,3648
108,7143734,shuffled,打乱原值图,time_block_50,时间块缺失 50%,0.6285304303440132,0.41330980247626475,3648
108,7143734,global_mean,零值基线,time_block_50,时间块缺失 50%,0.602548395807913,0.3851840220195778,3648
109,7155331,raw_pearson,原值 Pearson Top-8,channel_dropout_50,通道丢失 50%,0.36986649101905383,0.18532309129467125,3648
109,7155331,diff_pearson,一阶差分 Pearson Top-8,channel_dropout_50,通道丢失 50%,0.3995580594328363,0.22505574061865277,3648
109,7155331,spearman,Spearman Top-8,channel_dropout_50,通道丢失 50%,0.3676278571256209,0.1831014040148372,3648
109,7155331,random,随机 Top-8,channel_dropout_50,通道丢失 50%,0.5177452714685273,0.32509864686438833,3648
109,7155331,shuffled,打乱原值图,channel_dropout_50,通道丢失 50%,0.5527635912181456,0.3195290223111477,3648
109,7155331,global_mean,零值基线,channel_dropout_50,通道丢失 50%,0.4858137716069182,0.2844476179378258,3648
109,7155331,raw_pearson,原值 Pearson Top-8,rectangle_50,矩形缺失 50%,0.6580668604688726,0.3950632707657339,3672
109,7155331,diff_pearson,一阶差分 Pearson Top-8,rectangle_50,矩形缺失 50%,0.653590320852793,0.42292629544908406,3672
109,7155331,spearman,Spearman Top-8,rectangle_50,矩形缺失 50%,0.6310635731091507,0.3835638567135509,3672
109,7155331,random,随机 Top-8,rectangle_50,矩形缺失 50%,0.6676020539168748,0.46388767233949463,3672
109,7155331,shuffled,打乱原值图,rectangle_50,矩形缺失 50%,0.675594357013791,0.4481583018382298,3672
109,7155331,global_mean,零值基线,rectangle_50,矩形缺失 50%,0.6542653908065792,0.4360644816296449,3672
109,7155331,raw_pearson,原值 Pearson Top-8,time_block_50,时间块缺失 50%,0.5845949554051687,0.382274081364255,3648
109,7155331,diff_pearson,一阶差分 Pearson Top-8,time_block_50,时间块缺失 50%,0.5946775236465973,0.3914530544982098,3648
109,7155331,spearman,Spearman Top-8,time_block_50,时间块缺失 50%,0.5903095251295692,0.3837037794352698,3648
109,7155331,random,随机 Top-8,time_block_50,时间块缺失 50%,0.5932561338434441,0.4024343208856831,3648
109,7155331,shuffled,打乱原值图,time_block_50,时间块缺失 50%,0.6105453340386005,0.41198262763091986,3648
109,7155331,global_mean,零值基线,time_block_50,时间块缺失 50%,0.5857610489783158,0.3817051001793643,3648
110,7166927,raw_pearson,原值 Pearson Top-8,channel_dropout_50,通道丢失 50%,0.7350024963751652,0.4245029119565334,3648
110,7166927,diff_pearson,一阶差分 Pearson Top-8,channel_dropout_50,通道丢失 50%,0.5912687957278898,0.366483569023642,3648
110,7166927,spearman,Spearman Top-8,channel_dropout_50,通道丢失 50%,0.597547599375003,0.36693161260939805,3648
110,7166927,random,随机 Top-8,channel_dropout_50,通道丢失 50%,0.7040768047831234,0.4892767406904766,3648
110,7166927,shuffled,打乱原值图,channel_dropout_50,通道丢失 50%,0.6956244026430605,0.48181104200044544,3648
110,7166927,global_mean,零值基线,channel_dropout_50,通道丢失 50%,0.6630985934034698,0.46347205353422877,3648
110,7166927,raw_pearson,原值 Pearson Top-8,rectangle_50,矩形缺失 50%,0.5311559902914954,0.3161615477460444,3672
110,7166927,diff_pearson,一阶差分 Pearson Top-8,rectangle_50,矩形缺失 50%,0.5009850053311776,0.30470134233882423,3672
110,7166927,spearman,Spearman Top-8,rectangle_50,矩形缺失 50%,0.49085492226649624,0.29685011447962006,3672
110,7166927,random,随机 Top-8,rectangle_50,矩形缺失 50%,0.5534723031630231,0.37170687166390093,3672
110,7166927,shuffled,打乱原值图,rectangle_50,矩形缺失 50%,0.5900873186131996,0.382485067802885,3672
110,7166927,global_mean,零值基线,rectangle_50,矩形缺失 50%,0.5430506776227144,0.3523471492309933,3672
110,7166927,raw_pearson,原值 Pearson Top-8,time_block_50,时间块缺失 50%,0.5750795318016103,0.3709167510405884,3648
110,7166927,diff_pearson,一阶差分 Pearson Top-8,time_block_50,时间块缺失 50%,0.5841303726191441,0.3792019659780288,3648
110,7166927,spearman,Spearman Top-8,time_block_50,时间块缺失 50%,0.5812744918815899,0.3725392714114291,3648
110,7166927,random,随机 Top-8,time_block_50,时间块缺失 50%,0.5808462249921486,0.39261016154597317,3648
110,7166927,shuffled,打乱原值图,time_block_50,时间块缺失 50%,0.6008834396798609,0.39949440175940465,3648
110,7166927,global_mean,零值基线,time_block_50,时间块缺失 50%,0.5754507426962527,0.36949169796148534,3648
111,7178523,raw_pearson,原值 Pearson Top-8,channel_dropout_50,通道丢失 50%,0.6113495078438606,0.3579636736073539,3648
111,7178523,diff_pearson,一阶差分 Pearson Top-8,channel_dropout_50,通道丢失 50%,0.6353586825602059,0.40714368719176575,3648
111,7178523,spearman,Spearman Top-8,channel_dropout_50,通道丢失 50%,0.6038588429985682,0.3523538585729742,3648
111,7178523,random,随机 Top-8,channel_dropout_50,通道丢失 50%,0.672320193049804,0.4672567877708047,3648
111,7178523,shuffled,打乱原值图,channel_dropout_50,通道丢失 50%,0.6788528274334663,0.4366818933706366,3648
111,7178523,global_mean,零值基线,channel_dropout_50,通道丢失 50%,0.6527301104115598,0.43443268380398975,3648
111,7178523,raw_pearson,原值 Pearson Top-8,rectangle_50,矩形缺失 50%,0.5654243438799939,0.320157765129009,3672
111,7178523,diff_pearson,一阶差分 Pearson Top-8,rectangle_50,矩形缺失 50%,0.5623154175323536,0.34792404732927606,3672
111,7178523,spearman,Spearman Top-8,rectangle_50,矩形缺失 50%,0.5558723094835697,0.31146927981685046,3672
111,7178523,random,随机 Top-8,rectangle_50,矩形缺失 50%,0.5925735749674076,0.383929296042888,3672
111,7178523,shuffled,打乱原值图,rectangle_50,矩形缺失 50%,0.6033450917506937,0.39445619231258106,3672
111,7178523,global_mean,零值基线,rectangle_50,矩形缺失 50%,0.5937302645833578,0.3796638274532058,3672
111,7178523,raw_pearson,原值 Pearson Top-8,time_block_50,时间块缺失 50%,0.5937891037819433,0.3788307774010977,3648
111,7178523,diff_pearson,一阶差分 Pearson Top-8,time_block_50,时间块缺失 50%,0.6023484746169095,0.3872727015204963,3648
111,7178523,spearman,Spearman Top-8,time_block_50,时间块缺失 50%,0.5997265075780543,0.38022071593549417,3648
111,7178523,random,随机 Top-8,time_block_50,时间块缺失 50%,0.6008294184582362,0.39912905578642144,3648
111,7178523,shuffled,打乱原值图,time_block_50,时间块缺失 50%,0.6168128021839251,0.40583847722210653,3648
111,7178523,global_mean,零值基线,time_block_50,时间块缺失 50%,0.5936940583894978,0.37695677710043557,3648
112,7190120,raw_pearson,原值 Pearson Top-8,channel_dropout_50,通道丢失 50%,0.3470509058617578,0.18832928093889068,3648
112,7190120,diff_pearson,一阶差分 Pearson Top-8,channel_dropout_50,通道丢失 50%,0.36880230830767924,0.18496311173597701,3648
112,7190120,spearman,Spearman Top-8,channel_dropout_50,通道丢失 50%,0.34658065188524406,0.18572105631788716,3648
112,7190120,random,随机 Top-8,channel_dropout_50,通道丢失 50%,0.5432509537959653,0.34763310537799336,3648
112,7190120,shuffled,打乱原值图,channel_dropout_50,通道丢失 50%,0.5234972929676709,0.3251286742437087,3648
112,7190120,global_mean,零值基线,channel_dropout_50,通道丢失 50%,0.5003631333973859,0.3161487803329995,3648
112,7190120,raw_pearson,原值 Pearson Top-8,rectangle_50,矩形缺失 50%,0.5346336612010295,0.33017622778973144,3672
112,7190120,diff_pearson,一阶差分 Pearson Top-8,rectangle_50,矩形缺失 50%,0.5275094569177735,0.3358277578636574,3672
112,7190120,spearman,Spearman Top-8,rectangle_50,矩形缺失 50%,0.5295067502603874,0.3250245401988612,3672
112,7190120,random,随机 Top-8,rectangle_50,矩形缺失 50%,0.570623781911315,0.37928348417246427,3672
112,7190120,shuffled,打乱原值图,rectangle_50,矩形缺失 50%,0.6047724898377554,0.41847953649610703,3672
112,7190120,global_mean,零值基线,rectangle_50,矩形缺失 50%,0.5648783222586075,0.3778344993483354,3672
112,7190120,raw_pearson,原值 Pearson Top-8,time_block_50,时间块缺失 50%,0.5867719108862309,0.3866091033462974,3648
112,7190120,diff_pearson,一阶差分 Pearson Top-8,time_block_50,时间块缺失 50%,0.5958132798450316,0.3951764480938523,3648
112,7190120,spearman,Spearman Top-8,time_block_50,时间块缺失 50%,0.5927251667606269,0.38916696597605827,3648
112,7190120,random,随机 Top-8,time_block_50,时间块缺失 50%,0.5943618726284885,0.40816075307987526,3648
112,7190120,shuffled,打乱原值图,time_block_50,时间块缺失 50%,0.6109762040001476,0.4168475808751527,3648
112,7190120,global_mean,零值基线,time_block_50,时间块缺失 50%,0.5884274311778865,0.3869238841370724,3648
113,7201716,raw_pearson,原值 Pearson Top-8,channel_dropout_50,通道丢失 50%,0.5338875724730867,0.27520076444602976,3648
113,7201716,diff_pearson,一阶差分 Pearson Top-8,channel_dropout_50,通道丢失 50%,0.5368967586745347,0.3326517338695529,3648
113,7201716,spearman,Spearman Top-8,channel_dropout_50,通道丢失 50%,0.5183812641926473,0.2797207458323832,3648
113,7201716,random,随机 Top-8,channel_dropout_50,通道丢失 50%,0.6484273581606221,0.4369276231258489,3648
113,7201716,shuffled,打乱原值图,channel_dropout_50,通道丢失 50%,0.6438551867764492,0.4338017432752182,3648
113,7201716,global_mean,零值基线,channel_dropout_50,通道丢失 50%,0.600634334358,0.4060025345957879,3648
113,7201716,raw_pearson,原值 Pearson Top-8,rectangle_50,矩形缺失 50%,0.5620548868432359,0.3276408365445121,3672
113,7201716,diff_pearson,一阶差分 Pearson Top-8,rectangle_50,矩形缺失 50%,0.582459662093593,0.3494765564186286,3672
113,7201716,spearman,Spearman Top-8,rectangle_50,矩形缺失 50%,0.5846508513510077,0.33132001413523254,3672
113,7201716,random,随机 Top-8,rectangle_50,矩形缺失 50%,0.609057136284306,0.38348115124447874,3672
113,7201716,shuffled,打乱原值图,rectangle_50,矩形缺失 50%,0.6110056106821931,0.38798708502547985,3672
113,7201716,global_mean,零值基线,rectangle_50,矩形缺失 50%,0.6003360735996172,0.3806382477618021,3672
113,7201716,raw_pearson,原值 Pearson Top-8,time_block_50,时间块缺失 50%,0.5680883461850457,0.38445830324703695,3648
113,7201716,diff_pearson,一阶差分 Pearson Top-8,time_block_50,时间块缺失 50%,0.5765829954133026,0.3932473833028618,3648
113,7201716,spearman,Spearman Top-8,time_block_50,时间块缺失 50%,0.5744438760434362,0.38654660090062737,3648
113,7201716,random,随机 Top-8,time_block_50,时间块缺失 50%,0.5726118662680076,0.39825921162198347,3648
113,7201716,shuffled,打乱原值图,time_block_50,时间块缺失 50%,0.5914062399973667,0.4074801566334104,3648
113,7201716,global_mean,零值基线,time_block_50,时间块缺失 50%,0.5689978023269253,0.3842134884988123,3648
114,7213312,raw_pearson,原值 Pearson Top-8,channel_dropout_50,通道丢失 50%,0.5572188342941273,0.30503507889961823,3648
114,7213312,diff_pearson,一阶差分 Pearson Top-8,channel_dropout_50,通道丢失 50%,0.5807595211415892,0.33724981263371295,3648
114,7213312,spearman,Spearman Top-8,channel_dropout_50,通道丢失 50%,0.5536730423173611,0.2974157211861909,3648
114,7213312,random,随机 Top-8,channel_dropout_50,通道丢失 50%,0.6504320240741783,0.41657555390280526,3648
114,7213312,shuffled,打乱原值图,channel_dropout_50,通道丢失 50%,0.6405891120500683,0.40172004559788216,3648
114,7213312,global_mean,零值基线,channel_dropout_50,通道丢失 50%,0.6161812158680499,0.4033444114801042,3648
114,7213312,raw_pearson,原值 Pearson Top-8,rectangle_50,矩形缺失 50%,0.6167997300442455,0.39168698267704366,3672
114,7213312,diff_pearson,一阶差分 Pearson Top-8,rectangle_50,矩形缺失 50%,0.6297083919949154,0.41096601198848076,3672
114,7213312,spearman,Spearman Top-8,rectangle_50,矩形缺失 50%,0.6216420350376163,0.3951984088525187,3672
114,7213312,random,随机 Top-8,rectangle_50,矩形缺失 50%,0.6519298861541002,0.43993912498085835,3672
114,7213312,shuffled,打乱原值图,rectangle_50,矩形缺失 50%,0.6590171252318908,0.4459169627515212,3672
114,7213312,global_mean,零值基线,rectangle_50,矩形缺失 50%,0.6388380907801231,0.42477302323215976,3672
114,7213312,raw_pearson,原值 Pearson Top-8,time_block_50,时间块缺失 50%,0.635163781375398,0.39925960715644004,3648
114,7213312,diff_pearson,一阶差分 Pearson Top-8,time_block_50,时间块缺失 50%,0.642170448605201,0.40726018689136834,3648
114,7213312,spearman,Spearman Top-8,time_block_50,时间块缺失 50%,0.640771139776196,0.4021622607820976,3648
114,7213312,random,随机 Top-8,time_block_50,时间块缺失 50%,0.6397906052866912,0.41077254951256914,3648
114,7213312,shuffled,打乱原值图,time_block_50,时间块缺失 50%,0.6541045796851933,0.41894531418794,3648
114,7213312,global_mean,零值基线,time_block_50,时间块缺失 50%,0.6358741701751529,0.3991468317974802,3648
115,7224909,raw_pearson,原值 Pearson Top-8,channel_dropout_50,通道丢失 50%,0.9762699514245937,0.43403293279311067,3648
115,7224909,diff_pearson,一阶差分 Pearson Top-8,channel_dropout_50,通道丢失 50%,0.9606788731614051,0.4513788595131239,3648
115,7224909,spearman,Spearman Top-8,channel_dropout_50,通道丢失 50%,0.959777428972804,0.4253237156669565,3648
115,7224909,random,随机 Top-8,channel_dropout_50,通道丢失 50%,0.6838363835038086,0.45516642378970235,3648
115,7224909,shuffled,打乱原值图,channel_dropout_50,通道丢失 50%,0.9965523785416882,0.5325165668526534,3648
115,7224909,global_mean,零值基线,channel_dropout_50,通道丢失 50%,0.6751533107184101,0.4500999250147671,3648
115,7224909,raw_pearson,原值 Pearson Top-8,rectangle_50,矩形缺失 50%,0.7471125484937955,0.36654952766207083,3672
115,7224909,diff_pearson,一阶差分 Pearson Top-8,rectangle_50,矩形缺失 50%,0.6932944855472102,0.35156398940149475,3672
115,7224909,spearman,Spearman Top-8,rectangle_50,矩形缺失 50%,0.6919101168342284,0.34349515584031015,3672
115,7224909,random,随机 Top-8,rectangle_50,矩形缺失 50%,0.7622162726337521,0.42290351512736285,3672
115,7224909,shuffled,打乱原值图,rectangle_50,矩形缺失 50%,0.7402485229809005,0.40045831835849877,3672
115,7224909,global_mean,零值基线,rectangle_50,矩形缺失 50%,0.7404901792509352,0.40583917635267586,3672
115,7224909,raw_pearson,原值 Pearson Top-8,time_block_50,时间块缺失 50%,0.7608205794834615,0.4235194372383555,3648
115,7224909,diff_pearson,一阶差分 Pearson Top-8,time_block_50,时间块缺失 50%,0.7660694374499266,0.4302917396894743,3648
115,7224909,spearman,Spearman Top-8,time_block_50,时间块缺失 50%,0.7628665045490802,0.4257566294375934,3648
115,7224909,random,随机 Top-8,time_block_50,时间块缺失 50%,0.763895670958194,0.44344378221230224,3648
115,7224909,shuffled,打乱原值图,time_block_50,时间块缺失 50%,0.7780466189649643,0.4541313251012821,3648
115,7224909,global_mean,零值基线,time_block_50,时间块缺失 50%,0.7618408233397591,0.42504197461023485,3648
116,7236505,raw_pearson,原值 Pearson Top-8,channel_dropout_50,通道丢失 50%,0.5168578673585215,0.2987222753984325,3648
116,7236505,diff_pearson,一阶差分 Pearson Top-8,channel_dropout_50,通道丢失 50%,0.5685524985317545,0.36904168062245524,3648
116,7236505,spearman,Spearman Top-8,channel_dropout_50,通道丢失 50%,0.506387999435315,0.29447244410573625,3648
116,7236505,random,随机 Top-8,channel_dropout_50,通道丢失 50%,0.6428833888707669,0.4666188964625252,3648
116,7236505,shuffled,打乱原值图,channel_dropout_50,通道丢失 50%,0.630296235278693,0.4180116545534302,3648
116,7236505,global_mean,零值基线,channel_dropout_50,通道丢失 50%,0.6374217715159191,0.46047259995257744,3648
116,7236505,raw_pearson,原值 Pearson Top-8,rectangle_50,矩形缺失 50%,0.5519267866371725,0.3256705206565046,3672
116,7236505,diff_pearson,一阶差分 Pearson Top-8,rectangle_50,矩形缺失 50%,0.5437728877174577,0.34856274838362417,3672
116,7236505,spearman,Spearman Top-8,rectangle_50,矩形缺失 50%,0.546639543241527,0.32456590644524635,3672
116,7236505,random,随机 Top-8,rectangle_50,矩形缺失 50%,0.643563933324122,0.4527696121745761,3672
116,7236505,shuffled,打乱原值图,rectangle_50,矩形缺失 50%,0.6138818366413861,0.41118954212533,3672
116,7236505,global_mean,零值基线,rectangle_50,矩形缺失 50%,0.5977275739108262,0.40884094035557617,3672
116,7236505,raw_pearson,原值 Pearson Top-8,time_block_50,时间块缺失 50%,0.5992786191727473,0.4158198670721316,3648
116,7236505,diff_pearson,一阶差分 Pearson Top-8,time_block_50,时间块缺失 50%,0.6043331744842594,0.42284512612208724,3648
116,7236505,spearman,Spearman Top-8,time_block_50,时间块缺失 50%,0.6036146284778805,0.41775817883949634,3648
116,7236505,random,随机 Top-8,time_block_50,时间块缺失 50%,0.6009998187972361,0.42534677372379487,3648
116,7236505,shuffled,打乱原值图,time_block_50,时间块缺失 50%,0.6182670230173455,0.43600811447966603,3648
116,7236505,global_mean,零值基线,time_block_50,时间块缺失 50%,0.5985479993600745,0.4153200481578894,3648
117,7248101,raw_pearson,原值 Pearson Top-8,channel_dropout_50,通道丢失 50%,0.538798078453553,0.3027913921395029,3648
117,7248101,diff_pearson,一阶差分 Pearson Top-8,channel_dropout_50,通道丢失 50%,0.5850525575661727,0.36493189100274015,3648
117,7248101,spearman,Spearman Top-8,channel_dropout_50,通道丢失 50%,0.5364907297707311,0.29661058278755187,3648
117,7248101,random,随机 Top-8,channel_dropout_50,通道丢失 50%,0.5876147496352503,0.3723095505938352,3648
117,7248101,shuffled,打乱原值图,channel_dropout_50,通道丢失 50%,0.5947727164359311,0.3703642203179867,3648
117,7248101,global_mean,零值基线,channel_dropout_50,通道丢失 50%,0.5714690818259375,0.3511504506262562,3648
117,7248101,raw_pearson,原值 Pearson Top-8,rectangle_50,矩形缺失 50%,0.5355432536420867,0.3306566890451048,3672
117,7248101,diff_pearson,一阶差分 Pearson Top-8,rectangle_50,矩形缺失 50%,0.5527787533539646,0.3341620337720717,3672
117,7248101,spearman,Spearman Top-8,rectangle_50,矩形缺失 50%,0.5611740666159034,0.3429220876896385,3672
117,7248101,random,随机 Top-8,rectangle_50,矩形缺失 50%,0.5723427834439468,0.35673529990310554,3672
117,7248101,shuffled,打乱原值图,rectangle_50,矩形缺失 50%,0.6352647975854738,0.4255677292276888,3672
117,7248101,global_mean,零值基线,rectangle_50,矩形缺失 50%,0.5947315080379626,0.39410325928626955,3672
117,7248101,raw_pearson,原值 Pearson Top-8,time_block_50,时间块缺失 50%,0.6121514646357672,0.4089247124698599,3648
117,7248101,diff_pearson,一阶差分 Pearson Top-8,time_block_50,时间块缺失 50%,0.6186701359078082,0.4152171177281118,3648
117,7248101,spearman,Spearman Top-8,time_block_50,时间块缺失 50%,0.6182547992560068,0.41217218615884577,3648
117,7248101,random,随机 Top-8,time_block_50,时间块缺失 50%,0.6163896575442906,0.41545613050468677,3648
117,7248101,shuffled,打乱原值图,time_block_50,时间块缺失 50%,0.6304296595813604,0.4217764775346364,3648
117,7248101,global_mean,零值基线,time_block_50,时间块缺失 50%,0.6120361571853277,0.4095618174973616,3648
118,7259698,raw_pearson,原值 Pearson Top-8,channel_dropout_50,通道丢失 50%,0.6111052273615657,0.3165992666046543,3648
118,7259698,diff_pearson,一阶差分 Pearson Top-8,channel_dropout_50,通道丢失 50%,0.6152905065103431,0.33730715271885814,3648
118,7259698,spearman,Spearman Top-8,channel_dropout_50,通道丢失 50%,0.5947670282427409,0.30503835736763807,3648
118,7259698,random,随机 Top-8,channel_dropout_50,通道丢失 50%,0.5677405439419104,0.3428985379054199,3648
118,7259698,shuffled,打乱原值图,channel_dropout_50,通道丢失 50%,0.6528571466584004,0.42838397053967453,3648
118,7259698,global_mean,零值基线,channel_dropout_50,通道丢失 50%,0.6164784945800487,0.40127262722974893,3648
118,7259698,raw_pearson,原值 Pearson Top-8,rectangle_50,矩形缺失 50%,0.5156533048327938,0.29447930975206255,3672
118,7259698,diff_pearson,一阶差分 Pearson Top-8,rectangle_50,矩形缺失 50%,0.5293665845122686,0.3083286982369766,3672
118,7259698,spearman,Spearman Top-8,rectangle_50,矩形缺失 50%,0.4973863483336126,0.2764006930141932,3672
118,7259698,random,随机 Top-8,rectangle_50,矩形缺失 50%,0.5563272319969809,0.36071258276833135,3672
118,7259698,shuffled,打乱原值图,rectangle_50,矩形缺失 50%,0.6037181349377307,0.39512829195431143,3672
118,7259698,global_mean,零值基线,rectangle_50,矩形缺失 50%,0.5782403719752205,0.3696898162758091,3672
118,7259698,raw_pearson,原值 Pearson Top-8,time_block_50,时间块缺失 50%,0.5806250505651135,0.3850907851125458,3648
118,7259698,diff_pearson,一阶差分 Pearson Top-8,time_block_50,时间块缺失 50%,0.5878321532348353,0.39021300947240695,3648
118,7259698,spearman,Spearman Top-8,time_block_50,时间块缺失 50%,0.5814153541338507,0.3865132279381726,3648
118,7259698,random,随机 Top-8,time_block_50,时间块缺失 50%,0.5902490691575483,0.39475572203190507,3648
118,7259698,shuffled,打乱原值图,time_block_50,时间块缺失 50%,0.6008525150636177,0.4006989781754323,3648
118,7259698,global_mean,零值基线,time_block_50,时间块缺失 50%,0.5812066907147575,0.38617656242219883,3648
119,7271294,raw_pearson,原值 Pearson Top-8,channel_dropout_50,通道丢失 50%,0.5587857984179226,0.35728891690865394,3648
119,7271294,diff_pearson,一阶差分 Pearson Top-8,channel_dropout_50,通道丢失 50%,0.5511397313780149,0.37548668228959037,3648
119,7271294,spearman,Spearman Top-8,channel_dropout_50,通道丢失 50%,0.542508071014205,0.35235467609949467,3648
119,7271294,random,随机 Top-8,channel_dropout_50,通道丢失 50%,0.6540720150028295,0.4848637096819363,3648
119,7271294,shuffled,打乱原值图,channel_dropout_50,通道丢失 50%,0.6270643964333049,0.45852076196529784,3648
119,7271294,global_mean,零值基线,channel_dropout_50,通道丢失 50%,0.6045748848271866,0.44478843810410534,3648
119,7271294,raw_pearson,原值 Pearson Top-8,rectangle_50,矩形缺失 50%,0.6499908840331288,0.36056698239763385,3672
119,7271294,diff_pearson,一阶差分 Pearson Top-8,rectangle_50,矩形缺失 50%,0.5791330047481074,0.3383576123633066,3672
119,7271294,spearman,Spearman Top-8,rectangle_50,矩形缺失 50%,0.5685727150313532,0.3228518158655613,3672
119,7271294,random,随机 Top-8,rectangle_50,矩形缺失 50%,0.6439679072917361,0.4117588495290284,3672
119,7271294,shuffled,打乱原值图,rectangle_50,矩形缺失 50%,0.5914539212629775,0.34672191474817504,3672
119,7271294,global_mean,零值基线,rectangle_50,矩形缺失 50%,0.6182467527320675,0.39373440704321383,3672
119,7271294,raw_pearson,原值 Pearson Top-8,time_block_50,时间块缺失 50%,0.9074512415185157,0.4298038954786869,3648
119,7271294,diff_pearson,一阶差分 Pearson Top-8,time_block_50,时间块缺失 50%,0.908840481843329,0.43202773279961737,3648
119,7271294,spearman,Spearman Top-8,time_block_50,时间块缺失 50%,0.9096890978854262,0.4325171504267978,3648
119,7271294,random,随机 Top-8,time_block_50,时间块缺失 50%,0.9173808495658621,0.4356648462701893,3648
119,7271294,shuffled,打乱原值图,time_block_50,时间块缺失 50%,0.9162458054063722,0.44160377235673953,3648
119,7271294,global_mean,零值基线,time_block_50,时间块缺失 50%,0.9082050973913494,0.43053077796088546,3648
120,7282891,raw_pearson,原值 Pearson Top-8,channel_dropout_50,通道丢失 50%,0.549900936675812,0.33131204488824195,3648
120,7282891,diff_pearson,一阶差分 Pearson Top-8,channel_dropout_50,通道丢失 50%,0.518753909063996,0.3250600921277339,3648
120,7282891,spearman,Spearman Top-8,channel_dropout_50,通道丢失 50%,0.5090381919153986,0.30688819199988004,3648
120,7282891,random,随机 Top-8,channel_dropout_50,通道丢失 50%,0.6634288822800437,0.43169248620311673,3648
120,7282891,shuffled,打乱原值图,channel_dropout_50,通道丢失 50%,0.6483237333881933,0.4241788791155125,3648
120,7282891,global_mean,零值基线,channel_dropout_50,通道丢失 50%,0.6486329324086433,0.4389820584997723,3648
120,7282891,raw_pearson,原值 Pearson Top-8,rectangle_50,矩形缺失 50%,0.5675938047363142,0.34556254532124303,3672
120,7282891,diff_pearson,一阶差分 Pearson Top-8,rectangle_50,矩形缺失 50%,0.5878570712759266,0.37907808780273095,3672
120,7282891,spearman,Spearman Top-8,rectangle_50,矩形缺失 50%,0.562866123981945,0.335731031716123,3672
120,7282891,random,随机 Top-8,rectangle_50,矩形缺失 50%,0.625374695709314,0.39363187384003123,3672
120,7282891,shuffled,打乱原值图,rectangle_50,矩形缺失 50%,0.6512554207117327,0.43544807591741647,3672
120,7282891,global_mean,零值基线,rectangle_50,矩形缺失 50%,0.6178213814671862,0.4020552732076804,3672
120,7282891,raw_pearson,原值 Pearson Top-8,time_block_50,时间块缺失 50%,0.6150657218744465,0.4005857438627429,3648
120,7282891,diff_pearson,一阶差分 Pearson Top-8,time_block_50,时间块缺失 50%,0.6194125212056828,0.40391966285523595,3648
120,7282891,spearman,Spearman Top-8,time_block_50,时间块缺失 50%,0.619922307131428,0.4042669763689693,3648
120,7282891,random,随机 Top-8,time_block_50,时间块缺失 50%,0.6202138847100337,0.40479548598156495,3648
120,7282891,shuffled,打乱原值图,time_block_50,时间块缺失 50%,0.6312605388549233,0.40899981908965793,3648
120,7282891,global_mean,零值基线,time_block_50,时间块缺失 50%,0.6148327539578959,0.40177058033056884,3648
121,7294487,raw_pearson,原值 Pearson Top-8,channel_dropout_50,通道丢失 50%,0.5457130928786327,0.3056508272208646,3648
121,7294487,diff_pearson,一阶差分 Pearson Top-8,channel_dropout_50,通道丢失 50%,0.5672569901732061,0.3305128266670842,3648
121,7294487,spearman,Spearman Top-8,channel_dropout_50,通道丢失 50%,0.5469001627814905,0.31340838346541977,3648
121,7294487,random,随机 Top-8,channel_dropout_50,通道丢失 50%,0.6323431163866848,0.4102683187577559,3648
121,7294487,shuffled,打乱原值图,channel_dropout_50,通道丢失 50%,0.6382987555888469,0.3954950417830437,3648
121,7294487,global_mean,零值基线,channel_dropout_50,通道丢失 50%,0.6199523705919543,0.39525107782480373,3648
121,7294487,raw_pearson,原值 Pearson Top-8,rectangle_50,矩形缺失 50%,0.5371954099061423,0.3051869185466696,3672
121,7294487,diff_pearson,一阶差分 Pearson Top-8,rectangle_50,矩形缺失 50%,0.5569283138738124,0.3231687950139806,3672
121,7294487,spearman,Spearman Top-8,rectangle_50,矩形缺失 50%,0.5583968280217427,0.3206788104069369,3672
121,7294487,random,随机 Top-8,rectangle_50,矩形缺失 50%,0.606059496022643,0.4026076001096948,3672
121,7294487,shuffled,打乱原值图,rectangle_50,矩形缺失 50%,0.5837832920450566,0.3636207780610774,3672
121,7294487,global_mean,零值基线,rectangle_50,矩形缺失 50%,0.5988758968626343,0.3775401257340701,3672
121,7294487,raw_pearson,原值 Pearson Top-8,time_block_50,时间块缺失 50%,0.5945537423936169,0.37504581199197734,3648
121,7294487,diff_pearson,一阶差分 Pearson Top-8,time_block_50,时间块缺失 50%,0.6015213091645363,0.3805960969922417,3648
121,7294487,spearman,Spearman Top-8,time_block_50,时间块缺失 50%,0.5969749835335426,0.3769887614328477,3648
121,7294487,random,随机 Top-8,time_block_50,时间块缺失 50%,0.6032022439945355,0.38630220198334797,3648
121,7294487,shuffled,打乱原值图,time_block_50,时间块缺失 50%,0.6121728154587516,0.38575704926828924,3648
121,7294487,global_mean,零值基线,time_block_50,时间块缺失 50%,0.5971190060322261,0.3776290496874808,3648
122,7306083,raw_pearson,原值 Pearson Top-8,channel_dropout_50,通道丢失 50%,0.4993628100689576,0.2883961557121756,3648
122,7306083,diff_pearson,一阶差分 Pearson Top-8,channel_dropout_50,通道丢失 50%,0.4887090132801187,0.2911251096211143,3648
122,7306083,spearman,Spearman Top-8,channel_dropout_50,通道丢失 50%,0.476068268804808,0.28140752286524806,3648
122,7306083,random,随机 Top-8,channel_dropout_50,通道丢失 50%,0.5815133796121424,0.3933099291585279,3648
122,7306083,shuffled,打乱原值图,channel_dropout_50,通道丢失 50%,0.6007559311906866,0.38911612353545477,3648
122,7306083,global_mean,零值基线,channel_dropout_50,通道丢失 50%,0.5970417835089448,0.413505393870844,3648
122,7306083,raw_pearson,原值 Pearson Top-8,rectangle_50,矩形缺失 50%,0.6522109532056973,0.3763492335946375,3672
122,7306083,diff_pearson,一阶差分 Pearson Top-8,rectangle_50,矩形缺失 50%,0.6220896964316505,0.3691661579600581,3672
122,7306083,spearman,Spearman Top-8,rectangle_50,矩形缺失 50%,0.6285507959693482,0.36368320771344836,3672
122,7306083,random,随机 Top-8,rectangle_50,矩形缺失 50%,0.6269263244568044,0.409374778699918,3672
122,7306083,shuffled,打乱原值图,rectangle_50,矩形缺失 50%,0.6004252755390486,0.38146383894870184,3672
122,7306083,global_mean,零值基线,rectangle_50,矩形缺失 50%,0.6157904344112286,0.4200402630030625,3672
122,7306083,raw_pearson,原值 Pearson Top-8,time_block_50,时间块缺失 50%,0.6148090762656663,0.41999703422907025,3648
122,7306083,diff_pearson,一阶差分 Pearson Top-8,time_block_50,时间块缺失 50%,0.6195778629604203,0.4241626733878004,3648
122,7306083,spearman,Spearman Top-8,time_block_50,时间块缺失 50%,0.6133017975542803,0.4203972516273657,3648
122,7306083,random,随机 Top-8,time_block_50,时间块缺失 50%,0.6265056442233631,0.4293700993768774,3648
122,7306083,shuffled,打乱原值图,time_block_50,时间块缺失 50%,0.632826727212912,0.4274542684198905,3648
122,7306083,global_mean,零值基线,time_block_50,时间块缺失 50%,0.6136985525526665,0.42073742033284234,3648
123,7317680,raw_pearson,原值 Pearson Top-8,channel_dropout_50,通道丢失 50%,0.5011404088152496,0.27002669959119624,3648
123,7317680,diff_pearson,一阶差分 Pearson Top-8,channel_dropout_50,通道丢失 50%,0.5290070813109329,0.2922941070955996,3648
123,7317680,spearman,Spearman Top-8,channel_dropout_50,通道丢失 50%,0.4789832205495221,0.2553496023757915,3648
123,7317680,random,随机 Top-8,channel_dropout_50,通道丢失 50%,0.7301938091709319,0.4810151995483869,3648
123,7317680,shuffled,打乱原值图,channel_dropout_50,通道丢失 50%,0.6506710250273028,0.4331499623821047,3648
123,7317680,global_mean,零值基线,channel_dropout_50,通道丢失 50%,0.6608976699157426,0.4489852202915612,3648
123,7317680,raw_pearson,原值 Pearson Top-8,rectangle_50,矩形缺失 50%,0.6978887488902126,0.4295935219824158,3672
123,7317680,diff_pearson,一阶差分 Pearson Top-8,rectangle_50,矩形缺失 50%,0.6685978460788861,0.4348512966531545,3672
123,7317680,spearman,Spearman Top-8,rectangle_50,矩形缺失 50%,0.653972451597804,0.41578207659185473,3672
123,7317680,random,随机 Top-8,rectangle_50,矩形缺失 50%,0.6914924845466901,0.46428684281196914,3672
123,7317680,shuffled,打乱原值图,rectangle_50,矩形缺失 50%,0.7004823689314399,0.4929812364861138,3672
123,7317680,global_mean,零值基线,rectangle_50,矩形缺失 50%,0.6940831938831675,0.4892761601274757,3672
123,7317680,raw_pearson,原值 Pearson Top-8,time_block_50,时间块缺失 50%,0.6392693232807429,0.4363050607119098,3648
123,7317680,diff_pearson,一阶差分 Pearson Top-8,time_block_50,时间块缺失 50%,0.6460349211940984,0.4417477237630269,3648
123,7317680,spearman,Spearman Top-8,time_block_50,时间块缺失 50%,0.645949398335291,0.4410001600806322,3648
123,7317680,random,随机 Top-8,time_block_50,时间块缺失 50%,0.645513011731601,0.4410401599963162,3648
123,7317680,shuffled,打乱原值图,time_block_50,时间块缺失 50%,0.6551334995744653,0.43939788474243935,3648
123,7317680,global_mean,零值基线,time_block_50,时间块缺失 50%,0.6405295499416671,0.43785451299027045,3648
124,7329276,raw_pearson,原值 Pearson Top-8,channel_dropout_50,通道丢失 50%,0.8600110504865455,0.36125510017913526,3648
124,7329276,diff_pearson,一阶差分 Pearson Top-8,channel_dropout_50,通道丢失 50%,0.9009075221810139,0.4478654747996019,3648
124,7329276,spearman,Spearman Top-8,channel_dropout_50,通道丢失 50%,0.8505968983541425,0.36973910209391603,3648
124,7329276,random,随机 Top-8,channel_dropout_50,通道丢失 50%,0.7934813046382935,0.4644642257152709,3648
124,7329276,shuffled,打乱原值图,channel_dropout_50,通道丢失 50%,0.9194984516001539,0.4845566363407044,3648
124,7329276,global_mean,零值基线,channel_dropout_50,通道丢失 50%,0.7923953963295952,0.46839591043400314,3648
124,7329276,raw_pearson,原值 Pearson Top-8,rectangle_50,矩形缺失 50%,1.001255647615755,0.3518120067288142,3672
124,7329276,diff_pearson,一阶差分 Pearson Top-8,rectangle_50,矩形缺失 50%,1.0079497068655217,0.3838506697934642,3672
124,7329276,spearman,Spearman Top-8,rectangle_50,矩形缺失 50%,0.980664012892253,0.33795847492196046,3672
124,7329276,random,随机 Top-8,rectangle_50,矩形缺失 50%,1.0544999026493926,0.4923470718780137,3672
124,7329276,shuffled,打乱原值图,rectangle_50,矩形缺失 50%,1.061258286620905,0.4743712845406262,3672
124,7329276,global_mean,零值基线,rectangle_50,矩形缺失 50%,1.0473434139013655,0.4611297490196778,3672
124,7329276,raw_pearson,原值 Pearson Top-8,time_block_50,时间块缺失 50%,1.0518349216688136,0.4738152668444634,3648
124,7329276,diff_pearson,一阶差分 Pearson Top-8,time_block_50,时间块缺失 50%,1.0557332431467574,0.47938975570081055,3648
124,7329276,spearman,Spearman Top-8,time_block_50,时间块缺失 50%,1.0524968367248602,0.47549406901342783,3648
124,7329276,random,随机 Top-8,time_block_50,时间块缺失 50%,1.048053842338233,0.4827674423315218,3648
124,7329276,shuffled,打乱原值图,time_block_50,时间块缺失 50%,1.0614777084301525,0.4810416443558494,3648
124,7329276,global_mean,零值基线,time_block_50,时间块缺失 50%,1.0519601492375623,0.4749621659193209,3648
125,7340872,raw_pearson,原值 Pearson Top-8,channel_dropout_50,通道丢失 50%,0.6132857448257405,0.3111361582959282,3648
125,7340872,diff_pearson,一阶差分 Pearson Top-8,channel_dropout_50,通道丢失 50%,0.502989188658666,0.33362738188134206,3648
125,7340872,spearman,Spearman Top-8,channel_dropout_50,通道丢失 50%,0.4480964966908297,0.26656460889543626,3648
125,7340872,random,随机 Top-8,channel_dropout_50,通道丢失 50%,0.6671667329098925,0.46759495398087886,3648
125,7340872,shuffled,打乱原值图,channel_dropout_50,通道丢失 50%,0.6026259425738005,0.3885828111059811,3648
125,7340872,global_mean,零值基线,channel_dropout_50,通道丢失 50%,0.6117255026631698,0.43194222952141054,3648
125,7340872,raw_pearson,原值 Pearson Top-8,rectangle_50,矩形缺失 50%,0.5915664285102413,0.3546470157260375,3672
125,7340872,diff_pearson,一阶差分 Pearson Top-8,rectangle_50,矩形缺失 50%,0.6021825399305445,0.3728650626484822,3672
125,7340872,spearman,Spearman Top-8,rectangle_50,矩形缺失 50%,0.5773745658531986,0.3447189461555383,3672
125,7340872,random,随机 Top-8,rectangle_50,矩形缺失 50%,0.7146401864375501,0.4790236684908169,3672
125,7340872,shuffled,打乱原值图,rectangle_50,矩形缺失 50%,0.6411745497266851,0.4045585364011837,3672
125,7340872,global_mean,零值基线,rectangle_50,矩形缺失 50%,0.6509103322315741,0.4382200109642788,3672
125,7340872,raw_pearson,原值 Pearson Top-8,time_block_50,时间块缺失 50%,0.6494421240176722,0.44461431796141193,3648
125,7340872,diff_pearson,一阶差分 Pearson Top-8,time_block_50,时间块缺失 50%,0.6545788377032783,0.45012835183104566,3648
125,7340872,spearman,Spearman Top-8,time_block_50,时间块缺失 50%,0.6544121062913937,0.4485766866449204,3648
125,7340872,random,随机 Top-8,time_block_50,时间块缺失 50%,0.6550957779720068,0.45169891772153037,3648
125,7340872,shuffled,打乱原值图,time_block_50,时间块缺失 50%,0.6636627127748378,0.45121116196096644,3648
125,7340872,global_mean,零值基线,time_block_50,时间块缺失 50%,0.6493238109094117,0.445574418126805,3648
126,7352469,raw_pearson,原值 Pearson Top-8,channel_dropout_50,通道丢失 50%,0.9253308073021328,0.4096656128777647,3648
126,7352469,diff_pearson,一阶差分 Pearson Top-8,channel_dropout_50,通道丢失 50%,0.879882823736856,0.3639590383197392,3648
126,7352469,spearman,Spearman Top-8,channel_dropout_50,通道丢失 50%,0.9318125984277373,0.4129973518187895,3648
126,7352469,random,随机 Top-8,channel_dropout_50,通道丢失 50%,0.7468413155979071,0.5080285958236166,3648
126,7352469,shuffled,打乱原值图,channel_dropout_50,通道丢失 50%,0.9469886771397731,0.4487180916814673,3648
126,7352469,global_mean,零值基线,channel_dropout_50,通道丢失 50%,0.6950693029300018,0.49942664697731454,3648
126,7352469,raw_pearson,原值 Pearson Top-8,rectangle_50,矩形缺失 50%,0.8043007395328483,0.3729829490718002,3672
126,7352469,diff_pearson,一阶差分 Pearson Top-8,rectangle_50,矩形缺失 50%,0.8114380231000898,0.38699881072800646,3672
126,7352469,spearman,Spearman Top-8,rectangle_50,矩形缺失 50%,0.7946557535343385,0.3542852033328033,3672
126,7352469,random,随机 Top-8,rectangle_50,矩形缺失 50%,0.684948155311185,0.4505532426953101,3672
126,7352469,shuffled,打乱原值图,rectangle_50,矩形缺失 50%,0.8309102544428077,0.4050669516352714,3672
126,7352469,global_mean,零值基线,rectangle_50,矩形缺失 50%,0.6375293082479405,0.4337487633814607,3672
126,7352469,raw_pearson,原值 Pearson Top-8,time_block_50,时间块缺失 50%,0.6599587454365221,0.4534923279474502,3648
126,7352469,diff_pearson,一阶差分 Pearson Top-8,time_block_50,时间块缺失 50%,0.6672315637032901,0.46057406839926096,3648
126,7352469,spearman,Spearman Top-8,time_block_50,时间块缺失 50%,0.6665017894550292,0.458340863324133,3648
126,7352469,random,随机 Top-8,time_block_50,时间块缺失 50%,0.666724932689008,0.46110588764274474,3648
126,7352469,shuffled,打乱原值图,time_block_50,时间块缺失 50%,0.6742658985653028,0.4590375260223089,3648
126,7352469,global_mean,零值基线,time_block_50,时间块缺失 50%,0.6618197610994333,0.45542623152382394,3648
127,7364065,raw_pearson,原值 Pearson Top-8,channel_dropout_50,通道丢失 50%,0.5916884657893633,0.33745580362145183,3648
127,7364065,diff_pearson,一阶差分 Pearson Top-8,channel_dropout_50,通道丢失 50%,0.5936271634615844,0.35250599643932234,3648
127,7364065,spearman,Spearman Top-8,channel_dropout_50,通道丢失 50%,0.51559180338907,0.2889632397924238,3648
127,7364065,random,随机 Top-8,channel_dropout_50,通道丢失 50%,0.6638653544371552,0.44418925963326766,3648
127,7364065,shuffled,打乱原值图,channel_dropout_50,通道丢失 50%,0.6534643103836213,0.4217835202741396,3648
127,7364065,global_mean,零值基线,channel_dropout_50,通道丢失 50%,0.6500814653788387,0.4232359704785363,3648
127,7364065,raw_pearson,原值 Pearson Top-8,rectangle_50,矩形缺失 50%,0.5474618368558194,0.36147145273365583,3672
127,7364065,diff_pearson,一阶差分 Pearson Top-8,rectangle_50,矩形缺失 50%,0.6018877188904956,0.41685439974522387,3672
127,7364065,spearman,Spearman Top-8,rectangle_50,矩形缺失 50%,0.5971190780823189,0.3733826477396775,3672
127,7364065,random,随机 Top-8,rectangle_50,矩形缺失 50%,0.6467152015956589,0.4468457414085029,3672
127,7364065,shuffled,打乱原值图,rectangle_50,矩形缺失 50%,0.6122142686522942,0.42668068888118066,3672
127,7364065,global_mean,零值基线,rectangle_50,矩形缺失 50%,0.6188210053813232,0.43729600927471474,3672
127,7364065,raw_pearson,原值 Pearson Top-8,time_block_50,时间块缺失 50%,0.6331322062302566,0.43561256933046427,3648
127,7364065,diff_pearson,一阶差分 Pearson Top-8,time_block_50,时间块缺失 50%,0.6391657710520993,0.4422842900855411,3648
127,7364065,spearman,Spearman Top-8,time_block_50,时间块缺失 50%,0.6382138054035464,0.44006662644146227,3648
127,7364065,random,随机 Top-8,time_block_50,时间块缺失 50%,0.6390502562185589,0.4436234296504062,3648
127,7364065,shuffled,打乱原值图,time_block_50,时间块缺失 50%,0.6472376862406118,0.44272497188747356,3648
127,7364065,global_mean,零值基线,time_block_50,时间块缺失 50%,0.6343535789796777,0.43722596643922435,3648
